{"type": "FeatureCollection", "features": [{"type": "Feature", "geometry": {"type": "LineString", "coordinates": [[-82.5798, 35.65755], [-82.58064, 35.65233], [-82.58113, 35.65025], [-82.58115, 35.6495], [-82.58074, 35.64696], [-82.58012, 35.64514], [-82.57898, 35.64102], [-82.57865, 35.64001]]}, "properties": {"id": "tims-713246", "tims_id": 713246, "road_name": "US-25 (Weaverville Road)", "road": "US-25", "common_name": "Weaverville Road", "county": "Buncombe", "closed_at": "2024-09-25T22:20:00Z", "reopened_at": "2024-10-02T22:15:03.329000Z", "est_end_at": "2024-10-10T16:00:00Z", "last_update_at": "2024-09-30T19:20:03Z", "condition": "Road Closed", "description": "The road is closed from Senator Reynolds Road to Baird Cove Road.  Motorists are advised to use I-26 to bypass this area.", "location": "In Woodfin / Mile Marker 0 to 0 Both Directions", "severity": 3, "is_full_closure": null, "geom_kind": "line", "feed_status": "historical", "provenance": "real: NCDOT TIMS via ArcGIS FeatureServer", "source_url": "https://services.arcgis.com/NuWFvHYDMVmmxMeM/arcgis/rest/services/State_Maintained_Historical_TIMS_Incidents_Hurricane_Helene/FeatureServer/1"}}, {"type": "Feature", "geometry": {"type": "LineString", "coordinates": [[-82.35586, 35.37148], [-82.35502, 35.37229], [-82.35339, 35.3732], [-82.35083, 35.37447], [-82.34978, 35.37498], [-82.34915, 35.37555], [-82.34824, 35.37631], [-82.34813, 35.37642], [-82.34751, 35.37649], [-82.3472, 35.37662], [-82.347, 35.37681], [-82.3467, 35.37743], [-82.34632, 35.37793], [-82.3458, 35.37813], [-82.34526, 35.37854], [-82.34504, 35.37882], [-82.34463, 35.37915], [-82.34414, 35.37951], [-82.34325, 35.38006], [-82.34259, 35.38038], [-82.34099, 35.38099], [-82.34076, 35.38121], [-82.34063, 35.38139], [-82.34054, 35.38208], [-82.34053, 35.38236], [-82.34054, 35.38251], [-82.34038, 35.38269]]}, "properties": {"id": "tims-713272", "tims_id": 713272, "road_name": "SR-1861 (N Ridge Rd)", "road": "SR-1861", "common_name": "N Ridge Rd", "county": "Henderson", "closed_at": "2024-09-26T01:48:00Z", "reopened_at": "2024-09-26T12:00:03.651000Z", "est_end_at": "2024-09-26T12:00:00Z", "last_update_at": "2024-09-26T01:53:28Z", "condition": "Road Closed", "description": "The road is closed near Laycock Rd.", "location": "Near Hendersonville / Both Directions", "severity": 3, "is_full_closure": null, "geom_kind": "line", "feed_status": "historical", "provenance": "real: NCDOT TIMS via ArcGIS FeatureServer", "source_url": "https://services.arcgis.com/NuWFvHYDMVmmxMeM/arcgis/rest/services/State_Maintained_Historical_TIMS_Incidents_Hurricane_Helene/FeatureServer/1"}}, {"type": "Feature", "geometry": {"type": "LineString", "coordinates": [[-82.35804, 35.38349], [-82.35583, 35.38539]]}, "properties": {"id": "tims-713271", "tims_id": 713271, "road_name": "US-64 (Chimney Rock Road)", "road": "US-64", "common_name": "Chimney Rock Road", "county": "Henderson", "closed_at": "2024-09-26T01:48:00Z", "reopened_at": "2024-09-26T15:20:03.016000Z", "est_end_at": "2024-09-29T16:00:00Z", "last_update_at": "2024-09-26T12:17:40Z", "condition": "Road Closed", "description": "The road is closed near Pressley Road.", "location": "East of Hendersonville / Both Directions", "severity": 3, "is_full_closure": null, "geom_kind": "line", "feed_status": "historical", "provenance": "real: NCDOT TIMS via ArcGIS FeatureServer", "source_url": "https://services.arcgis.com/NuWFvHYDMVmmxMeM/arcgis/rest/services/State_Maintained_Historical_TIMS_Incidents_Hurricane_Helene/FeatureServer/1"}}, {"type": "Feature", "geometry": {"type": "LineString", "coordinates": [[-82.34119, 35.39343], [-82.34111, 35.39319], [-82.34117, 35.39266], [-82.34164, 35.3904], [-82.3416, 35.38991], [-82.34094, 35.3886], [-82.34094, 35.3882], [-82.34089, 35.38754], [-82.34049, 35.38631], [-82.34034, 35.3858], [-82.34044, 35.38335], [-82.34044, 35.38303], [-82.34012, 35.38242], [-82.33969, 35.3819], [-82.33795, 35.38046], [-82.33774, 35.38016], [-82.3377, 35.37976], [-82.33791, 35.37794], [-82.33784, 35.37761], [-82.33783, 35.37574], [-82.33839, 35.37447], [-82.33933, 35.3733], [-82.33947, 35.37284], [-82.33947, 35.37253], [-82.33895, 35.36944], [-82.33903, 35.36925], [-82.34068, 35.36767], [-82.34168, 35.36658], [-82.34196, 35.36614], [-82.34253, 35.364]]}, "properties": {"id": "tims-713273", "tims_id": 713273, "road_name": "SR-1722 (Pilot Mountain Rd)", "road": "SR-1722", "common_name": "Pilot Mountain Rd", "county": "Henderson", "closed_at": "2024-09-26T01:53:00Z", "reopened_at": "2024-09-26T12:00:03.651000Z", "est_end_at": "2024-09-26T12:00:00Z", "last_update_at": "2024-09-26T01:57:22Z", "condition": "Road Closed", "description": "The road is closed near US 64 (Chimney Rock Rd).", "location": "Near Hendersonville / Both Directions", "severity": 3, "is_full_closure": null, "geom_kind": "line", "feed_status": "historical", "provenance": "real: NCDOT TIMS via ArcGIS FeatureServer", "source_url": "https://services.arcgis.com/NuWFvHYDMVmmxMeM/arcgis/rest/services/State_Maintained_Historical_TIMS_Incidents_Hurricane_Helene/FeatureServer/1"}}, {"type": "Feature", "geometry": {"type": "LineString", "coordinates": [[-82.54641, 35.38681], [-82.54576, 35.38735], [-82.54554, 35.38817]]}, "properties": {"id": "tims-713274", "tims_id": 713274, "road_name": "SR-1353 (Hooper Lane)", "road": "SR-1353", "common_name": "Hooper Lane", "county": "Henderson", "closed_at": "2024-09-26T01:56:00Z", "reopened_at": "2024-10-30T12:20:04.443000Z", "est_end_at": "2024-10-31T16:00:00Z", "last_update_at": "2024-10-14T18:34:15Z", "condition": "Road Closed", "description": "The road is closed between Town Center Drive and Jeffress Road.", "location": "Near Mills River / Both Directions", "severity": 2, "is_full_closure": null, "geom_kind": "line", "feed_status": "historical", "provenance": "real: NCDOT TIMS via ArcGIS FeatureServer", "source_url": "https://services.arcgis.com/NuWFvHYDMVmmxMeM/arcgis/rest/services/State_Maintained_Historical_TIMS_Incidents_Hurricane_Helene/FeatureServer/1"}}, {"type": "Feature", "geometry": {"type": "LineString", "coordinates": [[-82.6328, 35.63577], [-82.63152, 35.63554], [-82.63, 35.63479], [-82.62942, 35.63466], [-82.62877, 35.63475], [-82.6269, 35.63522], [-82.62631, 35.63527], [-82.62412, 35.63526], [-82.62349, 35.63506], [-82.62297, 35.63448], [-82.62242, 35.63401], [-82.62174, 35.63356], [-82.62074, 35.63316]]}, "properties": {"id": "tims-713275", "tims_id": 713275, "road_name": "SR-1002 (Old Leicester Hwy.)", "road": "SR-1002", "common_name": "Old Leicester Hwy.", "county": "Buncombe", "closed_at": "2024-09-26T02:29:00Z", "reopened_at": "2024-09-26T09:30:02.623000Z", "est_end_at": "2024-09-28T16:00:00Z", "last_update_at": "2024-09-26T02:32:59Z", "condition": "Road Impassable", "description": "The road is impassable at Pleasant Run.", "location": "Near Woodfin / Both Directions", "severity": 2, "is_full_closure": null, "geom_kind": "line", "feed_status": "historical", "provenance": "real: NCDOT TIMS via ArcGIS FeatureServer", "source_url": "https://services.arcgis.com/NuWFvHYDMVmmxMeM/arcgis/rest/services/State_Maintained_Historical_TIMS_Incidents_Hurricane_Helene/FeatureServer/1"}}, {"type": "Feature", "geometry": {"type": "LineString", "coordinates": [[-82.53015, 35.30584], [-82.53099, 35.30607], [-82.5301, 35.30584], [-82.52942, 35.30556], [-82.53016, 35.30588]]}, "properties": {"id": "tims-713281", "tims_id": 713281, "road_name": "SR-1171 (Hebron Road)", "road": "SR-1171", "common_name": "Hebron Road", "county": "Henderson", "closed_at": "2024-09-26T03:49:00Z", "reopened_at": "2024-10-30T12:20:04.443000Z", "est_end_at": "2024-10-31T16:00:00Z", "last_update_at": "2024-10-10T14:00:10Z", "condition": "Road Impassable", "description": "The road is impassable at Ralphs Rock Ridge Road.", "location": "Near Laurel Park / Both Directions", "severity": 2, "is_full_closure": null, "geom_kind": "line", "feed_status": "historical", "provenance": "real: NCDOT TIMS via ArcGIS FeatureServer", "source_url": "https://services.arcgis.com/NuWFvHYDMVmmxMeM/arcgis/rest/services/State_Maintained_Historical_TIMS_Incidents_Hurricane_Helene/FeatureServer/1"}}, {"type": "Feature", "geometry": {"type": "LineString", "coordinates": [[-82.49956, 35.42037], [-82.49934, 35.42126], [-82.49932, 35.42182], [-82.4994, 35.42234], [-82.49947, 35.42261], [-82.49986, 35.42395], [-82.50065, 35.42513], [-82.50101, 35.42612], [-82.50131, 35.42757], [-82.50148, 35.42785], [-82.50169, 35.42801]]}, "properties": {"id": "tims-713282", "tims_id": 713282, "road_name": "SR-1006 (Howard Gap Road)", "road": "SR-1006", "common_name": "Howard Gap Road", "county": "Henderson", "closed_at": "2024-09-26T03:59:00Z", "reopened_at": "2024-10-30T12:30:03.932000Z", "est_end_at": "2024-10-31T16:00:00Z", "last_update_at": "2024-10-14T18:35:14Z", "condition": "Road Impassable", "description": "The road is impassable between Jackson Road and US 25.", "location": "In Fletcher / Both Directions", "severity": 2, "is_full_closure": null, "geom_kind": "line", "feed_status": "historical", "provenance": "real: NCDOT TIMS via ArcGIS FeatureServer", "source_url": "https://services.arcgis.com/NuWFvHYDMVmmxMeM/arcgis/rest/services/State_Maintained_Historical_TIMS_Incidents_Hurricane_Helene/FeatureServer/1"}}, {"type": "Feature", "geometry": {"type": "LineString", "coordinates": [[-82.48201, 35.42444], [-82.48153, 35.42445], [-82.48228, 35.4244], [-82.48253, 35.42439], [-82.48284, 35.42432], [-82.48241, 35.42441], [-82.48203, 35.42444]]}, "properties": {"id": "tims-713283", "tims_id": 713283, "road_name": "SR-1539 (Jackson Road)", "road": "SR-1539", "common_name": "Jackson Road", "county": "Henderson", "closed_at": "2024-09-26T04:04:00Z", "reopened_at": "2024-09-26T20:45:02.826000Z", "est_end_at": "2024-09-29T16:00:00Z", "last_update_at": "2024-09-26T12:10:49Z", "condition": "Road Impassable", "description": "The road is impassable at Blue Ridge Drive.", "location": "Near Fletcher / Both Directions", "severity": 2, "is_full_closure": null, "geom_kind": "line", "feed_status": "historical", "provenance": "real: NCDOT TIMS via ArcGIS FeatureServer", "source_url": "https://services.arcgis.com/NuWFvHYDMVmmxMeM/arcgis/rest/services/State_Maintained_Historical_TIMS_Incidents_Hurricane_Helene/FeatureServer/1"}}, {"type": "Feature", "geometry": {"type": "LineString", "coordinates": [[-82.42885, 35.30856], [-82.42803, 35.30941], [-82.42886, 35.30856], [-82.42906, 35.30833], [-82.42924, 35.30801], [-82.42945, 35.30729], [-82.42922, 35.30801], [-82.42904, 35.30833], [-82.42886, 35.30857]]}, "properties": {"id": "tims-713284", "tims_id": 713284, "road_name": "SR-1779 (Airport Road)", "road": "SR-1779", "common_name": "Airport Road", "county": "Henderson", "closed_at": "2024-09-26T05:58:00Z", "reopened_at": "2024-10-30T12:30:03.932000Z", "est_end_at": "2024-10-31T16:00:00Z", "last_update_at": "2024-10-14T18:36:07Z", "condition": "Road Impassable", "description": "The road is impassable at College Drive.", "location": "Near Flat Rock / Both Directions", "severity": 2, "is_full_closure": null, "geom_kind": "line", "feed_status": "historical", "provenance": "real: NCDOT TIMS via ArcGIS FeatureServer", "source_url": "https://services.arcgis.com/NuWFvHYDMVmmxMeM/arcgis/rest/services/State_Maintained_Historical_TIMS_Incidents_Hurricane_Helene/FeatureServer/1"}}, {"type": "Feature", "geometry": {"type": "LineString", "coordinates": [[-82.43099, 35.31261], [-82.43538, 35.31175], [-82.43588, 35.31158], [-82.43785, 35.3106]]}, "properties": {"id": "tims-713285", "tims_id": 713285, "road_name": "SR-1757 (New Hope Road)", "road": "SR-1757", "common_name": "New Hope Road", "county": "Henderson", "closed_at": "2024-09-26T06:00:00Z", "reopened_at": "2024-10-30T12:30:03.932000Z", "est_end_at": "2024-10-31T16:00:00Z", "last_update_at": "2024-10-14T18:36:33Z", "condition": "Road Impassable", "description": "The road is impassable between Duncan Road and Powell Street.", "location": "Near Barker Heights / Both Directions", "severity": 2, "is_full_closure": null, "geom_kind": "line", "feed_status": "historical", "provenance": "real: NCDOT TIMS via ArcGIS FeatureServer", "source_url": "https://services.arcgis.com/NuWFvHYDMVmmxMeM/arcgis/rest/services/State_Maintained_Historical_TIMS_Incidents_Hurricane_Helene/FeatureServer/1"}}, {"type": "Feature", "geometry": {"type": "LineString", "coordinates": [[-82.45868, 35.30738], [-82.45882, 35.30785]]}, "properties": {"id": "tims-713286", "tims_id": 713286, "road_name": "NC-225 (South Main Street)", "road": "NC-225", "common_name": "South Main Street", "county": "Henderson", "closed_at": "2024-09-26T06:16:00Z", "reopened_at": "2024-12-12T14:40:03.775000Z", "est_end_at": "2024-12-20T17:00:00Z", "last_update_at": "2024-11-25T17:12:11Z", "condition": "Road Impassable", "description": "The road is impassible between NC 225 (South Main Street) and US 176 (Spartanburg Highway).", "location": "Near Hendersonville / Both Directions", "severity": 3, "is_full_closure": null, "geom_kind": "line", "feed_status": "historical", "provenance": "real: NCDOT TIMS via ArcGIS FeatureServer", "source_url": "https://services.arcgis.com/NuWFvHYDMVmmxMeM/arcgis/rest/services/State_Maintained_Historical_TIMS_Incidents_Hurricane_Helene/FeatureServer/1"}}, {"type": "Feature", "geometry": {"type": "LineString", "coordinates": [[-82.46377, 35.35314], [-82.46425, 35.35267]]}, "properties": {"id": "tims-713288", "tims_id": 713288, "road_name": "SR-1508 (Balfour Road)", "road": "SR-1508", "common_name": "Balfour Road", "county": "Henderson", "closed_at": "2024-09-26T06:27:00Z", "reopened_at": "2024-10-30T12:30:03.932000Z", "est_end_at": "2024-10-31T16:00:00Z", "last_update_at": "2024-10-14T18:37:16Z", "condition": "Road Impassable", "description": "The road is impassable at Capps Road.", "location": "Near Balfour / Both Directions", "severity": 2, "is_full_closure": null, "geom_kind": "line", "feed_status": "historical", "provenance": "real: NCDOT TIMS via ArcGIS FeatureServer", "source_url": "https://services.arcgis.com/NuWFvHYDMVmmxMeM/arcgis/rest/services/State_Maintained_Historical_TIMS_Incidents_Hurricane_Helene/FeatureServer/1"}}, {"type": "Feature", "geometry": {"type": "LineString", "coordinates": [[-82.44452, 35.32902], [-82.44694, 35.32978], [-82.44456, 35.32897], [-82.44094, 35.32867], [-82.44458, 35.32904]]}, "properties": {"id": "tims-713291", "tims_id": 713291, "road_name": "SR-1793 (Tracy Grove Road)", "road": "SR-1793", "common_name": "Tracy Grove Road", "county": "Henderson", "closed_at": "2024-09-26T09:37:00Z", "reopened_at": "2024-10-30T12:30:03.932000Z", "est_end_at": "2024-10-31T16:00:00Z", "last_update_at": "2024-10-14T18:37:41Z", "condition": "Road Impassable", "description": "The road is impassable at Dana Road.", "location": "Near Hendersonville / Both Directions", "severity": 2, "is_full_closure": null, "geom_kind": "line", "feed_status": "historical", "provenance": "real: NCDOT TIMS via ArcGIS FeatureServer", "source_url": "https://services.arcgis.com/NuWFvHYDMVmmxMeM/arcgis/rest/services/State_Maintained_Historical_TIMS_Incidents_Hurricane_Helene/FeatureServer/1"}}, {"type": "Feature", "geometry": {"type": "LineString", "coordinates": [[-82.21336, 35.90961], [-82.21336, 35.90987], [-82.21321, 35.91001], [-82.21273, 35.91033], [-82.21239, 35.91093], [-82.21222, 35.91111], [-82.21166, 35.91142], [-82.21132, 35.91173], [-82.21113, 35.91219], [-82.21108, 35.91283], [-82.21132, 35.91326], [-82.21151, 35.91378], [-82.21239, 35.91384], [-82.21331, 35.91406], [-82.21349, 35.91424], [-82.21381, 35.91488], [-82.21306, 35.91601], [-82.21254, 35.91672], [-82.21276, 35.91756]]}, "properties": {"id": "tims-713293", "tims_id": 713293, "road_name": "SR-1307 (Wyatt Town Rd)", "road": "SR-1307", "common_name": "Wyatt Town Rd", "county": "Yancey", "closed_at": "2024-09-26T09:53:00Z", "reopened_at": "2024-12-13T13:00:06.177000Z", "est_end_at": "2025-01-31T17:00:00Z", "last_update_at": "2024-12-12T17:50:25Z", "condition": "Road Impassable", "description": "Flooding from storm event.", "location": "Near Burnsville / Both Directions", "severity": 3, "is_full_closure": null, "geom_kind": "line", "feed_status": "historical", "provenance": "real: NCDOT TIMS via ArcGIS FeatureServer", "source_url": "https://services.arcgis.com/NuWFvHYDMVmmxMeM/arcgis/rest/services/State_Maintained_Historical_TIMS_Incidents_Hurricane_Helene/FeatureServer/1"}}, {"type": "Feature", "geometry": {"type": "LineString", "coordinates": [[-82.27502, 36.00413], [-82.27455, 36.00655], [-82.27427, 36.00747], [-82.27374, 36.00844], [-82.2735, 36.01042], [-82.27339, 36.01092], [-82.27303, 36.01143], [-82.27217, 36.01212], [-82.27157, 36.01247], [-82.27075, 36.01283], [-82.26985, 36.01335], [-82.26921, 36.01417], [-82.26865, 36.0145], [-82.2685, 36.01474], [-82.26865, 36.0154], [-82.26889, 36.01569], [-82.26972, 36.01627], [-82.26999, 36.01659], [-82.27022, 36.01733], [-82.27041, 36.01773], [-82.27063, 36.01794], [-82.27106, 36.01816], [-82.27203, 36.01856], [-82.27421, 36.01993], [-82.2753, 36.02087], [-82.27631, 36.02182], [-82.27781, 36.02309], [-82.28053, 36.02508], [-82.28151, 36.02574], [-82.28285, 36.02619], [-82.28872, 36.02772], [-82.2916, 36.02901], [-82.29289, 36.03005], [-82.29443, 36.03189], [-82.29522, 36.03293], [-82.29552, 36.03373], [-82.29655, 36.03518], [-82.29569, 36.03577]]}, "properties": {"id": "tims-713298", "tims_id": 713298, "road_name": "SR-1338 (Toe River Rd)", "road": "SR-1338", "common_name": "Toe River Rd", "county": "Yancey", "closed_at": "2024-09-26T09:59:00Z", "reopened_at": "2025-06-11T15:00:05.212000Z", "est_end_at": "2025-06-30T21:00:00Z", "last_update_at": "2025-05-27T12:50:42Z", "condition": "Road Closed", "description": "Flooding from storm event. Closed from Jacks Creek Rd to Mitchell County line.", "location": "North of Burnsville / Both Directions", "severity": 3, "is_full_closure": null, "geom_kind": "line", "feed_status": "historical", "provenance": "real: NCDOT TIMS via ArcGIS FeatureServer", "source_url": "https://services.arcgis.com/NuWFvHYDMVmmxMeM/arcgis/rest/services/State_Maintained_Historical_TIMS_Incidents_Hurricane_Helene/FeatureServer/1"}}, {"type": "Feature", "geometry": {"type": "LineString", "coordinates": [[-82.42004, 35.36802], [-82.42026, 35.36824], [-82.42033, 35.36831], [-82.42039, 35.36848], [-82.42043, 35.36871], [-82.42048, 35.36895], [-82.42052, 35.36908]]}, "properties": {"id": "tims-713297", "tims_id": 713297, "road_name": "SR-1582 (Lancaster Road)", "road": "SR-1582", "common_name": "Lancaster Road", "county": "Henderson", "closed_at": "2024-09-26T10:00:00Z", "reopened_at": "2024-09-26T20:10:02.948000Z", "est_end_at": "2024-09-29T16:00:00Z", "last_update_at": "2024-09-26T12:14:55Z", "condition": "Road Closed", "description": "The road is closed near Fruitland Road, due to high water.", "location": "East of Hendersonville / Both Directions", "severity": 1, "is_full_closure": null, "geom_kind": "line", "feed_status": "historical", "provenance": "real: NCDOT TIMS via ArcGIS FeatureServer", "source_url": "https://services.arcgis.com/NuWFvHYDMVmmxMeM/arcgis/rest/services/State_Maintained_Historical_TIMS_Incidents_Hurricane_Helene/FeatureServer/1"}}, {"type": "Feature", "geometry": {"type": "LineString", "coordinates": [[-82.20905, 35.9789], [-82.20909, 35.98032], [-82.20862, 35.98098], [-82.20784, 35.98143], [-82.2075, 35.98213], [-82.20746, 35.98362], [-82.20754, 35.98418], [-82.20776, 35.98477], [-82.20686, 35.98536], [-82.20686, 35.98675], [-82.206, 35.98828], [-82.20531, 35.98914], [-82.20508, 35.99055], [-82.20323, 35.99111], [-82.20317, 35.99147], [-82.20336, 35.99255], [-82.20314, 35.99334], [-82.20274, 35.99364], [-82.20169, 35.99369], [-82.20081, 35.9935], [-82.19941, 35.99265], [-82.19911, 35.99206], [-82.19774, 35.99161], [-82.19735, 35.99168], [-82.19795, 35.99253], [-82.19799, 35.99463], [-82.19853, 35.99564], [-82.20038, 35.99709], [-82.20132, 35.99817], [-82.20317, 36.0006], [-82.20441, 36.00242], [-82.20475, 36.00348], [-82.20488, 36.00524], [-82.20458, 36.0061], [-82.20385, 36.00647], [-82.20332, 36.0065], [-82.20244, 36.00682], [-82.20108, 36.00687], [-82.1996, 36.00631], [-82.19926, 36.00628], [-82.19913, 36.00569], [-82.1989, 36.00546], [-82.19847, 36.00402], [-82.19827, 36.00367], [-82.19804, 36.00354], [-82.19776, 36.00294], [-82.19626, 36.00142], [-82.19546, 36.00091], [-82.19471, 36.00079], [-82.19407, 36.0011], [-82.19375, 36.00159], [-82.19366, 36.00242], [-82.19355, 36.00472]]}, "properties": {"id": "tims-713302", "tims_id": 713302, "road_name": "SR-1314 (Roses Branch Rd)", "road": "SR-1314", "common_name": "Roses Branch Rd", "county": "Yancey", "closed_at": "2024-09-26T10:12:00Z", "reopened_at": "2024-12-13T13:10:06.797000Z", "est_end_at": "2025-01-31T17:00:00Z", "last_update_at": "2024-12-12T17:49:03Z", "condition": "Road Closed", "description": "Flooding from storm event.", "location": "Near Burnsville / Both Directions", "severity": 3, "is_full_closure": null, "geom_kind": "line", "feed_status": "historical", "provenance": "real: NCDOT TIMS via ArcGIS FeatureServer", "source_url": "https://services.arcgis.com/NuWFvHYDMVmmxMeM/arcgis/rest/services/State_Maintained_Historical_TIMS_Incidents_Hurricane_Helene/FeatureServer/1"}}, {"type": "Feature", "geometry": {"type": "LineString", "coordinates": [[-82.48463, 35.47401], [-82.48289, 35.47151], [-82.48229, 35.46989], [-82.4822, 35.46798], [-82.48208, 35.46589], [-82.48199, 35.46446], [-82.48167, 35.46343], [-82.48075, 35.46226], [-82.47997, 35.46102], [-82.47987, 35.45934], [-82.48004, 35.45768], [-82.47963, 35.45679], [-82.47888, 35.45574]]}, "properties": {"id": "tims-713301", "tims_id": 713301, "road_name": "SR-3116 (Mills Gap Road)", "road": "SR-3116", "common_name": "Mills Gap Road", "county": "Buncombe", "closed_at": "2024-09-26T10:15:00Z", "reopened_at": "2024-10-09T14:00:12.001000Z", "est_end_at": "2024-10-10T16:00:00Z", "last_update_at": "2024-09-30T13:51:24Z", "condition": "Road Closed", "description": "The road is closed near Lower Christ School Road.", "location": "Near Arden / Both Directions", "severity": 1, "is_full_closure": null, "geom_kind": "line", "feed_status": "historical", "provenance": "real: NCDOT TIMS via ArcGIS FeatureServer", "source_url": "https://services.arcgis.com/NuWFvHYDMVmmxMeM/arcgis/rest/services/State_Maintained_Historical_TIMS_Incidents_Hurricane_Helene/FeatureServer/1"}}, {"type": "Feature", "geometry": {"type": "LineString", "coordinates": [[-82.20447, 35.95497], [-82.20327, 35.95529], [-82.20292, 35.9557], [-82.20228, 35.95595], [-82.20116, 35.95626], [-82.19992, 35.95699], [-82.19923, 35.95706], [-82.19893, 35.95695], [-82.19893, 35.95664], [-82.19795, 35.95643], [-82.1973, 35.95668], [-82.19692, 35.95647], [-82.19614, 35.95671], [-82.19417, 35.95616], [-82.19468, 35.9555], [-82.19606, 35.95491], [-82.197, 35.95431], [-82.19722, 35.95393], [-82.19777, 35.95362], [-82.19799, 35.95306], [-82.19807, 35.95167], [-82.19722, 35.95108], [-82.19666, 35.95088], [-82.19584, 35.95094], [-82.19434, 35.95042], [-82.19292, 35.94942]]}, "properties": {"id": "tims-713304", "tims_id": 713304, "road_name": "SR-1311 (Lower Doe Bag Rd)", "road": "SR-1311", "common_name": "Lower Doe Bag Rd", "county": "Yancey", "closed_at": "2024-09-26T10:19:00Z", "reopened_at": "2024-12-13T13:10:06.797000Z", "est_end_at": "2025-01-31T17:00:00Z", "last_update_at": "2024-12-12T17:47:45Z", "condition": "Road Closed", "description": "Flooding from storm event.", "location": "Near Burnsville / Both Directions", "severity": 3, "is_full_closure": null, "geom_kind": "line", "feed_status": "historical", "provenance": "real: NCDOT TIMS via ArcGIS FeatureServer", "source_url": "https://services.arcgis.com/NuWFvHYDMVmmxMeM/arcgis/rest/services/State_Maintained_Historical_TIMS_Incidents_Hurricane_Helene/FeatureServer/1"}}, {"type": "Feature", "geometry": {"type": "LineString", "coordinates": [[-82.5885, 35.56597], [-82.58764, 35.56635], [-82.58572, 35.56675], [-82.58371, 35.56687], [-82.58167, 35.56688], [-82.58259, 35.56708], [-82.58499, 35.56755], [-82.58567, 35.5676], [-82.58497, 35.56754], [-82.58109, 35.56679], [-82.58023, 35.56665], [-82.57849, 35.56646], [-82.57598, 35.56639], [-82.57427, 35.56656], [-82.57141, 35.56704], [-82.56961, 35.56745], [-82.56664, 35.56798], [-82.56559, 35.56827], [-82.56467, 35.56868], [-82.56414, 35.56881], [-82.56287, 35.56869]]}, "properties": {"id": "tims-713307", "tims_id": 713307, "road_name": "SR-3556 (Amboy Road)", "road": "SR-3556", "common_name": "Amboy Road", "county": "Buncombe", "closed_at": "2024-09-26T10:21:00Z", "reopened_at": "2024-10-15T23:50:04.482000Z", "est_end_at": "2024-10-31T16:00:00Z", "last_update_at": "2024-10-09T13:33:00Z", "condition": "Road Closed", "description": "Amboy Road is closed between I-240 and Meadow Road, due to flooding.", "location": "In Asheville / Both Directions", "severity": 2, "is_full_closure": null, "geom_kind": "line", "feed_status": "historical", "provenance": "real: NCDOT TIMS via ArcGIS FeatureServer", "source_url": "https://services.arcgis.com/NuWFvHYDMVmmxMeM/arcgis/rest/services/State_Maintained_Historical_TIMS_Incidents_Hurricane_Helene/FeatureServer/1"}}, {"type": "Feature", "geometry": {"type": "LineString", "coordinates": [[-82.52017, 35.57762], [-82.52051, 35.57733], [-82.5212, 35.57703], [-82.52219, 35.57667], [-82.52281, 35.57663], [-82.52352, 35.57664], [-82.52432, 35.57675], [-82.52496, 35.57679], [-82.52548, 35.5766], [-82.52574, 35.57611], [-82.52607, 35.57537], [-82.52629, 35.57484], [-82.52715, 35.57394], [-82.52818, 35.57338], [-82.5296, 35.5726], [-82.53036, 35.57215], [-82.53163, 35.57212], [-82.5333, 35.57216], [-82.53415, 35.5722], [-82.53582, 35.57166], [-82.5375, 35.57103], [-82.53948, 35.57007], [-82.54045, 35.56985], [-82.54155, 35.5697], [-82.54255, 35.5694], [-82.54357, 35.56913], [-82.54434, 35.56901]]}, "properties": {"id": "tims-713306", "tims_id": 713306, "road_name": "NC-81 (Swannanoa River Road)", "road": "NC-81", "common_name": "Swannanoa River Road", "county": "Buncombe", "closed_at": "2024-09-26T10:21:00Z", "reopened_at": "2025-02-17T11:30:04.861000Z", "est_end_at": "2025-03-31T16:00:00Z", "last_update_at": "2025-01-20T11:26:45Z", "condition": "Road Closed", "description": "The road is closed between US 74 Alternate (South Tunnel Road) and Biltmore Avenue.", "location": "In Asheville / Both Directions", "severity": 3, "is_full_closure": null, "geom_kind": "line", "feed_status": "historical", "provenance": "real: NCDOT TIMS via ArcGIS FeatureServer", "source_url": "https://services.arcgis.com/NuWFvHYDMVmmxMeM/arcgis/rest/services/State_Maintained_Historical_TIMS_Incidents_Hurricane_Helene/FeatureServer/1"}}, {"type": "Feature", "geometry": {"type": "LineString", "coordinates": [[-82.18346, 35.8742], [-82.17583, 35.87274], [-82.17471, 35.86982], [-82.17308, 35.86843], [-82.17308, 35.86697], [-82.17411, 35.86579], [-82.17239, 35.86321], [-82.17299, 35.86133], [-82.17256, 35.8605], [-82.17093, 35.86008], [-82.17102, 35.86001]]}, "properties": {"id": "tims-713309", "tims_id": 713309, "road_name": "SR-1169 (Halls Chapel Rd)", "road": "SR-1169", "common_name": "Halls Chapel Rd", "county": "Yancey", "closed_at": "2024-09-26T10:24:00Z", "reopened_at": "2024-12-13T13:10:06.797000Z", "est_end_at": "2025-01-31T17:00:00Z", "last_update_at": "2024-12-12T17:47:07Z", "condition": "Road Closed", "description": "Flooding from storm event.", "location": "Near Burnsville / Both Directions", "severity": 3, "is_full_closure": null, "geom_kind": "line", "feed_status": "historical", "provenance": "real: NCDOT TIMS via ArcGIS FeatureServer", "source_url": "https://services.arcgis.com/NuWFvHYDMVmmxMeM/arcgis/rest/services/State_Maintained_Historical_TIMS_Incidents_Hurricane_Helene/FeatureServer/1"}}, {"type": "Feature", "geometry": {"type": "LineString", "coordinates": [[-82.27086, 35.56178], [-82.27086, 35.56213], [-82.27094, 35.56262], [-82.27089, 35.56287], [-82.27093, 35.56318], [-82.27111, 35.56365], [-82.27124, 35.56408], [-82.27125, 35.56434], [-82.27111, 35.56456], [-82.27097, 35.56474]]}, "properties": {"id": "tims-713308", "tims_id": 713308, "road_name": "SR-2788 (Crooked Creek Road)", "road": "SR-2788", "common_name": "Crooked Creek Road", "county": "Buncombe", "closed_at": "2024-09-26T10:26:00Z", "reopened_at": "2024-10-09T13:30:08.130000Z", "est_end_at": "2024-10-10T16:00:00Z", "last_update_at": "2024-09-30T13:50:55Z", "condition": "Road Closed", "description": "Crooked Creek Road is closed near NC 9 South.", "location": "In Black Mountain / Both Directions", "severity": 1, "is_full_closure": null, "geom_kind": "line", "feed_status": "historical", "provenance": "real: NCDOT TIMS via ArcGIS FeatureServer", "source_url": "https://services.arcgis.com/NuWFvHYDMVmmxMeM/arcgis/rest/services/State_Maintained_Historical_TIMS_Incidents_Hurricane_Helene/FeatureServer/1"}}, {"type": "Feature", "geometry": {"type": "LineString", "coordinates": [[-82.66902, 35.79266], [-82.66926, 35.79255], [-82.66926, 35.79243], [-82.66791, 35.79149], [-82.66381, 35.78885], [-82.66927, 35.79239], [-82.67103, 35.79326]]}, "properties": {"id": "tims-686775", "tims_id": 686775, "road_name": "SR-1206 (Rollins Rd)", "road": "SR-1206", "common_name": "Rollins Rd", "county": "Madison", "closed_at": "2024-09-26T10:30:00Z", "reopened_at": "2024-10-09T14:30:08.784000Z", "est_end_at": "2024-10-10T16:00:00Z", "last_update_at": "2024-09-30T13:30:56Z", "condition": "Road Closed", "description": "Road closed due to flooding", "location": "In Marshall / Both Directions", "severity": 3, "is_full_closure": null, "geom_kind": "line", "feed_status": "historical", "provenance": "real: NCDOT TIMS via ArcGIS FeatureServer", "source_url": "https://services.arcgis.com/NuWFvHYDMVmmxMeM/arcgis/rest/services/State_Maintained_Historical_TIMS_Incidents_Hurricane_Helene/FeatureServer/1"}}, {"type": "Feature", "geometry": {"type": "LineString", "coordinates": [[-82.20029, 35.80725], [-82.20093, 35.8069], [-82.20325, 35.8069], [-82.20505, 35.80673], [-82.20595, 35.80596], [-82.20642, 35.80482], [-82.20612, 35.80402], [-82.20625, 35.80339], [-82.20612, 35.80283], [-82.20814, 35.80092], [-82.20994, 35.80113], [-82.21059, 35.80106], [-82.21196, 35.80182], [-82.21338, 35.80415], [-82.21445, 35.80426]]}, "properties": {"id": "tims-713310", "tims_id": 713310, "road_name": "SR-1158 (Colberts Creek Rd)", "road": "SR-1158", "common_name": "Colberts Creek Rd", "county": "Yancey", "closed_at": "2024-09-26T10:34:00Z", "reopened_at": "2024-12-13T13:10:06.797000Z", "est_end_at": "2025-01-31T17:00:00Z", "last_update_at": "2024-12-12T17:46:46Z", "condition": "Road Closed", "description": "Flooding from storm event.", "location": "South of Burnsville / Both Directions", "severity": 3, "is_full_closure": null, "geom_kind": "line", "feed_status": "historical", "provenance": "real: NCDOT TIMS via ArcGIS FeatureServer", "source_url": "https://services.arcgis.com/NuWFvHYDMVmmxMeM/arcgis/rest/services/State_Maintained_Historical_TIMS_Incidents_Hurricane_Helene/FeatureServer/1"}}, {"type": "Feature", "geometry": {"type": "LineString", "coordinates": [[-82.49452, 35.58495], [-82.49508, 35.58417], [-82.49498, 35.58303], [-82.49461, 35.58192], [-82.49487, 35.58148], [-82.49555, 35.58075], [-82.49678, 35.57946], [-82.49785, 35.57834]]}, "properties": {"id": "tims-713311", "tims_id": 713311, "road_name": "NC-81 (Swannanoa River Road)", "road": "NC-81", "common_name": "Swannanoa River Road", "county": "Buncombe", "closed_at": "2024-09-26T10:38:00Z", "reopened_at": "2025-02-06T15:08:48.130000Z", "est_end_at": "2025-03-31T16:00:00Z", "last_update_at": "2025-01-20T11:27:13Z", "condition": "Road Closed", "description": "The road is closed near Azalea Road.", "location": "In Asheville / Both Directions", "severity": 3, "is_full_closure": null, "geom_kind": "line", "feed_status": "historical", "provenance": "real: NCDOT TIMS via ArcGIS FeatureServer", "source_url": "https://services.arcgis.com/NuWFvHYDMVmmxMeM/arcgis/rest/services/State_Maintained_Historical_TIMS_Incidents_Hurricane_Helene/FeatureServer/1"}}, {"type": "Feature", "geometry": {"type": "LineString", "coordinates": [[-82.55703, 35.34321], [-82.55674, 35.3432], [-82.55636, 35.34312]]}, "properties": {"id": "tims-713325", "tims_id": 713325, "road_name": "SR-1314 (Banner Farm Road)", "road": "SR-1314", "common_name": "Banner Farm Road", "county": "Henderson", "closed_at": "2024-09-26T11:17:00Z", "reopened_at": "2024-10-30T12:30:03.932000Z", "est_end_at": "2024-10-31T16:00:00Z", "last_update_at": "2024-10-14T18:38:18Z", "condition": "Road Closed", "description": "Banner Farm road is closed near US 64/Brevard Road, due to flooding.", "location": "In Etowah / Both Directions", "severity": 2, "is_full_closure": null, "geom_kind": "line", "feed_status": "historical", "provenance": "real: NCDOT TIMS via ArcGIS FeatureServer", "source_url": "https://services.arcgis.com/NuWFvHYDMVmmxMeM/arcgis/rest/services/State_Maintained_Historical_TIMS_Incidents_Hurricane_Helene/FeatureServer/1"}}, {"type": "Feature", "geometry": {"type": "LineString", "coordinates": [[-82.55791, 35.34262], [-82.55695, 35.34297], [-82.55568, 35.34309], [-82.55456, 35.34309], [-82.55293, 35.34304], [-82.55205, 35.34314], [-82.55072, 35.34314], [-82.54944, 35.343]]}, "properties": {"id": "tims-713327", "tims_id": 713327, "road_name": "US-64 (Brevard Road)", "road": "US-64", "common_name": "Brevard Road", "county": "Henderson", "closed_at": "2024-09-26T11:23:00Z", "reopened_at": "2024-09-26T14:20:02.648000Z", "est_end_at": "2024-09-29T16:00:00Z", "last_update_at": "2024-09-26T12:13:41Z", "condition": "Road Closed", "description": "The road is closed near Battle Creek Road.", "location": "West of Hendersonville / Both Directions", "severity": 3, "is_full_closure": null, "geom_kind": "line", "feed_status": "historical", "provenance": "real: NCDOT TIMS via ArcGIS FeatureServer", "source_url": "https://services.arcgis.com/NuWFvHYDMVmmxMeM/arcgis/rest/services/State_Maintained_Historical_TIMS_Incidents_Hurricane_Helene/FeatureServer/1"}}, {"type": "Feature", "geometry": {"type": "LineString", "coordinates": [[-82.49698, 35.19124], [-82.49629, 35.19128], [-82.49588, 35.19132], [-82.49567, 35.19149], [-82.49543, 35.19178]]}, "properties": {"id": "tims-713328", "tims_id": 713328, "road_name": "SR-1106 (Green River Road)", "road": "SR-1106", "common_name": "Green River Road", "county": "Henderson", "closed_at": "2024-09-26T11:30:00Z", "reopened_at": "2024-12-11T15:30:04.108000Z", "est_end_at": "2024-12-20T17:00:00Z", "last_update_at": "2024-11-25T17:15:11Z", "condition": "Road Closed", "description": "The road is closed near Bobs Creek Road.", "location": "South of Flat Rock / Both Directions", "severity": 1, "is_full_closure": null, "geom_kind": "line", "feed_status": "historical", "provenance": "real: NCDOT TIMS via ArcGIS FeatureServer", "source_url": "https://services.arcgis.com/NuWFvHYDMVmmxMeM/arcgis/rest/services/State_Maintained_Historical_TIMS_Incidents_Hurricane_Helene/FeatureServer/1"}}, {"type": "Feature", "geometry": {"type": "LineString", "coordinates": [[-82.11013, 35.64531], [-82.10945, 35.64465], [-82.10911, 35.64456]]}, "properties": {"id": "tims-713330", "tims_id": 713330, "road_name": "SR-1161 (Lytle Mtn Rd)", "road": "SR-1161", "common_name": "Lytle Mtn Rd", "county": "McDowell", "closed_at": "2024-09-26T11:35:00Z", "reopened_at": "2024-10-10T23:30:08.773000Z", "est_end_at": "2024-10-31T16:00:00Z", "last_update_at": "2024-10-10T12:43:28Z", "condition": "Road Closed", "description": "High Water", "location": "East of Old Fort / Both Directions", "severity": 2, "is_full_closure": null, "geom_kind": "line", "feed_status": "historical", "provenance": "real: NCDOT TIMS via ArcGIS FeatureServer", "source_url": "https://services.arcgis.com/NuWFvHYDMVmmxMeM/arcgis/rest/services/State_Maintained_Historical_TIMS_Incidents_Hurricane_Helene/FeatureServer/1"}}, {"type": "Feature", "geometry": {"type": "LineString", "coordinates": [[-82.4367, 35.35246], [-82.43701, 35.35351], [-82.43707, 35.35462], [-82.43724, 35.35523], [-82.43778, 35.35574], [-82.4384, 35.3562], [-82.43879, 35.3578], [-82.43892, 35.35932], [-82.43922, 35.36026]]}, "properties": {"id": "tims-713329", "tims_id": 713329, "road_name": "SR-1006 (Howard Gap Road)", "road": "SR-1006", "common_name": "Howard Gap Road", "county": "Henderson", "closed_at": "2024-09-26T11:35:00Z", "reopened_at": "2024-10-30T12:30:03.932000Z", "est_end_at": "2024-10-31T16:00:00Z", "last_update_at": "2024-10-14T18:38:45Z", "condition": "Road Closed", "description": "The road is closed near Nix Road.", "location": "Near Hendersonville / Both Directions", "severity": 1, "is_full_closure": null, "geom_kind": "line", "feed_status": "historical", "provenance": "real: NCDOT TIMS via ArcGIS FeatureServer", "source_url": "https://services.arcgis.com/NuWFvHYDMVmmxMeM/arcgis/rest/services/State_Maintained_Historical_TIMS_Incidents_Hurricane_Helene/FeatureServer/1"}}, {"type": "Feature", "geometry": {"type": "LineString", "coordinates": [[-82.44864, 35.3531], [-82.44789, 35.35335], [-82.44717, 35.35356], [-82.44642, 35.35356], [-82.44584, 35.35354], [-82.4452, 35.35378], [-82.44452, 35.35385], [-82.44384, 35.35379], [-82.44317, 35.35364], [-82.44273, 35.35339], [-82.44217, 35.35332], [-82.44151, 35.35331], [-82.44101, 35.35332], [-82.44043, 35.35311], [-82.43936, 35.35284], [-82.43873, 35.35283]]}, "properties": {"id": "tims-713333", "tims_id": 713333, "road_name": "SR-1513 (Nix Road)", "road": "SR-1513", "common_name": "Nix Road", "county": "Henderson", "closed_at": "2024-09-26T11:39:00Z", "reopened_at": "2024-10-30T12:40:04.478000Z", "est_end_at": "2024-10-31T16:00:00Z", "last_update_at": "2024-10-14T18:39:21Z", "condition": "Road Closed", "description": "The road is closed near Clear Creekside Drive.", "location": "Near Hendersonville / Both Directions", "severity": 1, "is_full_closure": null, "geom_kind": "line", "feed_status": "historical", "provenance": "real: NCDOT TIMS via ArcGIS FeatureServer", "source_url": "https://services.arcgis.com/NuWFvHYDMVmmxMeM/arcgis/rest/services/State_Maintained_Historical_TIMS_Incidents_Hurricane_Helene/FeatureServer/1"}}, {"type": "Feature", "geometry": {"type": "LineString", "coordinates": [[-82.02897, 35.79714], [-82.02784, 35.79701]]}, "properties": {"id": "tims-713334", "tims_id": 713334, "road_name": "SR-1558 (Old US 221 S)", "road": "SR-1558", "common_name": "Old US 221 S", "county": "McDowell", "closed_at": "2024-09-26T11:40:00Z", "reopened_at": "2024-09-26T18:45:02.668000Z", "est_end_at": "2024-09-26T19:30:00Z", "last_update_at": "2024-09-26T11:44:17Z", "condition": "Road Closed", "description": "High Water", "location": "North of Woodlawn / Both Directions", "severity": 2, "is_full_closure": null, "geom_kind": "line", "feed_status": "historical", "provenance": "real: NCDOT TIMS via ArcGIS FeatureServer", "source_url": "https://services.arcgis.com/NuWFvHYDMVmmxMeM/arcgis/rest/services/State_Maintained_Historical_TIMS_Incidents_Hurricane_Helene/FeatureServer/1"}}, {"type": "Feature", "geometry": {"type": "LineString", "coordinates": [[-82.56253, 35.29937], [-82.56261, 35.29825], [-82.56269, 35.29764], [-82.56265, 35.29717], [-82.56245, 35.29695]]}, "properties": {"id": "tims-713339", "tims_id": 713339, "road_name": "SR-1210 (Big Willow Road)", "road": "SR-1210", "common_name": "Big Willow Road", "county": "Henderson", "closed_at": "2024-09-26T11:47:00Z", "reopened_at": "2024-10-30T12:40:04.478000Z", "est_end_at": "2024-10-31T16:00:00Z", "last_update_at": "2024-10-14T18:39:44Z", "condition": "Road Closed", "description": "The road is closed near River Road.", "location": "South West of Hendersonville / Both Directions", "severity": 1, "is_full_closure": null, "geom_kind": "line", "feed_status": "historical", "provenance": "real: NCDOT TIMS via ArcGIS FeatureServer", "source_url": "https://services.arcgis.com/NuWFvHYDMVmmxMeM/arcgis/rest/services/State_Maintained_Historical_TIMS_Incidents_Hurricane_Helene/FeatureServer/1"}}, {"type": "Feature", "geometry": {"type": "LineString", "coordinates": [[-82.47802, 35.36989], [-82.47784, 35.37071], [-82.47757, 35.37208], [-82.47698, 35.37362], [-82.4766, 35.37427], [-82.4759, 35.3752]]}, "properties": {"id": "tims-713343", "tims_id": 713343, "road_name": "SR-1528 (Brookside Camp Road)", "road": "SR-1528", "common_name": "Brookside Camp Road", "county": "Henderson", "closed_at": "2024-09-26T11:50:00Z", "reopened_at": "2024-10-30T12:40:04.478000Z", "est_end_at": "2024-10-31T16:00:00Z", "last_update_at": "2024-10-14T18:41:06Z", "condition": "Road Closed", "description": "The road is closed North of Southbrook Road, due to flooding.", "location": "Near Mountain Home / Both Directions", "severity": 2, "is_full_closure": null, "geom_kind": "line", "feed_status": "historical", "provenance": "real: NCDOT TIMS via ArcGIS FeatureServer", "source_url": "https://services.arcgis.com/NuWFvHYDMVmmxMeM/arcgis/rest/services/State_Maintained_Historical_TIMS_Incidents_Hurricane_Helene/FeatureServer/1"}}, {"type": "Feature", "geometry": {"type": "LineString", "coordinates": [[-82.55479, 35.40853], [-82.5536, 35.40852], [-82.5531, 35.40856], [-82.55265, 35.40849], [-82.55214, 35.40827], [-82.55159, 35.40795], [-82.55107, 35.40763], [-82.55075, 35.40747], [-82.55047, 35.40747], [-82.55012, 35.4076], [-82.54986, 35.40772], [-82.54853, 35.4087], [-82.5483, 35.4087], [-82.54778, 35.40852], [-82.5471, 35.40821], [-82.54584, 35.40755], [-82.54511, 35.40717], [-82.54475, 35.40689], [-82.54395, 35.40618], [-82.54354, 35.40589], [-82.5433, 35.40574], [-82.5431, 35.4057], [-82.5428, 35.40585], [-82.54231, 35.40613], [-82.54202, 35.40639], [-82.54155, 35.40677], [-82.54118, 35.40683], [-82.53997, 35.40696], [-82.5389, 35.40707], [-82.53809, 35.40713], [-82.53716, 35.40714], [-82.53466, 35.40708], [-82.53158, 35.40693], [-82.53064, 35.40688], [-82.5301, 35.40682], [-82.52967, 35.40663], [-82.52923, 35.4064], [-82.5286, 35.40613], [-82.52818, 35.40613], [-82.52773, 35.40625], [-82.52731, 35.40654], [-82.52691, 35.40693], [-82.52654, 35.40704], [-82.52551, 35.4073], [-82.52464, 35.40761], [-82.52436, 35.40756], [-82.52327, 35.40721], [-82.5226, 35.40702], [-82.52149, 35.40703], [-82.52033, 35.40692], [-82.51956, 35.40678], [-82.51899, 35.40659], [-82.51842, 35.40644], [-82.51791, 35.40638], [-82.51737, 35.4062], [-82.51673, 35.40599], [-82.51588, 35.40586], [-82.51566, 35.40593]]}, "properties": {"id": "tims-713353", "tims_id": 713353, "road_name": "SR-1352 (Butler Bridge Road)", "road": "SR-1352", "common_name": "Butler Bridge Road", "county": "Henderson", "closed_at": "2024-09-26T11:57:00Z", "reopened_at": "2024-10-30T12:40:04.478000Z", "est_end_at": "2024-10-31T16:00:00Z", "last_update_at": "2024-10-14T18:41:27Z", "condition": "Road Closed", "description": "The road is closed between NC 280, Boylston Highway and I-26.", "location": "Near Fletcher / Both Directions", "severity": 1, "is_full_closure": null, "geom_kind": "line", "feed_status": "historical", "provenance": "real: NCDOT TIMS via ArcGIS FeatureServer", "source_url": "https://services.arcgis.com/NuWFvHYDMVmmxMeM/arcgis/rest/services/State_Maintained_Historical_TIMS_Incidents_Hurricane_Helene/FeatureServer/1"}}, {"type": "Feature", "geometry": {"type": "LineString", "coordinates": [[-81.92944, 35.64559], [-81.92952, 35.64532]]}, "properties": {"id": "tims-713459", "tims_id": 713459, "road_name": "SR-1760 (Harmony Grove Rd)", "road": "SR-1760", "common_name": "Harmony Grove Rd", "county": "McDowell", "closed_at": "2024-09-26T12:00:00Z", "reopened_at": "2024-10-10T23:30:08.773000Z", "est_end_at": "2024-10-31T16:00:00Z", "last_update_at": "2024-10-10T12:39:09Z", "condition": "Road Closed", "description": "Tree and power lines down across road", "location": "In Marion / Both Directions", "severity": 2, "is_full_closure": null, "geom_kind": "line", "feed_status": "historical", "provenance": "real: NCDOT TIMS via ArcGIS FeatureServer", "source_url": "https://services.arcgis.com/NuWFvHYDMVmmxMeM/arcgis/rest/services/State_Maintained_Historical_TIMS_Incidents_Hurricane_Helene/FeatureServer/1"}}, {"type": "Feature", "geometry": {"type": "LineString", "coordinates": [[-82.82143, 35.89358], [-82.82188, 35.8944], [-82.82231, 35.89444], [-82.82316, 35.896], [-82.82404, 35.89699], [-82.82733, 35.89889], [-82.82771, 35.89923], [-82.82894, 35.8997], [-82.83067, 35.89967], [-82.83183, 35.89941], [-82.83299, 35.89869], [-82.834, 35.8981], [-82.83464, 35.89807], [-82.83527, 35.89824], [-82.83741, 35.8993], [-82.83902, 35.90071], [-82.84003, 35.90144], [-82.84102, 35.90255], [-82.84387, 35.90684], [-82.84595, 35.90931], [-82.84956, 35.91449], [-82.85802, 35.92303], [-82.86056, 35.92452], [-82.86201, 35.92494], [-82.86493, 35.92511], [-82.86781, 35.92456], [-82.86897, 35.92383], [-82.87064, 35.92164], [-82.8712, 35.92094], [-82.87219, 35.92053], [-82.87321, 35.92044], [-82.87473, 35.92082], [-82.876, 35.9211], [-82.876, 35.9211], [-82.87788, 35.92259], [-82.87902, 35.92393], [-82.87958, 35.92471], [-82.88033, 35.92586], [-82.88059, 35.92706], [-82.88124, 35.92992], [-82.88143, 35.93043], [-82.88195, 35.93095], [-82.88364, 35.9317], [-82.88495, 35.93246], [-82.88617, 35.93345], [-82.88707, 35.93463], [-82.88752, 35.93517], [-82.8883, 35.93578], [-82.88843, 35.9363], [-82.8903, 35.93773], [-82.89326, 35.94099], [-82.89386, 35.94155], [-82.89467, 35.94217], [-82.89558, 35.94328], [-82.89678, 35.94405], [-82.89845, 35.94481]]}, "properties": {"id": "tims-713362", "tims_id": 713362, "road_name": "SR-1304 (River Rd)", "road": "SR-1304", "common_name": "River Rd", "county": "Madison", "closed_at": "2024-09-26T12:00:00Z", "reopened_at": "2025-11-14T14:10:04.014000Z", "est_end_at": "2025-12-31T17:00:00Z", "last_update_at": "2025-08-14T11:22:40Z", "condition": "Lane Closed", "description": "One lane is closed, due to damage from Hurricane Helene. Local traffic only.", "location": "Near Hot Springs / Both Directions", "severity": 3, "is_full_closure": null, "geom_kind": "line", "feed_status": "historical", "provenance": "real: NCDOT TIMS via ArcGIS FeatureServer", "source_url": "https://services.arcgis.com/NuWFvHYDMVmmxMeM/arcgis/rest/services/State_Maintained_Historical_TIMS_Incidents_Hurricane_Helene/FeatureServer/1"}}, {"type": "Feature", "geometry": {"type": "LineString", "coordinates": [[-82.50334, 35.25515], [-82.5026, 35.25407], [-82.5019, 35.2532], [-82.50118, 35.25264], [-82.50019, 35.25185], [-82.4995, 35.25141], [-82.49912, 35.2513], [-82.4985, 35.25149], [-82.49749, 35.25156], [-82.49662, 35.25144], [-82.49607, 35.25149]]}, "properties": {"id": "tims-713356", "tims_id": 713356, "road_name": "SR-1126 (Berea Church Road)", "road": "SR-1126", "common_name": "Berea Church Road", "county": "Henderson", "closed_at": "2024-09-26T12:02:00Z", "reopened_at": "2024-09-26T12:30:03.320000Z", "est_end_at": "2024-09-29T16:00:00Z", "last_update_at": "2024-09-26T12:11:28Z", "condition": "Road Closed", "description": "The road is closed near Walnut Cove Road.", "location": "Near Flat Rock / Both Directions", "severity": 1, "is_full_closure": null, "geom_kind": "line", "feed_status": "historical", "provenance": "real: NCDOT TIMS via ArcGIS FeatureServer", "source_url": "https://services.arcgis.com/NuWFvHYDMVmmxMeM/arcgis/rest/services/State_Maintained_Historical_TIMS_Incidents_Hurricane_Helene/FeatureServer/1"}}, {"type": "Feature", "geometry": {"type": "LineString", "coordinates": [[-82.55819, 35.35647], [-82.55823, 35.35638], [-82.55827, 35.35629], [-82.55826, 35.35602], [-82.5582, 35.35581], [-82.55816, 35.35567]]}, "properties": {"id": "tims-713370", "tims_id": 713370, "road_name": "SR-1314 (Banner Farm Road)", "road": "SR-1314", "common_name": "Banner Farm Road", "county": "Henderson", "closed_at": "2024-09-26T12:20:00Z", "reopened_at": "2024-10-30T12:50:04.128000Z", "est_end_at": "2024-10-31T16:00:00Z", "last_update_at": "2024-10-14T18:41:49Z", "condition": "Road Closed", "description": "Banner Farm Road is closed near Warlick Road, due to flooding.", "location": "Near Mills River / Both Directions", "severity": 2, "is_full_closure": null, "geom_kind": "line", "feed_status": "historical", "provenance": "real: NCDOT TIMS via ArcGIS FeatureServer", "source_url": "https://services.arcgis.com/NuWFvHYDMVmmxMeM/arcgis/rest/services/State_Maintained_Historical_TIMS_Incidents_Hurricane_Helene/FeatureServer/1"}}, {"type": "Feature", "geometry": {"type": "LineString", "coordinates": [[-82.46439, 35.29858], [-82.46315, 35.29787], [-82.46263, 35.29757], [-82.46203, 35.29683], [-82.46122, 35.29652], [-82.46029, 35.29597]]}, "properties": {"id": "tims-713368", "tims_id": 713368, "road_name": "SR-1164 (Erkwood Drive)", "road": "SR-1164", "common_name": "Erkwood Drive", "county": "Henderson", "closed_at": "2024-09-26T12:20:00Z", "reopened_at": "2024-10-30T12:50:04.128000Z", "est_end_at": "2024-10-31T16:00:00Z", "last_update_at": "2024-10-14T18:42:15Z", "condition": "Road Closed", "description": "The road is closed near Erkwood Drive", "location": "In Hendersonville / Both Directions", "severity": 1, "is_full_closure": null, "geom_kind": "line", "feed_status": "historical", "provenance": "real: NCDOT TIMS via ArcGIS FeatureServer", "source_url": "https://services.arcgis.com/NuWFvHYDMVmmxMeM/arcgis/rest/services/State_Maintained_Historical_TIMS_Incidents_Hurricane_Helene/FeatureServer/1"}}, {"type": "Feature", "geometry": {"type": "LineString", "coordinates": [[-82.56452, 35.37801], [-82.56453, 35.37777], [-82.56457, 35.37753], [-82.56459, 35.37732], [-82.56465, 35.37703], [-82.56466, 35.37688], [-82.56467, 35.37672]]}, "properties": {"id": "tims-713371", "tims_id": 713371, "road_name": "SR-1331 (Banner Farm Road)", "road": "SR-1331", "common_name": "Banner Farm Road", "county": "Henderson", "closed_at": "2024-09-26T12:25:00Z", "reopened_at": "2024-10-30T12:50:04.128000Z", "est_end_at": "2024-10-31T16:00:00Z", "last_update_at": "2024-10-14T18:43:45Z", "condition": "Road Closed", "description": "Banner Farm Road is closed near School House Road, due to flooding.", "location": "In Mills River / Both Directions", "severity": 2, "is_full_closure": null, "geom_kind": "line", "feed_status": "historical", "provenance": "real: NCDOT TIMS via ArcGIS FeatureServer", "source_url": "https://services.arcgis.com/NuWFvHYDMVmmxMeM/arcgis/rest/services/State_Maintained_Historical_TIMS_Incidents_Hurricane_Helene/FeatureServer/1"}}, {"type": "Feature", "geometry": {"type": "Point", "coordinates": [-82.5899265599672, 35.5163139638447]}, "properties": {"id": "tims-713374", "tims_id": 713374, "road_name": "I-26", "road": "I-26", "common_name": "", "county": "Buncombe", "closed_at": "2024-09-26T12:30:00Z", "reopened_at": null, "est_end_at": "2024-09-26T21:00:00Z", "last_update_at": "2024-09-26T15:18:45Z", "condition": "Partial Access", "description": "The left lane is closed one mile east of Exit 33, NC 191 (Brevard Road).", "location": "South of Asheville / Mile Marker 34 Heading East", "severity": null, "is_full_closure": null, "geom_kind": "point", "feed_status": "historical", "provenance": "real: NCDOT TIMS via ArcGIS FeatureServer", "source_url": "https://services.arcgis.com/NuWFvHYDMVmmxMeM/arcgis/rest/services/State_Maintained_Historical_TIMS_Incidents_Hurricane_Helene/FeatureServer/0"}}, {"type": "Feature", "geometry": {"type": "LineString", "coordinates": [[-82.55396, 35.39872], [-82.55417, 35.39856], [-82.55442, 35.39854], [-82.55477, 35.39852]]}, "properties": {"id": "tims-713376", "tims_id": 713376, "road_name": "SR-1354 (Valley View Road)", "road": "SR-1354", "common_name": "Valley View Road", "county": "Henderson", "closed_at": "2024-09-26T12:41:00Z", "reopened_at": "2024-10-30T12:50:04.128000Z", "est_end_at": "2024-10-31T16:00:00Z", "last_update_at": "2024-10-14T18:44:12Z", "condition": "Road Closed", "description": "Valley View Road is closed near Jeffress Road due to a road obstruction.", "location": "In Mills River / Both Directions", "severity": 2, "is_full_closure": null, "geom_kind": "line", "feed_status": "historical", "provenance": "real: NCDOT TIMS via ArcGIS FeatureServer", "source_url": "https://services.arcgis.com/NuWFvHYDMVmmxMeM/arcgis/rest/services/State_Maintained_Historical_TIMS_Incidents_Hurricane_Helene/FeatureServer/1"}}, {"type": "Feature", "geometry": {"type": "LineString", "coordinates": [[-82.57053, 35.29886], [-82.57002, 35.29902], [-82.56953, 35.29905], [-82.56891, 35.29906], [-82.56758, 35.29907]]}, "properties": {"id": "tims-713382", "tims_id": 713382, "road_name": "SR-1191 (River Road)", "road": "SR-1191", "common_name": "River Road", "county": "Henderson", "closed_at": "2024-09-26T12:56:00Z", "reopened_at": "2024-10-30T12:50:04.128000Z", "est_end_at": "2024-10-31T16:00:00Z", "last_update_at": "2024-10-14T18:57:20Z", "condition": "Road Closed", "description": "The road is closed near Mallet Road.", "location": "Near Etowah / Both Directions", "severity": 1, "is_full_closure": null, "geom_kind": "line", "feed_status": "historical", "provenance": "real: NCDOT TIMS via ArcGIS FeatureServer", "source_url": "https://services.arcgis.com/NuWFvHYDMVmmxMeM/arcgis/rest/services/State_Maintained_Historical_TIMS_Incidents_Hurricane_Helene/FeatureServer/1"}}, {"type": "Feature", "geometry": {"type": "LineString", "coordinates": [[-82.51298, 35.27137], [-82.51171, 35.27184], [-82.51103, 35.27228], [-82.51036, 35.27279], [-82.51016, 35.27306], [-82.51008, 35.27327], [-82.50994, 35.2738], [-82.5098, 35.27413], [-82.50939, 35.27437], [-82.50904, 35.27449], [-82.50862, 35.27452]]}, "properties": {"id": "tims-713383", "tims_id": 713383, "road_name": "SR-1283 (Kanuga Lake Road)", "road": "SR-1283", "common_name": "Kanuga Lake Road", "county": "Henderson", "closed_at": "2024-09-26T13:01:00Z", "reopened_at": "2024-09-26T21:35:02.992000Z", "est_end_at": "2024-09-26T22:00:00Z", "last_update_at": "2024-09-26T13:03:42Z", "condition": "Road Closed", "description": "The road is closed near Camp Kanuga Circle.", "location": "South West of Hendersonville / Both Directions", "severity": 1, "is_full_closure": null, "geom_kind": "line", "feed_status": "historical", "provenance": "real: NCDOT TIMS via ArcGIS FeatureServer", "source_url": "https://services.arcgis.com/NuWFvHYDMVmmxMeM/arcgis/rest/services/State_Maintained_Historical_TIMS_Incidents_Hurricane_Helene/FeatureServer/1"}}, {"type": "Feature", "geometry": {"type": "LineString", "coordinates": [[-82.5174, 35.30263], [-82.51727, 35.30255], [-82.51716, 35.30256], [-82.51695, 35.30263], [-82.51684, 35.30267]]}, "properties": {"id": "tims-713388", "tims_id": 713388, "road_name": "SR-1192 (Hebron Road)", "road": "SR-1192", "common_name": "Hebron Road", "county": "Henderson", "closed_at": "2024-09-26T13:24:00Z", "reopened_at": "2024-12-12T14:40:03.775000Z", "est_end_at": "2024-12-20T17:00:00Z", "last_update_at": "2024-11-25T17:16:37Z", "condition": "Road Closed", "description": "The road is closed near Finley Cove Road.", "location": "South West of Hendersonville / Both Directions", "severity": 1, "is_full_closure": null, "geom_kind": "line", "feed_status": "historical", "provenance": "real: NCDOT TIMS via ArcGIS FeatureServer", "source_url": "https://services.arcgis.com/NuWFvHYDMVmmxMeM/arcgis/rest/services/State_Maintained_Historical_TIMS_Incidents_Hurricane_Helene/FeatureServer/1"}}, {"type": "Feature", "geometry": {"type": "LineString", "coordinates": [[-82.59943, 35.50961], [-82.59818, 35.50807], [-82.597, 35.50693], [-82.59614, 35.50575], [-82.59539, 35.50466], [-82.5944, 35.50341], [-82.5938, 35.502], [-82.59333, 35.50079], [-82.59292, 35.49992], [-82.59294, 35.49927], [-82.59318, 35.49831], [-82.59303, 35.49758], [-82.59227, 35.49664], [-82.59084, 35.49512], [-82.58903, 35.49296], [-82.58774, 35.49188], [-82.58611, 35.49059], [-82.58476, 35.48959], [-82.58214, 35.48882]]}, "properties": {"id": "tims-713391", "tims_id": 713391, "road_name": "NC-191 (Brevard Road)", "road": "NC-191", "common_name": "Brevard Road", "county": "Buncombe", "closed_at": "2024-09-26T13:30:00Z", "reopened_at": "2024-10-02T20:35:03.899000Z", "est_end_at": "2024-10-10T16:00:00Z", "last_update_at": "2024-09-30T13:58:23Z", "condition": "Road Closed", "description": "The road is closed between Bent Creek Branch Road and Clayton Road.", "location": "In Arden / Both Directions", "severity": 3, "is_full_closure": null, "geom_kind": "line", "feed_status": "historical", "provenance": "real: NCDOT TIMS via ArcGIS FeatureServer", "source_url": "https://services.arcgis.com/NuWFvHYDMVmmxMeM/arcgis/rest/services/State_Maintained_Historical_TIMS_Incidents_Hurricane_Helene/FeatureServer/1"}}, {"type": "Feature", "geometry": {"type": "LineString", "coordinates": [[-82.5351, 35.5489], [-82.53426, 35.54953], [-82.53338, 35.55021], [-82.53289, 35.55055], [-82.53257, 35.55101], [-82.53246, 35.55122], [-82.5312, 35.55125], [-82.52964, 35.55095], [-82.52833, 35.55048], [-82.52725, 35.55022], [-82.52672, 35.55012], [-82.52654, 35.5499], [-82.52631, 35.54968], [-82.52537, 35.54946]]}, "properties": {"id": "tims-713394", "tims_id": 713394, "road_name": "SR-3075 (West Chapel Road)", "road": "SR-3075", "common_name": "West Chapel Road", "county": "Buncombe", "closed_at": "2024-09-26T13:40:00Z", "reopened_at": "2024-10-09T20:10:08.931000Z", "est_end_at": "2024-10-10T16:00:00Z", "last_update_at": "2024-09-30T13:59:52Z", "condition": "Road Closed", "description": "West Chapel Road is closed between US 25/Hendersonville Road and US 25-Alt/Sweeten Creek Road, due to flooding.", "location": "In Asheville / Both Directions", "severity": 2, "is_full_closure": null, "geom_kind": "line", "feed_status": "historical", "provenance": "real: NCDOT TIMS via ArcGIS FeatureServer", "source_url": "https://services.arcgis.com/NuWFvHYDMVmmxMeM/arcgis/rest/services/State_Maintained_Historical_TIMS_Incidents_Hurricane_Helene/FeatureServer/1"}}, {"type": "Feature", "geometry": {"type": "LineString", "coordinates": [[-82.56269, 35.44892], [-82.56221, 35.4495], [-82.56178, 35.44985], [-82.56099, 35.4502], [-82.56039, 35.45038], [-82.5597, 35.45059], [-82.55888, 35.45076], [-82.55846, 35.45097], [-82.55798, 35.4512], [-82.55722, 35.45151], [-82.55682, 35.45167], [-82.55561, 35.45183], [-82.55492, 35.45184], [-82.55432, 35.45187], [-82.55372, 35.45198], [-82.55279, 35.45224], [-82.55215, 35.45243], [-82.55132, 35.45287], [-82.55083, 35.4534], [-82.55054, 35.45412], [-82.55011, 35.45484]]}, "properties": {"id": "tims-713392", "tims_id": 713392, "road_name": "SR-3495 (Glenn Bridge Road)", "road": "SR-3495", "common_name": "Glenn Bridge Road", "county": "Buncombe", "closed_at": "2024-09-26T13:40:00Z", "reopened_at": "2024-10-16T00:00:04.281000Z", "est_end_at": "2024-10-31T16:00:00Z", "last_update_at": "2024-10-09T13:24:24Z", "condition": "Road Closed", "description": "The road is closed near Glenn Bridge Road SE.", "location": "Near Arden / Both Directions", "severity": 1, "is_full_closure": null, "geom_kind": "line", "feed_status": "historical", "provenance": "real: NCDOT TIMS via ArcGIS FeatureServer", "source_url": "https://services.arcgis.com/NuWFvHYDMVmmxMeM/arcgis/rest/services/State_Maintained_Historical_TIMS_Incidents_Hurricane_Helene/FeatureServer/1"}}, {"type": "Feature", "geometry": {"type": "LineString", "coordinates": [[-82.18293, 35.83327], [-82.18303, 35.83287], [-82.18329, 35.8325], [-82.18373, 35.83177], [-82.18432, 35.83059], [-82.18452, 35.83026], [-82.18474, 35.82978], [-82.18502, 35.82912], [-82.1854, 35.8284], [-82.18544, 35.82819], [-82.18537, 35.82771], [-82.18542, 35.82724], [-82.18584, 35.82568], [-82.18603, 35.82546], [-82.18619, 35.82513], [-82.1869, 35.82459], [-82.18696, 35.82443], [-82.18707, 35.82429], [-82.18743, 35.82387], [-82.18762, 35.82355], [-82.1878, 35.82306], [-82.18822, 35.82226], [-82.1887, 35.82151], [-82.18865, 35.82112], [-82.18771, 35.82079]]}, "properties": {"id": "tims-713397", "tims_id": 713397, "road_name": "SR-1168 (Hannah Branch Rd)", "road": "SR-1168", "common_name": "Hannah Branch Rd", "county": "Yancey", "closed_at": "2024-09-26T13:47:00Z", "reopened_at": "2024-12-13T13:10:06.797000Z", "est_end_at": "2025-01-31T17:00:00Z", "last_update_at": "2024-12-12T17:43:47Z", "condition": "Road Closed", "description": "Flooding from storm event.", "location": "South of Burnsville / Both Directions", "severity": 3, "is_full_closure": null, "geom_kind": "line", "feed_status": "historical", "provenance": "real: NCDOT TIMS via ArcGIS FeatureServer", "source_url": "https://services.arcgis.com/NuWFvHYDMVmmxMeM/arcgis/rest/services/State_Maintained_Historical_TIMS_Incidents_Hurricane_Helene/FeatureServer/1"}}, {"type": "Feature", "geometry": {"type": "LineString", "coordinates": [[-82.19013, 35.85404], [-82.18991, 35.85391], [-82.18954, 35.85393], [-82.18875, 35.85378], [-82.18857, 35.85379], [-82.18792, 35.85392], [-82.1873, 35.85397], [-82.18683, 35.85393], [-82.18643, 35.85384], [-82.18612, 35.85376], [-82.18583, 35.85379]]}, "properties": {"id": "tims-713398", "tims_id": 713398, "road_name": "SR-1154 (Grindstaff Rd)", "road": "SR-1154", "common_name": "Grindstaff Rd", "county": "Yancey", "closed_at": "2024-09-26T13:52:00Z", "reopened_at": "2024-12-13T13:10:06.797000Z", "est_end_at": "2025-01-31T17:00:00Z", "last_update_at": "2024-12-12T17:42:06Z", "condition": "Road Closed", "description": "flooding from storm event", "location": "South of Burnsville / Both Directions", "severity": 3, "is_full_closure": null, "geom_kind": "line", "feed_status": "historical", "provenance": "real: NCDOT TIMS via ArcGIS FeatureServer", "source_url": "https://services.arcgis.com/NuWFvHYDMVmmxMeM/arcgis/rest/services/State_Maintained_Historical_TIMS_Incidents_Hurricane_Helene/FeatureServer/1"}}, {"type": "Feature", "geometry": {"type": "LineString", "coordinates": [[-82.55466, 35.39828], [-82.5544, 35.39765], [-82.55293, 35.39596], [-82.55211, 35.39491], [-82.55122, 35.39417], [-82.55102, 35.39421], [-82.55079, 35.39441], [-82.55022, 35.39494], [-82.54872, 35.39578], [-82.54754, 35.3965], [-82.54731, 35.39674], [-82.5469, 35.39706], [-82.54481, 35.39828], [-82.54366, 35.39858]]}, "properties": {"id": "tims-713408", "tims_id": 713408, "road_name": "SR-1345 (Jeffress Road)", "road": "SR-1345", "common_name": "Jeffress Road", "county": "Henderson", "closed_at": "2024-09-26T14:13:00Z", "reopened_at": "2024-10-30T12:50:04.128000Z", "est_end_at": "2024-10-31T16:00:00Z", "last_update_at": "2024-10-16T22:23:50Z", "condition": "Road Closed", "description": "The road is closed between Valley View Road and Hoopers Lane.", "location": "North of Mills River / Both Directions", "severity": 1, "is_full_closure": null, "geom_kind": "line", "feed_status": "historical", "provenance": "real: NCDOT TIMS via ArcGIS FeatureServer", "source_url": "https://services.arcgis.com/NuWFvHYDMVmmxMeM/arcgis/rest/services/State_Maintained_Historical_TIMS_Incidents_Hurricane_Helene/FeatureServer/1"}}, {"type": "Feature", "geometry": {"type": "Point", "coordinates": [-82.507022038636, 35.2860142492857]}, "properties": {"id": "tims-713413", "tims_id": 713413, "road_name": "SR-1191 (Willow Road)", "road": "SR-1191", "common_name": "Willow Road", "county": "Henderson", "closed_at": "2024-09-26T14:40:00Z", "reopened_at": null, "est_end_at": "2024-10-31T16:00:00Z", "last_update_at": "2024-10-14T19:04:01Z", "condition": "Partial Access", "description": "A lane is closed near Little Willow Circle.", "location": "South West of Hendersonville / Heading West", "severity": null, "is_full_closure": null, "geom_kind": "point", "feed_status": "historical", "provenance": "real: NCDOT TIMS via ArcGIS FeatureServer", "source_url": "https://services.arcgis.com/NuWFvHYDMVmmxMeM/arcgis/rest/services/State_Maintained_Historical_TIMS_Incidents_Hurricane_Helene/FeatureServer/0"}}, {"type": "Feature", "geometry": {"type": "LineString", "coordinates": [[-82.43743, 35.48431], [-82.43665, 35.48317], [-82.43618, 35.48226], [-82.43551, 35.48145], [-82.43476, 35.48093], [-82.43393, 35.48048], [-82.4333, 35.48004]]}, "properties": {"id": "tims-713421", "tims_id": 713421, "road_name": "SR-3147 (Lower Brush Creek Road)", "road": "SR-3147", "common_name": "Lower Brush Creek Road", "county": "Buncombe", "closed_at": "2024-09-26T14:56:00Z", "reopened_at": "2024-10-16T16:00:04.722000Z", "est_end_at": "2024-10-31T16:00:00Z", "last_update_at": "2024-10-15T23:56:52Z", "condition": "Road Closed", "description": "The road has reopened near Upper Brush Creek Road.", "location": "Near Arden / Both Directions", "severity": 1, "is_full_closure": null, "geom_kind": "line", "feed_status": "historical", "provenance": "real: NCDOT TIMS via ArcGIS FeatureServer", "source_url": "https://services.arcgis.com/NuWFvHYDMVmmxMeM/arcgis/rest/services/State_Maintained_Historical_TIMS_Incidents_Hurricane_Helene/FeatureServer/1"}}, {"type": "Feature", "geometry": {"type": "LineString", "coordinates": [[-82.71086, 35.80123], [-82.71103, 35.80109], [-82.71118, 35.80089], [-82.71169, 35.80069], [-82.71183, 35.80023], [-82.71185, 35.80001], [-82.71209, 35.79938], [-82.71242, 35.79847], [-82.71285, 35.79769], [-82.71291, 35.79729], [-82.71271, 35.79681], [-82.71223, 35.79642], [-82.71146, 35.79581], [-82.71132, 35.79554], [-82.71118, 35.79496], [-82.71117, 35.79446], [-82.71165, 35.79441], [-82.71705, 35.7955]]}, "properties": {"id": "tims-713431", "tims_id": 713431, "road_name": "SR-1203 (Redmon Rd)", "road": "SR-1203", "common_name": "Redmon Rd", "county": "Madison", "closed_at": "2024-09-26T16:13:00Z", "reopened_at": "2025-02-27T20:20:06.102000Z", "est_end_at": "2025-12-31T17:00:00Z", "last_update_at": "2024-12-12T16:22:38Z", "condition": "Road Closed", "description": "Flooding due to storm event.", "location": "Near Marshall / Both Directions", "severity": 3, "is_full_closure": null, "geom_kind": "line", "feed_status": "historical", "provenance": "real: NCDOT TIMS via ArcGIS FeatureServer", "source_url": "https://services.arcgis.com/NuWFvHYDMVmmxMeM/arcgis/rest/services/State_Maintained_Historical_TIMS_Incidents_Hurricane_Helene/FeatureServer/1"}}, {"type": "Feature", "geometry": {"type": "Point", "coordinates": [-82.5208050012589, 35.4731479707386]}, "properties": {"id": "tims-713433", "tims_id": 713433, "road_name": "US-25 (Hendersonville Road)", "road": "US-25", "common_name": "Hendersonville Road", "county": "Buncombe", "closed_at": "2024-09-26T16:19:00Z", "reopened_at": null, "est_end_at": "2024-10-31T16:00:00Z", "last_update_at": "2024-10-09T13:34:43Z", "condition": "Open", "description": "The shoulder is closed near SR-3550, Heywood Road.", "location": "Near Arden / Heading North", "severity": null, "is_full_closure": null, "geom_kind": "point", "feed_status": "historical", "provenance": "real: NCDOT TIMS via ArcGIS FeatureServer", "source_url": "https://services.arcgis.com/NuWFvHYDMVmmxMeM/arcgis/rest/services/State_Maintained_Historical_TIMS_Incidents_Hurricane_Helene/FeatureServer/0"}}, {"type": "Feature", "geometry": {"type": "LineString", "coordinates": [[-82.47722, 35.27786], [-82.47723, 35.27776], [-82.47739, 35.27722], [-82.47739, 35.27705], [-82.47734, 35.27686], [-82.47698, 35.27638], [-82.47659, 35.27579], [-82.47591, 35.27483]]}, "properties": {"id": "tims-713438", "tims_id": 713438, "road_name": "SR-1152 (Crail Farm Road)", "road": "SR-1152", "common_name": "Crail Farm Road", "county": "Henderson", "closed_at": "2024-09-26T16:53:00Z", "reopened_at": "2024-10-30T13:00:04.690000Z", "est_end_at": "2024-10-31T16:00:00Z", "last_update_at": "2024-10-14T19:04:53Z", "condition": "Road Closed", "description": "The road is closed near Middleton Road.", "location": "South of Hendersonville / Both Directions", "severity": 1, "is_full_closure": null, "geom_kind": "line", "feed_status": "historical", "provenance": "real: NCDOT TIMS via ArcGIS FeatureServer", "source_url": "https://services.arcgis.com/NuWFvHYDMVmmxMeM/arcgis/rest/services/State_Maintained_Historical_TIMS_Incidents_Hurricane_Helene/FeatureServer/1"}}, {"type": "Feature", "geometry": {"type": "LineString", "coordinates": [[-82.46676, 35.2947], [-82.46513, 35.29703], [-82.46399, 35.29915], [-82.4635, 35.3006], [-82.46352, 35.30213]]}, "properties": {"id": "tims-713444", "tims_id": 713444, "road_name": "SR-1127 (Kanuga Road)", "road": "SR-1127", "common_name": "Kanuga Road", "county": "Henderson", "closed_at": "2024-09-26T17:44:00Z", "reopened_at": "2024-10-24T15:10:05.075000Z", "est_end_at": "2024-10-31T16:00:00Z", "last_update_at": "2024-10-14T19:07:14Z", "condition": "Road Closed", "description": "The road is closed near Erkwood Drive.", "location": "Near Hendersonville / Both Directions", "severity": 1, "is_full_closure": null, "geom_kind": "line", "feed_status": "historical", "provenance": "real: NCDOT TIMS via ArcGIS FeatureServer", "source_url": "https://services.arcgis.com/NuWFvHYDMVmmxMeM/arcgis/rest/services/State_Maintained_Historical_TIMS_Incidents_Hurricane_Helene/FeatureServer/1"}}, {"type": "Feature", "geometry": {"type": "LineString", "coordinates": [[-82.58805, 35.56618], [-82.58765, 35.56632], [-82.58737, 35.56641], [-82.58704, 35.56649], [-82.58662, 35.56658], [-82.58614, 35.56667], [-82.5856, 35.56675], [-82.5849, 35.56681]]}, "properties": {"id": "tims-713448", "tims_id": 713448, "road_name": "I-240", "road": "I-240", "common_name": "", "county": "Buncombe", "closed_at": "2024-09-26T18:22:00Z", "reopened_at": "2024-10-16T00:10:04.347000Z", "est_end_at": "2024-10-31T16:00:00Z", "last_update_at": "2024-10-09T11:12:48Z", "condition": "Ramp Closed", "description": "The ramp is closed to Exit 1C, Amboy Rd.", "location": "In Asheville / Mile Marker 1 Heading East", "severity": 2, "is_full_closure": null, "geom_kind": "line", "feed_status": "historical", "provenance": "real: NCDOT TIMS via ArcGIS FeatureServer", "source_url": "https://services.arcgis.com/NuWFvHYDMVmmxMeM/arcgis/rest/services/State_Maintained_Historical_TIMS_Incidents_Hurricane_Helene/FeatureServer/1"}}, {"type": "Feature", "geometry": {"type": "LineString", "coordinates": [[-81.91426, 35.70385], [-81.91382, 35.70368]]}, "properties": {"id": "tims-713457", "tims_id": 713457, "road_name": "SR-1760 (Harmony Grove Rd)", "road": "SR-1760", "common_name": "Harmony Grove Rd", "county": "McDowell", "closed_at": "2024-09-26T18:52:00Z", "reopened_at": "2024-10-21T18:00:04.783000Z", "est_end_at": "2024-10-31T16:00:00Z", "last_update_at": "2024-10-10T12:40:13Z", "condition": "Road Closed", "description": "Tree Down across both lanes of Harmony Grove- Utility Company Responding", "location": "East of Marion / Both Directions", "severity": 2, "is_full_closure": null, "geom_kind": "line", "feed_status": "historical", "provenance": "real: NCDOT TIMS via ArcGIS FeatureServer", "source_url": "https://services.arcgis.com/NuWFvHYDMVmmxMeM/arcgis/rest/services/State_Maintained_Historical_TIMS_Incidents_Hurricane_Helene/FeatureServer/1"}}, {"type": "Feature", "geometry": {"type": "LineString", "coordinates": [[-82.61552, 35.7285], [-82.61593, 35.72837], [-82.61622, 35.72823], [-82.6164, 35.72802], [-82.61663, 35.7277], [-82.61687, 35.72735], [-82.61709, 35.72721], [-82.61744, 35.72721], [-82.6178, 35.72741], [-82.61829, 35.7277], [-82.61863, 35.7281]]}, "properties": {"id": "tims-713504", "tims_id": 713504, "road_name": "SR-1741 (Lower Shephard Branch Rd)", "road": "SR-1741", "common_name": "Lower Shephard Branch Rd", "county": "Buncombe", "closed_at": "2024-09-26T21:51:00Z", "reopened_at": "2024-10-09T18:00:12.135000Z", "est_end_at": "2024-10-10T16:00:00Z", "last_update_at": "2024-09-30T14:54:52Z", "condition": "Road Closed", "description": "The road is closed near Martin Ford Rd.", "location": "Near Jupiter / Both Directions", "severity": 2, "is_full_closure": null, "geom_kind": "line", "feed_status": "historical", "provenance": "real: NCDOT TIMS via ArcGIS FeatureServer", "source_url": "https://services.arcgis.com/NuWFvHYDMVmmxMeM/arcgis/rest/services/State_Maintained_Historical_TIMS_Incidents_Hurricane_Helene/FeatureServer/1"}}, {"type": "Feature", "geometry": {"type": "LineString", "coordinates": [[-82.18574, 35.5713], [-82.18604, 35.57006], [-82.18601, 35.56912], [-82.18559, 35.56795], [-82.18526, 35.5673], [-82.18529, 35.56739]]}, "properties": {"id": "tims-713515", "tims_id": 713515, "road_name": "SR-1103 (Bat Cave Rd)", "road": "SR-1103", "common_name": "Bat Cave Rd", "county": "McDowell", "closed_at": "2024-09-26T22:46:00Z", "reopened_at": "2024-10-18T23:00:04.418000Z", "est_end_at": "2024-10-31T16:00:00Z", "last_update_at": "2024-10-10T12:38:35Z", "condition": "Road Closed", "description": "Slide blocking roadway near 4733 Bat Cave Rd", "location": "South West of West Marion / Both Directions", "severity": 2, "is_full_closure": null, "geom_kind": "line", "feed_status": "historical", "provenance": "real: NCDOT TIMS via ArcGIS FeatureServer", "source_url": "https://services.arcgis.com/NuWFvHYDMVmmxMeM/arcgis/rest/services/State_Maintained_Historical_TIMS_Incidents_Hurricane_Helene/FeatureServer/1"}}, {"type": "Feature", "geometry": {"type": "LineString", "coordinates": [[-82.66647, 35.79612], [-82.66611, 35.79565], [-82.66568, 35.79553], [-82.66529, 35.79558], [-82.66456, 35.79619], [-82.66446, 35.79685], [-82.66403, 35.79725], [-82.66422, 35.79826], [-82.66366, 35.79878], [-82.66313, 35.79938], [-82.66274, 35.79943], [-82.66193, 35.79936], [-82.66085, 35.79955], [-82.66029, 35.79995], [-82.65916, 35.80004], [-82.65841, 35.80047], [-82.65796, 35.80068], [-82.65772, 35.8011], [-82.65776, 35.80179]]}, "properties": {"id": "tims-713531", "tims_id": 713531, "road_name": "SR-1158 (Hayes Run Rd)", "road": "SR-1158", "common_name": "Hayes Run Rd", "county": "Madison", "closed_at": "2024-09-27T00:19:00Z", "reopened_at": "2024-10-08T19:40:09.774000Z", "est_end_at": "2024-10-10T16:00:00Z", "last_update_at": "2024-09-30T14:55:35Z", "condition": "Road Closed", "description": "Trees and utility lines down across roadway from Smith Hollow Rd (SR-1393) to NC-213 interchange.", "location": "Near Marshall / Both Directions", "severity": 3, "is_full_closure": null, "geom_kind": "line", "feed_status": "historical", "provenance": "real: NCDOT TIMS via ArcGIS FeatureServer", "source_url": "https://services.arcgis.com/NuWFvHYDMVmmxMeM/arcgis/rest/services/State_Maintained_Historical_TIMS_Incidents_Hurricane_Helene/FeatureServer/1"}}, {"type": "Feature", "geometry": {"type": "LineString", "coordinates": [[-82.28713, 35.45152], [-82.28736, 35.45076], [-82.28784, 35.45023], [-82.28846, 35.44988], [-82.28929, 35.44959], [-82.28953, 35.44952], [-82.29017, 35.44942], [-82.29064, 35.44923], [-82.29094, 35.449], [-82.29157, 35.44792], [-82.2919, 35.4478], [-82.2923, 35.44783], [-82.29261, 35.44784], [-82.29294, 35.44768], [-82.29327, 35.44731], [-82.29355, 35.44624], [-82.29364, 35.44577], [-82.29328, 35.44425], [-82.29374, 35.44304], [-82.29399, 35.44238], [-82.29416, 35.44173], [-82.2944, 35.4414], [-82.29485, 35.44108], [-82.29563, 35.44074], [-82.29621, 35.44046], [-82.29657, 35.44002], [-82.2973, 35.43901], [-82.29749, 35.43882], [-82.29792, 35.43854], [-82.29884, 35.43821], [-82.29932, 35.43798], [-82.29934, 35.43791], [-82.29944, 35.43787], [-82.2995, 35.43731], [-82.2995, 35.43716], [-82.29973, 35.43687], [-82.30006, 35.43659], [-82.30024, 35.43641], [-82.30144, 35.43586], [-82.30185, 35.43551], [-82.30223, 35.43503], [-82.30231, 35.43461], [-82.30302, 35.43308], [-82.30346, 35.4323], [-82.30379, 35.43166], [-82.30382, 35.43155], [-82.30381, 35.43102], [-82.30399, 35.43054], [-82.30424, 35.43019], [-82.30489, 35.42963], [-82.30453, 35.42845], [-82.30554, 35.42654], [-82.30694, 35.42537], [-82.30743, 35.42481]]}, "properties": {"id": "tims-713546", "tims_id": 713546, "road_name": "US-64 (Chimney Rock Road)", "road": "US-64", "common_name": "Chimney Rock Road", "county": "Henderson", "closed_at": "2024-09-27T03:04:00Z", "reopened_at": "2024-12-12T14:40:03.775000Z", "est_end_at": "2024-12-20T17:00:00Z", "last_update_at": "2024-11-25T17:18:48Z", "condition": "Road Impassable", "description": "The road is impassable between Slick Rock Road and US 74 ALT (Lake Lure Highway).", "location": "North East of Hendersonville / Both Directions", "severity": 3, "is_full_closure": null, "geom_kind": "line", "feed_status": "historical", "provenance": "real: NCDOT TIMS via ArcGIS FeatureServer", "source_url": "https://services.arcgis.com/NuWFvHYDMVmmxMeM/arcgis/rest/services/State_Maintained_Historical_TIMS_Incidents_Hurricane_Helene/FeatureServer/1"}}, {"type": "Feature", "geometry": {"type": "LineString", "coordinates": [[-82.28984, 35.45328], [-82.28966, 35.45369], [-82.28965, 35.45411], [-82.2894, 35.45608], [-82.28908, 35.45769], [-82.28845, 35.45873], [-82.28826, 35.45915], [-82.28802, 35.45982], [-82.28784, 35.46019], [-82.28736, 35.46069], [-82.28676, 35.461], [-82.28561, 35.4613]]}, "properties": {"id": "tims-713547", "tims_id": 713547, "road_name": "NC-9", "road": "NC-9", "common_name": "", "county": "Henderson", "closed_at": "2024-09-27T03:13:00Z", "reopened_at": "2024-12-12T14:40:03.775000Z", "est_end_at": "2024-12-20T17:00:00Z", "last_update_at": "2024-11-25T17:19:04Z", "condition": "Road Impassable", "description": "The road is impassable between US 74 ALT (Gerton Highway) and Mt. Tabor Way.", "location": "Near Hendersonville / Both Directions", "severity": 3, "is_full_closure": null, "geom_kind": "line", "feed_status": "historical", "provenance": "real: NCDOT TIMS via ArcGIS FeatureServer", "source_url": "https://services.arcgis.com/NuWFvHYDMVmmxMeM/arcgis/rest/services/State_Maintained_Historical_TIMS_Incidents_Hurricane_Helene/FeatureServer/1"}}, {"type": "Feature", "geometry": {"type": "LineString", "coordinates": [[-82.35547, 35.38564], [-82.35383, 35.38707], [-82.35812, 35.38342]]}, "properties": {"id": "tims-713548", "tims_id": 713548, "road_name": "US-64", "road": "US-64", "common_name": "", "county": "Henderson", "closed_at": "2024-09-27T03:42:00Z", "reopened_at": "2024-10-30T13:00:04.690000Z", "est_end_at": "2024-10-31T16:00:00Z", "last_update_at": "2024-10-14T19:09:00Z", "condition": "Road Impassable", "description": "The road is impassable at Pressly Road.", "location": "Near Hendersonville / Both Directions", "severity": 3, "is_full_closure": null, "geom_kind": "line", "feed_status": "historical", "provenance": "real: NCDOT TIMS via ArcGIS FeatureServer", "source_url": "https://services.arcgis.com/NuWFvHYDMVmmxMeM/arcgis/rest/services/State_Maintained_Historical_TIMS_Incidents_Hurricane_Helene/FeatureServer/1"}}, {"type": "Feature", "geometry": {"type": "LineString", "coordinates": [[-82.48663, 35.21675], [-82.48657, 35.21661], [-82.48656, 35.21639], [-82.48649, 35.21619], [-82.48635, 35.21606], [-82.4862, 35.21599], [-82.48647, 35.21617], [-82.48656, 35.2164], [-82.48659, 35.21665], [-82.48664, 35.21675], [-82.48678, 35.21682], [-82.48699, 35.21681], [-82.48731, 35.21673], [-82.48748, 35.21671], [-82.48698, 35.21679], [-82.48678, 35.21682], [-82.48664, 35.21676]]}, "properties": {"id": "tims-713557", "tims_id": 713557, "road_name": "SR-1109 (Cabin Creek Road)", "road": "SR-1109", "common_name": "Cabin Creek Road", "county": "Henderson", "closed_at": "2024-09-27T04:37:00Z", "reopened_at": "2024-10-30T13:00:04.690000Z", "est_end_at": "2024-10-31T16:00:00Z", "last_update_at": "2024-10-14T19:09:39Z", "condition": "Road Impassable", "description": "The road is impassable at Mammoth Springs Lane.", "location": "Near Flat Rock / Both Directions", "severity": 2, "is_full_closure": null, "geom_kind": "line", "feed_status": "historical", "provenance": "real: NCDOT TIMS via ArcGIS FeatureServer", "source_url": "https://services.arcgis.com/NuWFvHYDMVmmxMeM/arcgis/rest/services/State_Maintained_Historical_TIMS_Incidents_Hurricane_Helene/FeatureServer/1"}}, {"type": "Feature", "geometry": {"type": "LineString", "coordinates": [[-82.80923, 35.42134], [-82.80911, 35.42139], [-82.80827, 35.42146], [-82.80777, 35.42141], [-82.80723, 35.42115], [-82.80778, 35.42141], [-82.80829, 35.42144], [-82.8091, 35.42138], [-82.80928, 35.42133], [-82.80934, 35.42125], [-82.80933, 35.42072], [-82.80939, 35.42047], [-82.80968, 35.42001], [-82.80938, 35.42044], [-82.80933, 35.42071], [-82.80934, 35.42123], [-82.80927, 35.42135]]}, "properties": {"id": "tims-713561", "tims_id": 713561, "road_name": "SR-1887 (Chinquapin Road)", "road": "SR-1887", "common_name": "Chinquapin Road", "county": "Haywood", "closed_at": "2024-09-27T05:29:00Z", "reopened_at": "2024-10-16T15:10:05.721000Z", "est_end_at": "2024-10-31T16:00:00Z", "last_update_at": "2024-10-10T15:06:37Z", "condition": "Road Impassable", "description": "The road is impassable near Fawn Trail.", "location": "Near Canton / Both Directions", "severity": 2, "is_full_closure": null, "geom_kind": "line", "feed_status": "historical", "provenance": "real: NCDOT TIMS via ArcGIS FeatureServer", "source_url": "https://services.arcgis.com/NuWFvHYDMVmmxMeM/arcgis/rest/services/State_Maintained_Historical_TIMS_Incidents_Hurricane_Helene/FeatureServer/1"}}, {"type": "Feature", "geometry": {"type": "LineString", "coordinates": [[-82.87141, 35.47078], [-82.87131, 35.47145]]}, "properties": {"id": "tims-713562", "tims_id": 713562, "road_name": "SR-1105 (Max Thompson Road)", "road": "SR-1105", "common_name": "Max Thompson Road", "county": "Haywood", "closed_at": "2024-09-27T05:29:00Z", "reopened_at": "2024-11-24T15:50:04.092000Z", "est_end_at": "2024-11-30T17:00:00Z", "last_update_at": "2024-10-31T11:19:35Z", "condition": "Lane Closed", "description": "One lane is closed near Rolling Acres Drive.", "location": "Near Canton / Both Directions", "severity": 2, "is_full_closure": null, "geom_kind": "line", "feed_status": "historical", "provenance": "real: NCDOT TIMS via ArcGIS FeatureServer", "source_url": "https://services.arcgis.com/NuWFvHYDMVmmxMeM/arcgis/rest/services/State_Maintained_Historical_TIMS_Incidents_Hurricane_Helene/FeatureServer/1"}}, {"type": "Feature", "geometry": {"type": "LineString", "coordinates": [[-82.92869, 35.54457], [-82.92814, 35.54418], [-82.92789, 35.54388]]}, "properties": {"id": "tims-713566", "tims_id": 713566, "road_name": "SR-1513 (Hyder Mountain Rd)", "road": "SR-1513", "common_name": "Hyder Mountain Rd", "county": "Haywood", "closed_at": "2024-09-27T06:10:00Z", "reopened_at": "2024-10-16T15:20:04.740000Z", "est_end_at": "2024-10-31T16:00:00Z", "last_update_at": "2024-10-10T15:07:30Z", "condition": "Road Impassable", "description": "The road is closed near Ruby Ben Ln.", "location": "Near Clyde / Both Directions", "severity": 2, "is_full_closure": null, "geom_kind": "line", "feed_status": "historical", "provenance": "real: NCDOT TIMS via ArcGIS FeatureServer", "source_url": "https://services.arcgis.com/NuWFvHYDMVmmxMeM/arcgis/rest/services/State_Maintained_Historical_TIMS_Incidents_Hurricane_Helene/FeatureServer/1"}}, {"type": "Feature", "geometry": {"type": "LineString", "coordinates": [[-82.96467, 35.53134], [-82.96317, 35.52989], [-82.96276, 35.52935], [-82.96237, 35.52811], [-82.96093, 35.5267]]}, "properties": {"id": "tims-713567", "tims_id": 713567, "road_name": "SR-1376 (County Rd)", "road": "SR-1376", "common_name": "County Rd", "county": "Haywood", "closed_at": "2024-09-27T06:16:00Z", "reopened_at": "2024-10-14T19:04:32.771000Z", "est_end_at": "2024-10-31T16:00:00Z", "last_update_at": "2024-10-10T15:07:52Z", "condition": "Road Impassable", "description": "The road is closed from Daniel Ln to Access Rd.", "location": "Near Lake Junaluska / Both Directions", "severity": 2, "is_full_closure": null, "geom_kind": "line", "feed_status": "historical", "provenance": "real: NCDOT TIMS via ArcGIS FeatureServer", "source_url": "https://services.arcgis.com/NuWFvHYDMVmmxMeM/arcgis/rest/services/State_Maintained_Historical_TIMS_Incidents_Hurricane_Helene/FeatureServer/1"}}, {"type": "Feature", "geometry": {"type": "LineString", "coordinates": [[-82.80376, 35.49849], [-82.80391, 35.49837], [-82.80344, 35.49882], [-82.8038, 35.49848]]}, "properties": {"id": "tims-713569", "tims_id": 713569, "road_name": "SR-1854 (Dutch Cove Road)", "road": "SR-1854", "common_name": "Dutch Cove Road", "county": "Haywood", "closed_at": "2024-09-27T06:32:00Z", "reopened_at": "2024-10-16T15:10:05.721000Z", "est_end_at": "2024-10-31T16:00:00Z", "last_update_at": "2024-10-10T15:08:09Z", "condition": "Road Impassable", "description": "The road is impassable at Springhouse Drive.", "location": "Near Canton / Both Directions", "severity": 2, "is_full_closure": null, "geom_kind": "line", "feed_status": "historical", "provenance": "real: NCDOT TIMS via ArcGIS FeatureServer", "source_url": "https://services.arcgis.com/NuWFvHYDMVmmxMeM/arcgis/rest/services/State_Maintained_Historical_TIMS_Incidents_Hurricane_Helene/FeatureServer/1"}}, {"type": "Feature", "geometry": {"type": "LineString", "coordinates": [[-82.62341, 35.29907], [-82.62, 35.29851], [-82.62348, 35.29911], [-82.62654, 35.29958], [-82.6233, 35.29909]]}, "properties": {"id": "tims-713573", "tims_id": 713573, "road_name": "SR-1202 (Grove Bridge Road)", "road": "SR-1202", "common_name": "Grove Bridge Road", "county": "Henderson", "closed_at": "2024-09-27T06:54:00Z", "reopened_at": "2024-10-30T13:00:04.690000Z", "est_end_at": "2024-10-31T16:00:00Z", "last_update_at": "2024-10-14T19:25:50Z", "condition": "Road Impassable", "description": "The road is impassable Between US 64 and Pleasant Grove Road.", "location": "Near Etowah / Both Directions", "severity": 2, "is_full_closure": null, "geom_kind": "line", "feed_status": "historical", "provenance": "real: NCDOT TIMS via ArcGIS FeatureServer", "source_url": "https://services.arcgis.com/NuWFvHYDMVmmxMeM/arcgis/rest/services/State_Maintained_Historical_TIMS_Incidents_Hurricane_Helene/FeatureServer/1"}}, {"type": "Feature", "geometry": {"type": "LineString", "coordinates": [[-82.62003, 35.29852], [-82.61951, 35.29917], [-82.61953, 35.29914], [-82.62002, 35.29855], [-82.62029, 35.29801], [-82.62, 35.29857]]}, "properties": {"id": "tims-713575", "tims_id": 713575, "road_name": "SR-1191 (Pleasant Grove Road)", "road": "SR-1191", "common_name": "Pleasant Grove Road", "county": "Henderson", "closed_at": "2024-09-27T06:58:00Z", "reopened_at": "2024-10-30T13:10:04.651000Z", "est_end_at": "2024-10-31T16:00:00Z", "last_update_at": "2024-10-14T19:26:23Z", "condition": "Road Impassable", "description": "The road is impassable at Grove Bridge Road.", "location": "Near Etowah / Both Directions", "severity": 2, "is_full_closure": null, "geom_kind": "line", "feed_status": "historical", "provenance": "real: NCDOT TIMS via ArcGIS FeatureServer", "source_url": "https://services.arcgis.com/NuWFvHYDMVmmxMeM/arcgis/rest/services/State_Maintained_Historical_TIMS_Incidents_Hurricane_Helene/FeatureServer/1"}}, {"type": "Feature", "geometry": {"type": "LineString", "coordinates": [[-82.91204, 35.42274], [-82.91222, 35.42272], [-82.91249, 35.42265], [-82.91271, 35.42263], [-82.91236, 35.42267], [-82.91216, 35.42272], [-82.91196, 35.42276], [-82.91124, 35.42278], [-82.91202, 35.42274]]}, "properties": {"id": "tims-713576", "tims_id": 713576, "road_name": "SR-1129 (Little East Fork Road)", "road": "SR-1129", "common_name": "Little East Fork Road", "county": "Haywood", "closed_at": "2024-09-27T07:25:00Z", "reopened_at": "2024-10-16T15:20:04.740000Z", "est_end_at": "2024-10-31T16:00:00Z", "last_update_at": "2024-10-10T15:08:24Z", "condition": "Road Impassable", "description": "The road is impassable near Peace trail.", "location": "Near Waynesville / Both Directions", "severity": 2, "is_full_closure": null, "geom_kind": "line", "feed_status": "historical", "provenance": "real: NCDOT TIMS via ArcGIS FeatureServer", "source_url": "https://services.arcgis.com/NuWFvHYDMVmmxMeM/arcgis/rest/services/State_Maintained_Historical_TIMS_Incidents_Hurricane_Helene/FeatureServer/1"}}, {"type": "Feature", "geometry": {"type": "LineString", "coordinates": [[-82.92672, 35.43399], [-82.92732, 35.43406]]}, "properties": {"id": "tims-713580", "tims_id": 713580, "road_name": "SR-1124 (Nix Creek Road)", "road": "SR-1124", "common_name": "Nix Creek Road", "county": "Haywood", "closed_at": "2024-09-27T07:27:00Z", "reopened_at": "2024-11-24T19:00:04.287000Z", "est_end_at": "2024-11-30T17:00:00Z", "last_update_at": "2024-10-31T11:10:46Z", "condition": "Road Impassable", "description": "The road closed near Lake Logan Road for storm damage repair.", "location": "Near Waynesville / Both Directions", "severity": 2, "is_full_closure": null, "geom_kind": "line", "feed_status": "historical", "provenance": "real: NCDOT TIMS via ArcGIS FeatureServer", "source_url": "https://services.arcgis.com/NuWFvHYDMVmmxMeM/arcgis/rest/services/State_Maintained_Historical_TIMS_Incidents_Hurricane_Helene/FeatureServer/1"}}, {"type": "Feature", "geometry": {"type": "LineString", "coordinates": [[-82.54446, 35.39838], [-82.54363, 35.39861]]}, "properties": {"id": "tims-713577", "tims_id": 713577, "road_name": "SR-1345 (Jeffress Rd)", "road": "SR-1345", "common_name": "Jeffress Rd", "county": "Henderson", "closed_at": "2024-09-27T07:28:00Z", "reopened_at": "2024-10-16T22:30:04.704000Z", "est_end_at": "2024-10-31T16:00:00Z", "last_update_at": "2024-10-14T19:26:54Z", "condition": "Road Impassable", "description": "The road is impassable near Hooper Lane.", "location": "Near Mills River / Both Directions", "severity": 3, "is_full_closure": null, "geom_kind": "line", "feed_status": "historical", "provenance": "real: NCDOT TIMS via ArcGIS FeatureServer", "source_url": "https://services.arcgis.com/NuWFvHYDMVmmxMeM/arcgis/rest/services/State_Maintained_Historical_TIMS_Incidents_Hurricane_Helene/FeatureServer/1"}}, {"type": "Feature", "geometry": {"type": "LineString", "coordinates": [[-82.81519, 35.38381], [-82.81392, 35.38279], [-82.81212, 35.38249], [-82.81163, 35.3822], [-82.811, 35.38136], [-82.81023, 35.37992], [-82.80987, 35.37971], [-82.80916, 35.37784], [-82.80924, 35.37718], [-82.80946, 35.37647], [-82.80985, 35.37582], [-82.81051, 35.37568], [-82.81115, 35.3757], [-82.81253, 35.37544], [-82.81401, 35.37558], [-82.8145, 35.37502], [-82.81474, 35.37423], [-82.81557, 35.37342], [-82.81613, 35.3723], [-82.81609, 35.37132], [-82.81612, 35.37078], [-82.81625, 35.37031], [-82.81658, 35.36947], [-82.81666, 35.36816], [-82.81694, 35.36725], [-82.81758, 35.36608], [-82.81776, 35.3655], [-82.81737, 35.3648], [-82.81625, 35.36469], [-82.81524, 35.36527], [-82.8146, 35.36599], [-82.81454, 35.36669], [-82.81477, 35.36797], [-82.81452, 35.36797], [-82.81366, 35.36753], [-82.81316, 35.36744], [-82.81284, 35.36714], [-82.81246, 35.36707], [-82.81203, 35.36716], [-82.81198, 35.36758], [-82.81192, 35.36797], [-82.81196, 35.36853], [-82.81162, 35.3687], [-82.81115, 35.36881], [-82.81093, 35.36895], [-82.81097, 35.36943], [-82.81069, 35.36987], [-82.81064, 35.37099], [-82.81047, 35.37113], [-82.80959, 35.37087], [-82.80897, 35.37092], [-82.80742, 35.37131], [-82.80697, 35.37122], [-82.80657, 35.37075], [-82.80631, 35.37064], [-82.80566, 35.37082], [-82.80528, 35.3709], [-82.805, 35.37082], [-82.80461, 35.36963], [-82.80403, 35.36924], [-82.80371, 35.36872], [-82.80343, 35.36842], [-82.80354, 35.36788], [-82.80324, 35.36732], [-82.80273, 35.3672], [-82.80206, 35.36711], [-82.80144, 35.36737], [-82.80122, 35.36739], [-82.80092, 35.3672], [-82.80013, 35.36707], [-82.79946, 35.36683], [-82.79918, 35.36669], [-82.7988, 35.3669], [-82.79876, 35.368], [-82.79852, 35.36865], [-82.79796, 35.36888], [-82.79727, 35.36882], [-82.79665, 35.36842], [-82.79622, 35.36793], [-82.79586, 35.36746], [-82.79558, 35.36723], [-82.79526, 35.36732], [-82.79479, 35.36725], [-82.79367, 35.36784], [-82.79331, 35.36849], [-82.79331, 35.369], [-82.79288, 35.3695], [-82.79279, 35.37073], [-82.79294, 35.37127], [-82.79228, 35.37169], [-82.79142, 35.37262], [-82.79105, 35.37337]]}, "properties": {"id": "tims-713579", "tims_id": 713579, "road_name": "US-276", "road": "US-276", "common_name": "", "county": "Haywood", "closed_at": "2024-09-27T07:32:00Z", "reopened_at": "2024-10-08T18:10:13.251000Z", "est_end_at": "2024-10-10T16:00:00Z", "last_update_at": "2024-10-08T17:14:07Z", "condition": "Road Impassable", "description": "The road is closed from Camp Hope Road to the Blue Ridge Pkwy.", "location": "East of Waynesville / Both Directions", "severity": 3, "is_full_closure": null, "geom_kind": "line", "feed_status": "historical", "provenance": "real: NCDOT TIMS via ArcGIS FeatureServer", "source_url": "https://services.arcgis.com/NuWFvHYDMVmmxMeM/arcgis/rest/services/State_Maintained_Historical_TIMS_Incidents_Hurricane_Helene/FeatureServer/1"}}, {"type": "Feature", "geometry": {"type": "LineString", "coordinates": [[-82.80459, 35.4944], [-82.80468, 35.49431], [-82.80485, 35.49423], [-82.80468, 35.49432], [-82.80456, 35.49443], [-82.80457, 35.49469], [-82.8046, 35.49488], [-82.80455, 35.49465], [-82.80456, 35.4944]]}, "properties": {"id": "tims-713581", "tims_id": 713581, "road_name": "SR-1854 (Dutch Cove Road)", "road": "SR-1854", "common_name": "Dutch Cove Road", "county": "Haywood", "closed_at": "2024-09-27T07:45:00Z", "reopened_at": "2024-10-16T15:10:05.721000Z", "est_end_at": "2024-10-31T16:00:00Z", "last_update_at": "2024-10-10T15:09:01Z", "condition": "Road Impassable", "description": "The road is impassable at Elbert Burnett Road.", "location": "Near Canton / Both Directions", "severity": 2, "is_full_closure": null, "geom_kind": "line", "feed_status": "historical", "provenance": "real: NCDOT TIMS via ArcGIS FeatureServer", "source_url": "https://services.arcgis.com/NuWFvHYDMVmmxMeM/arcgis/rest/services/State_Maintained_Historical_TIMS_Incidents_Hurricane_Helene/FeatureServer/1"}}, {"type": "Feature", "geometry": {"type": "LineString", "coordinates": [[-82.83776, 35.45162], [-82.83773, 35.45157], [-82.83709, 35.45159], [-82.83772, 35.45157], [-82.83777, 35.45163], [-82.83801, 35.45187], [-82.83774, 35.4516]]}, "properties": {"id": "tims-713583", "tims_id": 713583, "road_name": "SR-1104 (Burnette Cove Road)", "road": "SR-1104", "common_name": "Burnette Cove Road", "county": "Haywood", "closed_at": "2024-09-27T07:49:00Z", "reopened_at": "2024-10-14T16:30:09.566000Z", "est_end_at": "2024-10-31T16:00:00Z", "last_update_at": "2024-10-10T15:09:24Z", "condition": "Road Impassable", "description": "The road is impassable at Water Way.", "location": "Near Canton / Both Directions", "severity": 2, "is_full_closure": null, "geom_kind": "line", "feed_status": "historical", "provenance": "real: NCDOT TIMS via ArcGIS FeatureServer", "source_url": "https://services.arcgis.com/NuWFvHYDMVmmxMeM/arcgis/rest/services/State_Maintained_Historical_TIMS_Incidents_Hurricane_Helene/FeatureServer/1"}}, {"type": "Feature", "geometry": {"type": "LineString", "coordinates": [[-82.3198, 35.40712], [-82.31881, 35.40799]]}, "properties": {"id": "tims-713587", "tims_id": 713587, "road_name": "US-64", "road": "US-64", "common_name": "", "county": "Henderson", "closed_at": "2024-09-27T08:21:00Z", "reopened_at": "2024-10-30T13:10:04.651000Z", "est_end_at": "2024-10-31T16:00:00Z", "last_update_at": "2024-10-14T19:27:26Z", "condition": "Road Impassable", "description": "The road is impassable at Hog Rock Road.", "location": "Near Hendersonville / Both Directions", "severity": 3, "is_full_closure": null, "geom_kind": "line", "feed_status": "historical", "provenance": "real: NCDOT TIMS via ArcGIS FeatureServer", "source_url": "https://services.arcgis.com/NuWFvHYDMVmmxMeM/arcgis/rest/services/State_Maintained_Historical_TIMS_Incidents_Hurricane_Helene/FeatureServer/1"}}, {"type": "Feature", "geometry": {"type": "Point", "coordinates": [-82.2847738259006, 35.4507676628488]}, "properties": {"id": "tims-713590", "tims_id": 713590, "road_name": "US-64", "road": "US-64", "common_name": "", "county": "Henderson", "closed_at": "2024-09-27T08:48:00Z", "reopened_at": null, "est_end_at": "2024-09-27T16:00:00Z", "last_update_at": "2024-09-27T09:01:47Z", "condition": "Open", "description": "There is congestion near Bat Cave Drive.", "location": "Near Hendersonville / Both Directions", "severity": null, "is_full_closure": null, "geom_kind": "point", "feed_status": "historical", "provenance": "real: NCDOT TIMS via ArcGIS FeatureServer", "source_url": "https://services.arcgis.com/NuWFvHYDMVmmxMeM/arcgis/rest/services/State_Maintained_Historical_TIMS_Incidents_Hurricane_Helene/FeatureServer/0"}}, {"type": "Feature", "geometry": {"type": "LineString", "coordinates": [[-82.16669, 35.77123], [-82.16845, 35.77161], [-82.16956, 35.77147], [-82.17042, 35.77189], [-82.17222, 35.77158], [-82.17372, 35.77144], [-82.17471, 35.77165], [-82.17518, 35.77172], [-82.17544, 35.77196], [-82.17514, 35.77325], [-82.17493, 35.7737], [-82.17544, 35.77398], [-82.17565, 35.77387], [-82.1763, 35.773], [-82.17656, 35.77172], [-82.17703, 35.77098], [-82.17784, 35.77029], [-82.1793, 35.76987], [-82.18016, 35.7698], [-82.18072, 35.76987], [-82.18132, 35.76956], [-82.18295, 35.76997], [-82.18359, 35.76977], [-82.18544, 35.77018], [-82.18627, 35.77042], [-82.18969, 35.77066], [-82.19178, 35.77057], [-82.19335, 35.77032], [-82.19468, 35.76973], [-82.19545, 35.76968], [-82.19732, 35.77004], [-82.19787, 35.77046], [-82.19865, 35.77154], [-82.19895, 35.77217], [-82.19997, 35.77854]]}, "properties": {"id": "tims-713595", "tims_id": 713595, "road_name": "NC-80 (NC 80 South)", "road": "NC-80", "common_name": "NC 80 South", "county": "Yancey", "closed_at": "2024-09-27T09:43:00Z", "reopened_at": "2024-10-30T00:10:04.102000Z", "est_end_at": "2024-10-31T16:00:00Z", "last_update_at": "2024-10-22T22:12:25Z", "condition": "Road Closed", "description": "sections of roadway collapsed due to flooding", "location": "South of Burnsville / Both Directions", "severity": 3, "is_full_closure": null, "geom_kind": "line", "feed_status": "historical", "provenance": "real: NCDOT TIMS via ArcGIS FeatureServer", "source_url": "https://services.arcgis.com/NuWFvHYDMVmmxMeM/arcgis/rest/services/State_Maintained_Historical_TIMS_Incidents_Hurricane_Helene/FeatureServer/1"}}, {"type": "Feature", "geometry": {"type": "LineString", "coordinates": [[-82.34826, 35.91026], [-82.34743, 35.90945], [-82.34695, 35.90873], [-82.34656, 35.90799], [-82.34644, 35.90762], [-82.34614, 35.90678], [-82.346, 35.9062], [-82.346, 35.90591], [-82.34606, 35.90566], [-82.34597, 35.90545], [-82.3458, 35.90535], [-82.34544, 35.90526], [-82.34491, 35.90516], [-82.34437, 35.90497], [-82.34395, 35.9049], [-82.34323, 35.9049], [-82.3428, 35.90485], [-82.3423, 35.90473], [-82.33974, 35.90331], [-82.33858, 35.90174]]}, "properties": {"id": "tims-713599", "tims_id": 713599, "road_name": "SR-1115 (Bakers Creek Rd)", "road": "SR-1115", "common_name": "Bakers Creek Rd", "county": "Yancey", "closed_at": "2024-09-27T09:55:00Z", "reopened_at": "2024-12-13T13:20:04.584000Z", "est_end_at": "2025-01-31T17:00:00Z", "last_update_at": "2024-12-12T17:44:35Z", "condition": "Road Closed", "description": "The road is closed near Maintenance Road.", "location": "Near Burnsville / Both Directions", "severity": 3, "is_full_closure": null, "geom_kind": "line", "feed_status": "historical", "provenance": "real: NCDOT TIMS via ArcGIS FeatureServer", "source_url": "https://services.arcgis.com/NuWFvHYDMVmmxMeM/arcgis/rest/services/State_Maintained_Historical_TIMS_Incidents_Hurricane_Helene/FeatureServer/1"}}, {"type": "Feature", "geometry": {"type": "LineString", "coordinates": [[-82.27854, 35.92213], [-82.27916, 35.92354], [-82.27912, 35.92441], [-82.27886, 35.92604], [-82.27897, 35.92686], [-82.27933, 35.92752], [-82.27983, 35.92886], [-82.2797, 35.92886]]}, "properties": {"id": "tims-713603", "tims_id": 713603, "road_name": "NC-197 (NC - 197N)", "road": "NC-197", "common_name": "NC - 197N", "county": "Yancey", "closed_at": "2024-09-27T09:59:00Z", "reopened_at": "2024-10-06T11:00:04.305000Z", "est_end_at": "2024-10-06T10:59:00Z", "last_update_at": "2024-09-29T20:09:31Z", "condition": "Road Closed", "description": "Partial roadway collapse on NC-197N from Roland Hill Rd to Green Mountain Dr. Traffic can detour around Green Mountain Dr.", "location": "Near Burnsville / Both Directions", "severity": 3, "is_full_closure": null, "geom_kind": "line", "feed_status": "historical", "provenance": "real: NCDOT TIMS via ArcGIS FeatureServer", "source_url": "https://services.arcgis.com/NuWFvHYDMVmmxMeM/arcgis/rest/services/State_Maintained_Historical_TIMS_Incidents_Hurricane_Helene/FeatureServer/1"}}, {"type": "Feature", "geometry": {"type": "LineString", "coordinates": [[-82.50177, 35.77851], [-82.50246, 35.77864], [-82.50327, 35.77897], [-82.50377, 35.77934], [-82.50405, 35.77961], [-82.50421, 35.77976], [-82.50467, 35.77995], [-82.50517, 35.78018], [-82.50542, 35.78043], [-82.50586, 35.78088], [-82.50617, 35.78122], [-82.50653, 35.78145], [-82.50686, 35.78156], [-82.50748, 35.78179], [-82.50817, 35.78231]]}, "properties": {"id": "tims-713607", "tims_id": 713607, "road_name": "SR-1317 (Arrowood Road)", "road": "SR-1317", "common_name": "Arrowood Road", "county": "Buncombe", "closed_at": "2024-09-27T10:19:00Z", "reopened_at": "2024-10-09T14:30:08.784000Z", "est_end_at": "2024-10-10T16:00:00Z", "last_update_at": "2024-09-30T15:11:42Z", "condition": "Road Closed", "description": "The road is closed near Barnardsville Highway.", "location": "Near Barnardsville / Both Directions", "severity": 1, "is_full_closure": null, "geom_kind": "line", "feed_status": "historical", "provenance": "real: NCDOT TIMS via ArcGIS FeatureServer", "source_url": "https://services.arcgis.com/NuWFvHYDMVmmxMeM/arcgis/rest/services/State_Maintained_Historical_TIMS_Incidents_Hurricane_Helene/FeatureServer/1"}}, {"type": "Feature", "geometry": {"type": "LineString", "coordinates": [[-82.45798, 35.30735], [-82.45472, 35.30685]]}, "properties": {"id": "tims-713606", "tims_id": 713606, "road_name": "US-176 (Spartanburg Highway)", "road": "US-176", "common_name": "Spartanburg Highway", "county": "Henderson", "closed_at": "2024-09-27T10:20:00Z", "reopened_at": "2024-10-30T13:10:04.651000Z", "est_end_at": "2024-10-31T16:00:00Z", "last_update_at": "2024-10-14T19:27:50Z", "condition": "Road Closed", "description": "US 176, Spartanburg Highway, is closed between NC 225, South Main Street, and SR-9999, Chadwick Avenue.", "location": "Near Hendersonville / Both Directions", "severity": 3, "is_full_closure": null, "geom_kind": "line", "feed_status": "historical", "provenance": "real: NCDOT TIMS via ArcGIS FeatureServer", "source_url": "https://services.arcgis.com/NuWFvHYDMVmmxMeM/arcgis/rest/services/State_Maintained_Historical_TIMS_Incidents_Hurricane_Helene/FeatureServer/1"}}, {"type": "Feature", "geometry": {"type": "LineString", "coordinates": [[-82.87658, 35.75924], [-82.87572, 35.76341], [-82.87499, 35.76697], [-82.87456, 35.76857], [-82.87413, 35.77114], [-82.87224, 35.77919], [-82.87147, 35.78288], [-82.87061, 35.78378], [-82.87207, 35.78538]]}, "properties": {"id": "tims-713609", "tims_id": 713609, "road_name": "NC-209", "road": "NC-209", "common_name": "", "county": "Madison", "closed_at": "2024-09-27T10:20:00Z", "reopened_at": "2025-06-30T16:30:04.350000Z", "est_end_at": "2025-07-01T10:00:00Z", "last_update_at": "2025-06-18T23:27:36Z", "condition": "Road Closed", "description": "The road is closed to commercial traffic.", "location": "Near Hot Springs / Both Directions", "severity": 3, "is_full_closure": null, "geom_kind": "line", "feed_status": "historical", "provenance": "real: NCDOT TIMS via ArcGIS FeatureServer", "source_url": "https://services.arcgis.com/NuWFvHYDMVmmxMeM/arcgis/rest/services/State_Maintained_Historical_TIMS_Incidents_Hurricane_Helene/FeatureServer/1"}}, {"type": "Feature", "geometry": {"type": "LineString", "coordinates": [[-82.43121, 35.75737], [-82.43054, 35.75708], [-82.42948, 35.75669], [-82.42798, 35.75612], [-82.42721, 35.7559], [-82.42523, 35.75574], [-82.42397, 35.75566], [-82.42332, 35.75571], [-82.42236, 35.75602]]}, "properties": {"id": "tims-713608", "tims_id": 713608, "road_name": "SR-2173 (Dillingham Road)", "road": "SR-2173", "common_name": "Dillingham Road", "county": "Buncombe", "closed_at": "2024-09-27T10:27:00Z", "reopened_at": "2024-10-16T14:10:05.235000Z", "est_end_at": "2024-10-31T16:00:00Z", "last_update_at": "2024-10-09T19:47:23Z", "condition": "Lane Closed", "description": "A lane is closed near Haw Branch Road.", "location": "Near Barnardsville / Both Directions", "severity": 1, "is_full_closure": null, "geom_kind": "line", "feed_status": "historical", "provenance": "real: NCDOT TIMS via ArcGIS FeatureServer", "source_url": "https://services.arcgis.com/NuWFvHYDMVmmxMeM/arcgis/rest/services/State_Maintained_Historical_TIMS_Incidents_Hurricane_Helene/FeatureServer/1"}}, {"type": "Feature", "geometry": {"type": "LineString", "coordinates": [[-82.59671, 35.5639], [-82.5968, 35.56367], [-82.59695, 35.56347], [-82.59707, 35.56322], [-82.59706, 35.56303], [-82.59689, 35.56264], [-82.59669, 35.56218], [-82.59666, 35.56187], [-82.59691, 35.56134], [-82.5972, 35.56068], [-82.59728, 35.56021], [-82.5967, 35.55878], [-82.5953, 35.55747], [-82.59401, 35.55621], [-82.5911, 35.55461]]}, "properties": {"id": "tims-713610", "tims_id": 713610, "road_name": "SR-2451 (Hominy Creek Road)", "road": "SR-2451", "common_name": "Hominy Creek Road", "county": "Buncombe", "closed_at": "2024-09-27T10:32:00Z", "reopened_at": "2024-10-16T00:10:04.347000Z", "est_end_at": "2024-10-31T16:00:00Z", "last_update_at": "2024-10-09T11:01:24Z", "condition": "Road Closed", "description": "The road is closed near Shelburne Road.", "location": "In Asheville / Both Directions", "severity": 1, "is_full_closure": null, "geom_kind": "line", "feed_status": "historical", "provenance": "real: NCDOT TIMS via ArcGIS FeatureServer", "source_url": "https://services.arcgis.com/NuWFvHYDMVmmxMeM/arcgis/rest/services/State_Maintained_Historical_TIMS_Incidents_Hurricane_Helene/FeatureServer/1"}}, {"type": "Feature", "geometry": {"type": "LineString", "coordinates": [[-82.44075, 35.29497], [-82.43999, 35.29569], [-82.43967, 35.29592], [-82.43931, 35.29615], [-82.43923, 35.29615], [-82.4389, 35.29644], [-82.43835, 35.29704], [-82.43814, 35.29729], [-82.4376, 35.29788], [-82.43736, 35.29816], [-82.43708, 35.29855]]}, "properties": {"id": "tims-713611", "tims_id": 713611, "road_name": "SR-1779 (Shepherd Street)", "road": "SR-1779", "common_name": "Shepherd Street", "county": "Henderson", "closed_at": "2024-09-27T10:32:00Z", "reopened_at": "2024-10-30T13:10:04.651000Z", "est_end_at": "2024-10-31T16:00:00Z", "last_update_at": "2024-10-14T19:29:22Z", "condition": "Road Closed", "description": "SR-1779, Shepherd Street, is closed between US 176, Spartanburg Highway, and SR-9999, Fairlane Drive.", "location": "Near Hendersonville / Both Directions", "severity": 3, "is_full_closure": null, "geom_kind": "line", "feed_status": "historical", "provenance": "real: NCDOT TIMS via ArcGIS FeatureServer", "source_url": "https://services.arcgis.com/NuWFvHYDMVmmxMeM/arcgis/rest/services/State_Maintained_Historical_TIMS_Incidents_Hurricane_Helene/FeatureServer/1"}}, {"type": "Feature", "geometry": {"type": "LineString", "coordinates": [[-82.7659, 35.46061], [-82.76612, 35.46031], [-82.76633, 35.46018], [-82.76671, 35.46013], [-82.76697, 35.46016], [-82.76728, 35.46027], [-82.76732, 35.46034]]}, "properties": {"id": "tims-713613", "tims_id": 713613, "road_name": "SR-1103 (Davis Creek Road)", "road": "SR-1103", "common_name": "Davis Creek Road", "county": "Buncombe", "closed_at": "2024-09-27T10:37:00Z", "reopened_at": "2024-10-16T13:50:04.693000Z", "est_end_at": "2024-10-31T16:00:00Z", "last_update_at": "2024-10-09T14:16:20Z", "condition": "Road Closed", "description": "The road is closed between Bens Cove Road and South Brooks Cove Road.", "location": "In Candler / Both Directions", "severity": 1, "is_full_closure": null, "geom_kind": "line", "feed_status": "historical", "provenance": "real: NCDOT TIMS via ArcGIS FeatureServer", "source_url": "https://services.arcgis.com/NuWFvHYDMVmmxMeM/arcgis/rest/services/State_Maintained_Historical_TIMS_Incidents_Hurricane_Helene/FeatureServer/1"}}, {"type": "Feature", "geometry": {"type": "LineString", "coordinates": [[-82.83789, 35.52281], [-82.83848, 35.5214], [-82.83887, 35.52054], [-82.83943, 35.51913], [-82.83988, 35.51819], [-82.84082, 35.5169], [-82.84351, 35.51451]]}, "properties": {"id": "tims-713616", "tims_id": 713616, "road_name": "NC-110 (Pisgah Drive)", "road": "NC-110", "common_name": "Pisgah Drive", "county": "Haywood", "closed_at": "2024-09-27T10:41:00Z", "reopened_at": "2024-10-10T19:20:06.676000Z", "est_end_at": "2024-10-31T16:00:00Z", "last_update_at": "2024-10-10T15:09:44Z", "condition": "Road Closed", "description": "The road is closed near Substation Road.", "location": "In Canton / Both Directions", "severity": 3, "is_full_closure": null, "geom_kind": "line", "feed_status": "historical", "provenance": "real: NCDOT TIMS via ArcGIS FeatureServer", "source_url": "https://services.arcgis.com/NuWFvHYDMVmmxMeM/arcgis/rest/services/State_Maintained_Historical_TIMS_Incidents_Hurricane_Helene/FeatureServer/1"}}, {"type": "Feature", "geometry": {"type": "LineString", "coordinates": [[-82.46243, 35.3109], [-82.46221, 35.31099], [-82.46158, 35.3111], [-82.46039, 35.31127]]}, "properties": {"id": "tims-713621", "tims_id": 713621, "road_name": "SR-1127 (Kanuga Road)", "road": "SR-1127", "common_name": "Kanuga Road", "county": "Henderson", "closed_at": "2024-09-27T10:45:00Z", "reopened_at": "2024-10-26T15:00:04.081000Z", "est_end_at": "2024-10-31T16:00:00Z", "last_update_at": "2024-10-14T19:30:21Z", "condition": "Road Closed", "description": "SR-1127, Kanuga Road, is closed between US 25 BUS, South Church Street, and SR-9999, Lily Pond Drive.", "location": "Near Hendersonville / Both Directions", "severity": 3, "is_full_closure": null, "geom_kind": "line", "feed_status": "historical", "provenance": "real: NCDOT TIMS via ArcGIS FeatureServer", "source_url": "https://services.arcgis.com/NuWFvHYDMVmmxMeM/arcgis/rest/services/State_Maintained_Historical_TIMS_Incidents_Hurricane_Helene/FeatureServer/1"}}, {"type": "Feature", "geometry": {"type": "Point", "coordinates": [-82.4230698215977, 35.5930519430733]}, "properties": {"id": "tims-713624", "tims_id": 713624, "road_name": "I-40", "road": "I-40", "common_name": "", "county": "Buncombe", "closed_at": "2024-09-27T10:50:00Z", "reopened_at": null, "est_end_at": "2024-09-28T21:00:00Z", "last_update_at": "2024-09-27T18:00:40Z", "condition": "Partial Access", "description": "The right lane is closed after Exit 59 (Patton Cove Rd).", "location": "Near Asheville / Mile Marker 58 Heading West", "severity": null, "is_full_closure": null, "geom_kind": "point", "feed_status": "historical", "provenance": "real: NCDOT TIMS via ArcGIS FeatureServer", "source_url": "https://services.arcgis.com/NuWFvHYDMVmmxMeM/arcgis/rest/services/State_Maintained_Historical_TIMS_Incidents_Hurricane_Helene/FeatureServer/0"}}, {"type": "Feature", "geometry": {"type": "LineString", "coordinates": [[-82.44998, 35.29533], [-82.44871, 35.29601], [-82.44704, 35.29691], [-82.44587, 35.29757], [-82.44557, 35.29768], [-82.44521, 35.29788], [-82.44314, 35.29908], [-82.43986, 35.30088]]}, "properties": {"id": "tims-713626", "tims_id": 713626, "road_name": "SR-1775 (Brooklyn Avenue)", "road": "SR-1775", "common_name": "Brooklyn Avenue", "county": "Henderson", "closed_at": "2024-09-27T10:52:00Z", "reopened_at": "2024-10-30T13:20:04.242000Z", "est_end_at": "2024-10-31T16:00:00Z", "last_update_at": "2024-10-14T19:30:39Z", "condition": "Road Closed", "description": "SR-1775, Brooklyn Avenue is closed between NC 225, Greenville Highway, US 176, Spartanburg Highway.", "location": "Near Hendersonville / Both Directions", "severity": 3, "is_full_closure": null, "geom_kind": "line", "feed_status": "historical", "provenance": "real: NCDOT TIMS via ArcGIS FeatureServer", "source_url": "https://services.arcgis.com/NuWFvHYDMVmmxMeM/arcgis/rest/services/State_Maintained_Historical_TIMS_Incidents_Hurricane_Helene/FeatureServer/1"}}, {"type": "Feature", "geometry": {"type": "LineString", "coordinates": [[-82.84702, 35.48622], [-82.84298, 35.4868]]}, "properties": {"id": "tims-713629", "tims_id": 713629, "road_name": "SR-1871 (Murray Road)", "road": "SR-1871", "common_name": "Murray Road", "county": "Haywood", "closed_at": "2024-09-27T11:01:00Z", "reopened_at": "2024-10-14T14:10:06.702000Z", "est_end_at": "2024-10-31T16:00:00Z", "last_update_at": "2024-10-10T15:10:01Z", "condition": "Road Closed", "description": "The road is closed near Wilson Branch Road.", "location": "In Canton / Both Directions", "severity": 1, "is_full_closure": null, "geom_kind": "line", "feed_status": "historical", "provenance": "real: NCDOT TIMS via ArcGIS FeatureServer", "source_url": "https://services.arcgis.com/NuWFvHYDMVmmxMeM/arcgis/rest/services/State_Maintained_Historical_TIMS_Incidents_Hurricane_Helene/FeatureServer/1"}}, {"type": "Feature", "geometry": {"type": "LineString", "coordinates": [[-82.85975, 35.50868], [-82.86114, 35.50859], [-82.86189, 35.50852], [-82.8622, 35.50853], [-82.86281, 35.50873], [-82.86382, 35.50917], [-82.86432, 35.50935], [-82.86487, 35.50939]]}, "properties": {"id": "tims-713633", "tims_id": 713633, "road_name": "SR-1823 (Stamey Cove Road)", "road": "SR-1823", "common_name": "Stamey Cove Road", "county": "Haywood", "closed_at": "2024-09-27T11:11:00Z", "reopened_at": "2024-10-14T14:10:06.702000Z", "est_end_at": "2024-10-31T16:00:00Z", "last_update_at": "2024-10-10T15:10:19Z", "condition": "Road Closed", "description": "The road is closed near NC 215, Old River Road.", "location": "In Canton / Both Directions", "severity": 1, "is_full_closure": null, "geom_kind": "line", "feed_status": "historical", "provenance": "real: NCDOT TIMS via ArcGIS FeatureServer", "source_url": "https://services.arcgis.com/NuWFvHYDMVmmxMeM/arcgis/rest/services/State_Maintained_Historical_TIMS_Incidents_Hurricane_Helene/FeatureServer/1"}}, {"type": "Feature", "geometry": {"type": "LineString", "coordinates": [[-82.14341, 35.63604], [-82.14346, 35.63604]]}, "properties": {"id": "tims-713332", "tims_id": 713332, "road_name": "SR-1240 (Parker)", "road": "SR-1240", "common_name": "Parker", "county": "McDowell", "closed_at": "2024-09-27T11:30:00Z", "reopened_at": "2024-10-18T23:00:04.418000Z", "est_end_at": "2024-10-31T16:00:00Z", "last_update_at": "2024-10-10T12:42:53Z", "condition": "Road Closed", "description": "Road Flooded Barricades up", "location": "In Old Fort / Both Directions", "severity": 1, "is_full_closure": null, "geom_kind": "line", "feed_status": "historical", "provenance": "real: NCDOT TIMS via ArcGIS FeatureServer", "source_url": "https://services.arcgis.com/NuWFvHYDMVmmxMeM/arcgis/rest/services/State_Maintained_Historical_TIMS_Incidents_Hurricane_Helene/FeatureServer/1"}}, {"type": "Feature", "geometry": {"type": "LineString", "coordinates": [[-82.51152, 35.32986], [-82.50831, 35.32793]]}, "properties": {"id": "tims-713644", "tims_id": 713644, "road_name": "US-64 (Brevard Road)", "road": "US-64", "common_name": "Brevard Road", "county": "Henderson", "closed_at": "2024-09-27T11:35:00Z", "reopened_at": "2024-10-30T13:20:04.242000Z", "est_end_at": "2024-10-31T16:00:00Z", "last_update_at": "2024-10-14T19:32:01Z", "condition": "Road Closed", "description": "The road is closed near Hawthorn Drive.", "location": "West of Hendersonville / Both Directions", "severity": 3, "is_full_closure": null, "geom_kind": "line", "feed_status": "historical", "provenance": "real: NCDOT TIMS via ArcGIS FeatureServer", "source_url": "https://services.arcgis.com/NuWFvHYDMVmmxMeM/arcgis/rest/services/State_Maintained_Historical_TIMS_Incidents_Hurricane_Helene/FeatureServer/1"}}, {"type": "Feature", "geometry": {"type": "LineString", "coordinates": [[-82.1917, 35.63601], [-82.19199, 35.63574]]}, "properties": {"id": "tims-713342", "tims_id": 713342, "road_name": "SR-1401 (Simmons Rd)", "road": "SR-1401", "common_name": "Simmons Rd", "county": "McDowell", "closed_at": "2024-09-27T11:41:00Z", "reopened_at": "2024-10-21T17:50:04.397000Z", "est_end_at": "2024-10-31T16:00:00Z", "last_update_at": "2024-10-10T12:42:23Z", "condition": "Road Closed", "description": "Flooding barricades up", "location": "In Old Fort / Both Directions", "severity": 1, "is_full_closure": null, "geom_kind": "line", "feed_status": "historical", "provenance": "real: NCDOT TIMS via ArcGIS FeatureServer", "source_url": "https://services.arcgis.com/NuWFvHYDMVmmxMeM/arcgis/rest/services/State_Maintained_Historical_TIMS_Incidents_Hurricane_Helene/FeatureServer/1"}}, {"type": "Feature", "geometry": {"type": "LineString", "coordinates": [[-82.11041, 35.48729], [-82.1099, 35.48654], [-82.10837, 35.48566]]}, "properties": {"id": "tims-713671", "tims_id": 713671, "road_name": "SR-1371 (Antioch Rd)", "road": "SR-1371", "common_name": "Antioch Rd", "county": "Rutherford", "closed_at": "2024-09-27T11:57:00Z", "reopened_at": "2024-10-10T04:00:06.917000Z", "est_end_at": "2024-10-10T04:00:00Z", "last_update_at": "2024-09-30T16:03:26Z", "condition": "Road Closed", "description": "High Water, Overtopping Bridge", "location": "Near Lake Lure / Both Directions", "severity": 1, "is_full_closure": null, "geom_kind": "line", "feed_status": "historical", "provenance": "real: NCDOT TIMS via ArcGIS FeatureServer", "source_url": "https://services.arcgis.com/NuWFvHYDMVmmxMeM/arcgis/rest/services/State_Maintained_Historical_TIMS_Incidents_Hurricane_Helene/FeatureServer/1"}}, {"type": "Feature", "geometry": {"type": "LineString", "coordinates": [[-82.02038, 35.79372], [-82.02, 35.79376], [-82.01981, 35.79375]]}, "properties": {"id": "tims-713357", "tims_id": 713357, "road_name": "SR-1559 (Good Rd)", "road": "SR-1559", "common_name": "Good Rd", "county": "McDowell", "closed_at": "2024-09-27T12:00:00Z", "reopened_at": "2024-10-10T23:30:08.773000Z", "est_end_at": "2024-10-31T16:00:00Z", "last_update_at": "2024-10-10T12:41:55Z", "condition": "Road Closed", "description": "Flooding barricades up", "location": "In Woodlawn / Both Directions", "severity": 1, "is_full_closure": null, "geom_kind": "line", "feed_status": "historical", "provenance": "real: NCDOT TIMS via ArcGIS FeatureServer", "source_url": "https://services.arcgis.com/NuWFvHYDMVmmxMeM/arcgis/rest/services/State_Maintained_Historical_TIMS_Incidents_Hurricane_Helene/FeatureServer/1"}}, {"type": "Feature", "geometry": {"type": "LineString", "coordinates": [[-82.44344, 35.33732], [-82.44277, 35.33712], [-82.44231, 35.33691]]}, "properties": {"id": "tims-713656", "tims_id": 713656, "road_name": "SR-1749 (Orrs Camp Road)", "road": "SR-1749", "common_name": "Orrs Camp Road", "county": "Henderson", "closed_at": "2024-09-27T12:00:00Z", "reopened_at": "2024-10-30T13:30:05.093000Z", "est_end_at": "2024-10-31T16:00:00Z", "last_update_at": "2024-10-14T19:32:33Z", "condition": "Road Closed", "description": "SR-1749, Orrs Camp Road is closed near SR-9999, Jack Street.", "location": "Near Hendersonville / Both Directions", "severity": 3, "is_full_closure": null, "geom_kind": "line", "feed_status": "historical", "provenance": "real: NCDOT TIMS via ArcGIS FeatureServer", "source_url": "https://services.arcgis.com/NuWFvHYDMVmmxMeM/arcgis/rest/services/State_Maintained_Historical_TIMS_Incidents_Hurricane_Helene/FeatureServer/1"}}, {"type": "Feature", "geometry": {"type": "LineString", "coordinates": [[-81.98846, 35.84045], [-81.98857, 35.83915], [-81.98878, 35.83748], [-81.98939, 35.83617], [-81.98938, 35.83619], [-81.98938, 35.83618], [-81.98938, 35.83618]]}, "properties": {"id": "tims-713390", "tims_id": 713390, "road_name": "SR-1569 (North Cove School Rd)", "road": "SR-1569", "common_name": "North Cove School Rd", "county": "McDowell", "closed_at": "2024-09-27T12:00:00Z", "reopened_at": "2024-12-12T19:00:06.391000Z", "est_end_at": "2025-01-31T17:00:00Z", "last_update_at": "2024-12-12T17:44:11Z", "condition": "Road Closed", "description": "Road flooding barricades up.", "location": "In Woodlawn / Both Directions", "severity": 1, "is_full_closure": null, "geom_kind": "line", "feed_status": "historical", "provenance": "real: NCDOT TIMS via ArcGIS FeatureServer", "source_url": "https://services.arcgis.com/NuWFvHYDMVmmxMeM/arcgis/rest/services/State_Maintained_Historical_TIMS_Incidents_Hurricane_Helene/FeatureServer/1"}}, {"type": "Feature", "geometry": {"type": "LineString", "coordinates": [[-82.47153, 35.32858], [-82.4689, 35.32764], [-82.46814, 35.32722], [-82.46769, 35.32701]]}, "properties": {"id": "tims-713661", "tims_id": 713661, "road_name": "NC-191 (Haywood Road)", "road": "NC-191", "common_name": "Haywood Road", "county": "Henderson", "closed_at": "2024-09-27T12:05:00Z", "reopened_at": "2024-10-30T13:30:05.093000Z", "est_end_at": "2024-10-31T16:00:00Z", "last_update_at": "2024-10-14T19:32:56Z", "condition": "Road Closed", "description": "NC 191, Haywood Road, is closed near SR-9999, Kensington Road.", "location": "In Hendersonville / Both Directions", "severity": 3, "is_full_closure": null, "geom_kind": "line", "feed_status": "historical", "provenance": "real: NCDOT TIMS via ArcGIS FeatureServer", "source_url": "https://services.arcgis.com/NuWFvHYDMVmmxMeM/arcgis/rest/services/State_Maintained_Historical_TIMS_Incidents_Hurricane_Helene/FeatureServer/1"}}, {"type": "Feature", "geometry": {"type": "LineString", "coordinates": [[-82.14216, 35.63354], [-82.14246, 35.63413], [-82.14244, 35.63411]]}, "properties": {"id": "tims-713364", "tims_id": 713364, "road_name": "SR-1234 (Oakdale Rd)", "road": "SR-1234", "common_name": "Oakdale Rd", "county": "McDowell", "closed_at": "2024-09-27T12:08:00Z", "reopened_at": "2024-10-10T23:30:08.773000Z", "est_end_at": "2024-10-31T16:00:00Z", "last_update_at": "2024-10-10T12:41:22Z", "condition": "Road Closed", "description": "Flooding barricades up", "location": "In Old Fort / Both Directions", "severity": 2, "is_full_closure": null, "geom_kind": "line", "feed_status": "historical", "provenance": "real: NCDOT TIMS via ArcGIS FeatureServer", "source_url": "https://services.arcgis.com/NuWFvHYDMVmmxMeM/arcgis/rest/services/State_Maintained_Historical_TIMS_Incidents_Hurricane_Helene/FeatureServer/1"}}, {"type": "Feature", "geometry": {"type": "LineString", "coordinates": [[-82.47494, 35.32961], [-82.47406, 35.3294]]}, "properties": {"id": "tims-713664", "tims_id": 713664, "road_name": "NC-191 (Haywood Road)", "road": "NC-191", "common_name": "Haywood Road", "county": "Henderson", "closed_at": "2024-09-27T12:11:00Z", "reopened_at": "2024-10-30T13:30:05.093000Z", "est_end_at": "2024-10-31T16:00:00Z", "last_update_at": "2024-10-14T19:33:37Z", "condition": "Road Closed", "description": "NC 191, Haywood Road is closed near SR-9999, Damnview Drive.", "location": "Near Hendersonville / Both Directions", "severity": 3, "is_full_closure": null, "geom_kind": "line", "feed_status": "historical", "provenance": "real: NCDOT TIMS via ArcGIS FeatureServer", "source_url": "https://services.arcgis.com/NuWFvHYDMVmmxMeM/arcgis/rest/services/State_Maintained_Historical_TIMS_Incidents_Hurricane_Helene/FeatureServer/1"}}, {"type": "Feature", "geometry": {"type": "LineString", "coordinates": [[-82.81619, 35.89249], [-82.81825, 35.89317], [-82.81875, 35.89331], [-82.81946, 35.89315], [-82.81997, 35.89315], [-82.82081, 35.89334], [-82.82177, 35.89356], [-82.8228, 35.89368], [-82.82417, 35.89371], [-82.82491, 35.89371], [-82.82615, 35.89331], [-82.82722, 35.89286], [-82.82887, 35.89206], [-82.82943, 35.89191]]}, "properties": {"id": "tims-713678", "tims_id": 713678, "road_name": "US-25 (Bridge Street)", "road": "US-25", "common_name": "Bridge Street", "county": "Madison", "closed_at": "2024-09-27T12:34:00Z", "reopened_at": "2024-10-01T16:00:03.192000Z", "est_end_at": "2024-10-01T16:00:00Z", "last_update_at": "2024-09-29T14:42:36Z", "condition": "Road Closed", "description": "The road is closed near Andrews Avenue South.", "location": "In Hot Springs / Both Directions", "severity": 3, "is_full_closure": null, "geom_kind": "line", "feed_status": "historical", "provenance": "real: NCDOT TIMS via ArcGIS FeatureServer", "source_url": "https://services.arcgis.com/NuWFvHYDMVmmxMeM/arcgis/rest/services/State_Maintained_Historical_TIMS_Incidents_Hurricane_Helene/FeatureServer/1"}}, {"type": "Feature", "geometry": {"type": "LineString", "coordinates": [[-82.84181, 35.72481], [-82.84184, 35.72548], [-82.84176, 35.72589], [-82.84208, 35.7263], [-82.84264, 35.72698], [-82.84274, 35.72732], [-82.84258, 35.72737], [-82.84232, 35.72713], [-82.8421, 35.72664], [-82.84177, 35.72634], [-82.8414, 35.72638], [-82.84116, 35.72665], [-82.84087, 35.72723], [-82.84096, 35.72786], [-82.84124, 35.72842]]}, "properties": {"id": "tims-713684", "tims_id": 713684, "road_name": "NC-63", "road": "NC-63", "common_name": "", "county": "Madison", "closed_at": "2024-09-27T12:41:00Z", "reopened_at": "2024-10-30T00:00:04.301000Z", "est_end_at": "2024-10-31T16:00:00Z", "last_update_at": "2024-10-09T14:09:01Z", "condition": "Lane Closed", "description": "One lane is closed near Mountain View Road. Motorists should use caution while traveling in the area.", "location": "South West of Marshall / Both Directions", "severity": 3, "is_full_closure": null, "geom_kind": "line", "feed_status": "historical", "provenance": "real: NCDOT TIMS via ArcGIS FeatureServer", "source_url": "https://services.arcgis.com/NuWFvHYDMVmmxMeM/arcgis/rest/services/State_Maintained_Historical_TIMS_Incidents_Hurricane_Helene/FeatureServer/1"}}, {"type": "Feature", "geometry": {"type": "LineString", "coordinates": [[-82.40514, 35.29522], [-82.4104, 35.30144], [-82.41252, 35.30373], [-82.41456, 35.30566], [-82.41555, 35.30678], [-82.41621, 35.30781], [-82.41773, 35.31145], [-82.41828, 35.31259], [-82.42068, 35.31606], [-82.42408, 35.32124], [-82.4313, 35.33052], [-82.44109, 35.34234], [-82.44281, 35.34394], [-82.44467, 35.34509], [-82.44683, 35.34599], [-82.44926, 35.34695], [-82.45093, 35.34797], [-82.4523, 35.34901], [-82.45371, 35.3506], [-82.45472, 35.35239], [-82.45831, 35.35933], [-82.46423, 35.36521], [-82.47763, 35.37731], [-82.48166, 35.37927], [-82.48516, 35.38165], [-82.48741, 35.38511], [-82.48844, 35.38693], [-82.48894, 35.38886], [-82.49235, 35.3925], [-82.49589, 35.39536], [-82.50735, 35.39915]]}, "properties": {"id": "tims-713704", "tims_id": 713704, "road_name": "I-26", "road": "I-26", "common_name": "", "county": "Henderson", "closed_at": "2024-09-27T13:08:00Z", "reopened_at": "2024-09-28T03:15:03.031000Z", "est_end_at": "2024-09-29T16:00:00Z", "last_update_at": "2024-09-28T02:11:08Z", "condition": "Road Closed", "description": "The road is closed between Exit 53 (Upward Road) to Exit 44 (Asheville Highway).", "location": "In Hendersonville / Mile Marker 53 to 44 Heading West", "severity": 3, "is_full_closure": null, "geom_kind": "line", "feed_status": "historical", "provenance": "real: NCDOT TIMS via ArcGIS FeatureServer", "source_url": "https://services.arcgis.com/NuWFvHYDMVmmxMeM/arcgis/rest/services/State_Maintained_Historical_TIMS_Incidents_Hurricane_Helene/FeatureServer/1"}}, {"type": "Feature", "geometry": {"type": "LineString", "coordinates": [[-82.42137, 35.91327], [-82.42137, 35.91247], [-82.42178, 35.91231], [-82.4227, 35.91218], [-82.42311, 35.91202], [-82.42335, 35.91117], [-82.42354, 35.91032], [-82.42324, 35.9092]]}, "properties": {"id": "tims-713713", "tims_id": 713713, "road_name": "SR-1134 (Pleasant Valley Road)", "road": "SR-1134", "common_name": "Pleasant Valley Road", "county": "Yancey", "closed_at": "2024-09-27T13:26:00Z", "reopened_at": "2024-12-13T13:20:04.584000Z", "est_end_at": "2025-01-31T17:00:00Z", "last_update_at": "2024-12-12T17:19:27Z", "condition": "Road Closed", "description": "The road is closed near US 19.", "location": "Near Burnsville / Both Directions", "severity": 1, "is_full_closure": null, "geom_kind": "line", "feed_status": "historical", "provenance": "real: NCDOT TIMS via ArcGIS FeatureServer", "source_url": "https://services.arcgis.com/NuWFvHYDMVmmxMeM/arcgis/rest/services/State_Maintained_Historical_TIMS_Incidents_Hurricane_Helene/FeatureServer/1"}}, {"type": "Feature", "geometry": {"type": "LineString", "coordinates": [[-82.28447, 35.61931], [-82.2883, 35.61926]]}, "properties": {"id": "tims-713715", "tims_id": 713715, "road_name": "I-40", "road": "I-40", "common_name": "", "county": "Buncombe", "closed_at": "2024-09-27T13:27:00Z", "reopened_at": "2024-10-16T16:00:04.722000Z", "est_end_at": "2024-10-31T16:00:00Z", "last_update_at": "2024-10-14T10:47:59Z", "condition": "Lane Closed", "description": "The right lane is closed between mile markers 67 and 65. Motorists are advised to follow the direction of on scene personnel.", "location": "Near Black Mountain / Mile Marker 67 to 65 Heading West", "severity": 3, "is_full_closure": null, "geom_kind": "line", "feed_status": "historical", "provenance": "real: NCDOT TIMS via ArcGIS FeatureServer", "source_url": "https://services.arcgis.com/NuWFvHYDMVmmxMeM/arcgis/rest/services/State_Maintained_Historical_TIMS_Incidents_Hurricane_Helene/FeatureServer/1"}}, {"type": "Feature", "geometry": {"type": "LineString", "coordinates": [[-82.39736, 35.91317], [-82.39749, 35.91298], [-82.39796, 35.9129], [-82.39871, 35.91293], [-82.39957, 35.91293], [-82.39987, 35.91287], [-82.4003, 35.91279], [-82.40068, 35.91285], [-82.40098, 35.91296], [-82.40121, 35.91296], [-82.40139, 35.91271], [-82.40145, 35.9124], [-82.40141, 35.91173]]}, "properties": {"id": "tims-713716", "tims_id": 713716, "road_name": "SR-1128 (Possum Trot Road)", "road": "SR-1128", "common_name": "Possum Trot Road", "county": "Yancey", "closed_at": "2024-09-27T13:29:00Z", "reopened_at": "2024-12-13T13:20:04.584000Z", "est_end_at": "2025-01-31T17:00:00Z", "last_update_at": "2024-12-12T16:46:19Z", "condition": "Road Closed", "description": "The road is closed near US 19 W.", "location": "Near Burnsville / Both Directions", "severity": 1, "is_full_closure": null, "geom_kind": "line", "feed_status": "historical", "provenance": "real: NCDOT TIMS via ArcGIS FeatureServer", "source_url": "https://services.arcgis.com/NuWFvHYDMVmmxMeM/arcgis/rest/services/State_Maintained_Historical_TIMS_Incidents_Hurricane_Helene/FeatureServer/1"}}, {"type": "Feature", "geometry": {"type": "LineString", "coordinates": [[-82.66906, 35.79274], [-82.66743, 35.79183], [-82.66594, 35.79114], [-82.66478, 35.79059], [-82.66405, 35.79014], [-82.66281, 35.78916], [-82.66211, 35.78849], [-82.66144, 35.7878], [-82.66058, 35.78685], [-82.6596, 35.7859], [-82.65662, 35.78388], [-82.65296, 35.7816], [-82.6513, 35.78052], [-82.65015, 35.77974], [-82.64896, 35.77875]]}, "properties": {"id": "tims-713742", "tims_id": 713742, "road_name": "US-25 BUS (South Main Street)", "road": "US-25 BUS", "common_name": "South Main Street", "county": "Madison", "closed_at": "2024-09-27T13:47:00Z", "reopened_at": "2025-03-17T23:20:03.680000Z", "est_end_at": "2025-12-31T17:00:00Z", "last_update_at": "2025-01-22T14:39:02Z", "condition": "Local Traffic Only", "description": "Lanes may be narrowed between Hayes Run Road and NC 251. Local traffic only.", "location": "In Marshall / Mile Marker 0 to 0 Both Directions", "severity": 3, "is_full_closure": null, "geom_kind": "line", "feed_status": "historical", "provenance": "real: NCDOT TIMS via ArcGIS FeatureServer", "source_url": "https://services.arcgis.com/NuWFvHYDMVmmxMeM/arcgis/rest/services/State_Maintained_Historical_TIMS_Incidents_Hurricane_Helene/FeatureServer/1"}}, {"type": "Feature", "geometry": {"type": "LineString", "coordinates": [[-82.71073, 35.80101], [-82.71074, 35.80076], [-82.71058, 35.80044], [-82.71074, 35.80035], [-82.71119, 35.80041], [-82.71129, 35.80015], [-82.71135, 35.79961], [-82.7114, 35.7993], [-82.71132, 35.79897], [-82.71135, 35.79866], [-82.71137, 35.79848], [-82.7111, 35.79838], [-82.71061, 35.79848], [-82.71039, 35.79859], [-82.71017, 35.79855], [-82.71013, 35.79817], [-82.71027, 35.79789], [-82.71048, 35.79764], [-82.71046, 35.79736], [-82.71009, 35.7969], [-82.70965, 35.79708], [-82.7093, 35.79719], [-82.70907, 35.79696], [-82.70887, 35.79653], [-82.70874, 35.79622], [-82.70879, 35.79588], [-82.70868, 35.79575], [-82.70838, 35.79574], [-82.70809, 35.79588], [-82.70787, 35.79629], [-82.70767, 35.79662], [-82.70748, 35.79703], [-82.70695, 35.79696], [-82.70663, 35.79671], [-82.70634, 35.79645], [-82.70596, 35.79646], [-82.7057, 35.79674], [-82.70543, 35.79716], [-82.7052, 35.79719], [-82.70484, 35.79716], [-82.70459, 35.79734], [-82.70421, 35.79769], [-82.70399, 35.7978], [-82.70346, 35.79786], [-82.70335, 35.79794], [-82.70327, 35.79832], [-82.70324, 35.79862], [-82.70318, 35.79876], [-82.70287, 35.79877], [-82.70265, 35.79885], [-82.70266, 35.79899], [-82.70274, 35.7992], [-82.7028, 35.7995], [-82.70278, 35.79982], [-82.70264, 35.80006], [-82.70237, 35.80013], [-82.70195, 35.80001], [-82.70155, 35.79984], [-82.7013, 35.79982], [-82.70102, 35.79991], [-82.70079, 35.80009], [-82.70073, 35.80032], [-82.70062, 35.80046], [-82.70033, 35.8007], [-82.70001, 35.80096], [-82.69975, 35.8009], [-82.69953, 35.80071], [-82.69934, 35.8007], [-82.69902, 35.80083], [-82.69852, 35.80105], [-82.69826, 35.80112], [-82.69784, 35.80115], [-82.69773, 35.80118], [-82.6975, 35.80146], [-82.69717, 35.80158], [-82.69675, 35.80155], [-82.69625, 35.80162], [-82.69607, 35.80166], [-82.69596, 35.80176], [-82.69582, 35.80187], [-82.69564, 35.80199], [-82.69531, 35.80209], [-82.69485, 35.80211], [-82.69444, 35.8022], [-82.6942, 35.80228], [-82.69354, 35.80218], [-82.69294, 35.80203], [-82.6927, 35.8018], [-82.69255, 35.80167], [-82.69227, 35.80157], [-82.69177, 35.80144], [-82.69136, 35.80131], [-82.69109, 35.80117], [-82.69088, 35.80087], [-82.69053, 35.80043], [-82.68987, 35.79961], [-82.68948, 35.79919], [-82.68923, 35.79894], [-82.68879, 35.79867], [-82.68846, 35.79852], [-82.68817, 35.79847], [-82.6881, 35.79852]]}, "properties": {"id": "tims-713747", "tims_id": 713747, "road_name": "SR-1203 (Redmon Road)", "road": "SR-1203", "common_name": "Redmon Road", "county": "Madison", "closed_at": "2024-09-27T13:58:00Z", "reopened_at": "2025-02-27T20:10:04.467000Z", "est_end_at": "2026-01-31T17:00:00Z", "last_update_at": "2024-12-12T16:44:28Z", "condition": "Road Closed", "description": "The road is closed near Little Pine Road.", "location": "Near Marshall / Both Directions", "severity": 1, "is_full_closure": null, "geom_kind": "line", "feed_status": "historical", "provenance": "real: NCDOT TIMS via ArcGIS FeatureServer", "source_url": "https://services.arcgis.com/NuWFvHYDMVmmxMeM/arcgis/rest/services/State_Maintained_Historical_TIMS_Incidents_Hurricane_Helene/FeatureServer/1"}}, {"type": "Feature", "geometry": {"type": "LineString", "coordinates": [[-82.41503, 35.59515], [-82.41303, 35.59557], [-82.41052, 35.59555], [-82.40857, 35.5951], [-82.40546, 35.59459], [-82.40171, 35.59482], [-82.3983, 35.59581], [-82.3948, 35.59688]]}, "properties": {"id": "tims-713799", "tims_id": 713799, "road_name": "I-40", "road": "I-40", "common_name": "", "county": "Buncombe", "closed_at": "2024-09-27T14:59:00Z", "reopened_at": "2024-09-30T17:50:03.703000Z", "est_end_at": "2024-10-01T16:00:00Z", "last_update_at": "2024-09-29T14:21:52Z", "condition": "Road Closed", "description": "The road is closed at Exit 59, Patton Cove Road.", "location": "Near Swannanoa / Mile Marker 59 Heading East", "severity": 3, "is_full_closure": null, "geom_kind": "line", "feed_status": "historical", "provenance": "real: NCDOT TIMS via ArcGIS FeatureServer", "source_url": "https://services.arcgis.com/NuWFvHYDMVmmxMeM/arcgis/rest/services/State_Maintained_Historical_TIMS_Incidents_Hurricane_Helene/FeatureServer/1"}}, {"type": "Feature", "geometry": {"type": "LineString", "coordinates": [[-81.96227, 35.65837], [-81.96305, 35.65739]]}, "properties": {"id": "tims-713824", "tims_id": 713824, "road_name": "I-40", "road": "I-40", "common_name": "", "county": "McDowell", "closed_at": "2024-09-27T15:25:00Z", "reopened_at": "2024-09-28T06:20:03.132000Z", "est_end_at": "2024-09-28T21:00:00Z", "last_update_at": "2024-09-27T19:38:01Z", "condition": "Road Closed", "description": "The road is closed at Exit 86 (NC 226).", "location": "Near Marion / Mile Marker 86 Heading West", "severity": 3, "is_full_closure": null, "geom_kind": "line", "feed_status": "historical", "provenance": "real: NCDOT TIMS via ArcGIS FeatureServer", "source_url": "https://services.arcgis.com/NuWFvHYDMVmmxMeM/arcgis/rest/services/State_Maintained_Historical_TIMS_Incidents_Hurricane_Helene/FeatureServer/1"}}, {"type": "Feature", "geometry": {"type": "LineString", "coordinates": [[-82.50863, 35.3996], [-82.51171, 35.40142], [-82.51307, 35.40304], [-82.51616, 35.40721], [-82.5172, 35.40869], [-82.52193, 35.41513], [-82.52499, 35.41926], [-82.52639, 35.42128], [-82.52741, 35.42302], [-82.52878, 35.42648], [-82.52924, 35.42804], [-82.52996, 35.43028], [-82.53058, 35.43235], [-82.53087, 35.43324], [-82.53121, 35.43413], [-82.53144, 35.43463], [-82.53187, 35.43529], [-82.5323, 35.43598], [-82.53296, 35.43687], [-82.53569, 35.44054]]}, "properties": {"id": "tims-713859", "tims_id": 713859, "road_name": "I-26", "road": "I-26", "common_name": "", "county": "Henderson", "closed_at": "2024-09-27T16:12:00Z", "reopened_at": "2024-09-28T04:05:03.004000Z", "est_end_at": "2024-09-28T21:00:00Z", "last_update_at": "2024-09-27T17:53:22Z", "condition": "Road Impassable", "description": "The road is closed from Exit 44 (US 25) to Exit 40 (NC 280) due to flooding.", "location": "North of Hendersonville / Mile Marker 44 to 40 Heading West", "severity": 3, "is_full_closure": null, "geom_kind": "line", "feed_status": "historical", "provenance": "real: NCDOT TIMS via ArcGIS FeatureServer", "source_url": "https://services.arcgis.com/NuWFvHYDMVmmxMeM/arcgis/rest/services/State_Maintained_Historical_TIMS_Incidents_Hurricane_Helene/FeatureServer/1"}}, {"type": "Feature", "geometry": {"type": "LineString", "coordinates": [[-83.00781, 35.6044], [-83.00926, 35.60725], [-83.00951, 35.60772], [-83.01206, 35.61274], [-83.01232, 35.6156], [-83.00931, 35.61923], [-83.00785, 35.6209], [-83.00811, 35.6232], [-83.00914, 35.62551], [-83.00639, 35.6276], [-83.0015, 35.62781], [-82.99369, 35.63318], [-82.99009, 35.63569], [-82.99009, 35.63904], [-82.99283, 35.64099], [-82.99575, 35.64322], [-82.99667, 35.6442], [-82.99633, 35.6502], [-82.99392, 35.65494], [-82.99049, 35.65829], [-82.9898, 35.66094], [-82.99049, 35.66442], [-82.99203, 35.66707], [-82.99959, 35.67112], [-83.00594, 35.67195], [-83.01075, 35.67112], [-83.01795, 35.67558], [-83.02434, 35.67549], [-83.02846, 35.67953], [-83.03069, 35.68567], [-83.03344, 35.69027], [-83.03927, 35.69431], [-83.0446, 35.69585], [-83.04563, 35.69905], [-83.04116, 35.7017], [-83.03756, 35.70337], [-83.03361, 35.70254], [-83.0288, 35.70477], [-83.02846, 35.70783], [-83.03121, 35.71285], [-83.03395, 35.71662], [-83.03739, 35.71871], [-83.03826, 35.72135], [-83.03423, 35.72261], [-83.02753, 35.7224], [-83.0235, 35.72644], [-83.02264, 35.72895], [-83.02333, 35.73174], [-83.02464, 35.73376], [-83.02386, 35.73613], [-83.02427, 35.73832], [-83.02693, 35.73937], [-83.03414, 35.73923], [-83.0362, 35.74445], [-83.03328, 35.75023], [-83.03242, 35.75253], [-83.03349, 35.75518], [-83.03534, 35.75647], [-83.04014, 35.75619], [-83.04238, 35.75452], [-83.04761, 35.75493], [-83.0489, 35.75682], [-83.05096, 35.75758], [-83.05422, 35.75633], [-83.05611, 35.75382], [-83.05834, 35.75187], [-83.0616, 35.75006], [-83.06799, 35.7517], [-83.07314, 35.76118], [-83.07932, 35.76647], [-83.08206, 35.77009], [-83.08481, 35.77176], [-83.0903, 35.77288], [-83.09923, 35.77733], [-83.10335, 35.77845], [-83.10816, 35.78151], [-83.11228, 35.78792], [-83.11365, 35.79015]]}, "properties": {"id": "tims-713873", "tims_id": 713873, "road_name": "I-40", "road": "I-40", "common_name": "", "county": "Haywood", "closed_at": "2024-09-27T16:39:00Z", "reopened_at": "2025-06-19T15:10:04.234000Z", "est_end_at": "2027-03-01T05:00:00Z", "last_update_at": "2025-03-03T15:18:37Z", "condition": "Lane Closed", "description": "A lane is closed from the TN State Line to Exit 7 (Cold Springs Creek Road) in both directions.  The speed limit through the affected roadway is 35 MPH. Motorists can expect delays, especially on Friday and Sunday afternoons.", "location": " TN State Line and Canton / Mile Marker 0 to 7 Both Directions", "severity": 3, "is_full_closure": null, "geom_kind": "line", "feed_status": "historical", "provenance": "real: NCDOT TIMS via ArcGIS FeatureServer", "source_url": "https://services.arcgis.com/NuWFvHYDMVmmxMeM/arcgis/rest/services/State_Maintained_Historical_TIMS_Incidents_Hurricane_Helene/FeatureServer/1"}}, {"type": "Feature", "geometry": {"type": "LineString", "coordinates": [[-82.59592, 35.55785], [-82.59514, 35.55818], [-82.59465, 35.55846], [-82.59393, 35.55896], [-82.59359, 35.55924]]}, "properties": {"id": "tims-713876", "tims_id": 713876, "road_name": "I-40", "road": "I-40", "common_name": "", "county": "Buncombe", "closed_at": "2024-09-27T16:59:00Z", "reopened_at": "2024-09-30T23:05:02.990000Z", "est_end_at": "2024-10-10T21:00:00Z", "last_update_at": "2024-09-30T18:51:33Z", "condition": "Road Closed", "description": "The road is closed near Exit 47 (NC 191) to Exit 50 (US 25).", "location": "Near Asheville / Mile Marker 47 to 50 Both Directions", "severity": 3, "is_full_closure": null, "geom_kind": "line", "feed_status": "historical", "provenance": "real: NCDOT TIMS via ArcGIS FeatureServer", "source_url": "https://services.arcgis.com/NuWFvHYDMVmmxMeM/arcgis/rest/services/State_Maintained_Historical_TIMS_Incidents_Hurricane_Helene/FeatureServer/1"}}, {"type": "Feature", "geometry": {"type": "LineString", "coordinates": [[-82.91494, 35.5344], [-82.91364, 35.53432]]}, "properties": {"id": "tims-713877", "tims_id": 713877, "road_name": "SR-1523 (Broad Street)", "road": "SR-1523", "common_name": "Broad Street", "county": "Haywood", "closed_at": "2024-09-27T17:04:00Z", "reopened_at": "2024-10-10T19:20:06.676000Z", "est_end_at": "2024-10-31T16:00:00Z", "last_update_at": "2024-10-10T15:10:48Z", "condition": "Road Closed", "description": "The road is closed near Bea Street due to flooding.", "location": "In Clyde / Both Directions", "severity": 2, "is_full_closure": null, "geom_kind": "line", "feed_status": "historical", "provenance": "real: NCDOT TIMS via ArcGIS FeatureServer", "source_url": "https://services.arcgis.com/NuWFvHYDMVmmxMeM/arcgis/rest/services/State_Maintained_Historical_TIMS_Incidents_Hurricane_Helene/FeatureServer/1"}}, {"type": "Feature", "geometry": {"type": "LineString", "coordinates": [[-82.59235, 35.5606], [-82.59324, 35.55977], [-82.59482, 35.55857], [-82.59535, 35.55828]]}, "properties": {"id": "tims-713878", "tims_id": 713878, "road_name": "I-40", "road": "I-40", "common_name": "", "county": "Buncombe", "closed_at": "2024-09-27T17:05:00Z", "reopened_at": "2024-09-27T23:00:03.112000Z", "est_end_at": "2024-09-28T21:00:00Z", "last_update_at": "2024-09-27T17:49:08Z", "condition": "Road Closed", "description": "The road is closed one mile beyond Exit 50 (US-25).", "location": "Near Asheville / Mile Marker 50 Heading West", "severity": 3, "is_full_closure": null, "geom_kind": "line", "feed_status": "historical", "provenance": "real: NCDOT TIMS via ArcGIS FeatureServer", "source_url": "https://services.arcgis.com/NuWFvHYDMVmmxMeM/arcgis/rest/services/State_Maintained_Historical_TIMS_Incidents_Hurricane_Helene/FeatureServer/1"}}, {"type": "Feature", "geometry": {"type": "LineString", "coordinates": [[-82.18355, 35.83323], [-82.18322, 35.83328]]}, "properties": {"id": "tims-713884", "tims_id": 713884, "road_name": "SR-1167 (7 Mile Ridge Road)", "road": "SR-1167", "common_name": "7 Mile Ridge Road", "county": "Yancey", "closed_at": "2024-09-27T17:22:00Z", "reopened_at": "2024-12-13T13:20:04.584000Z", "est_end_at": "2025-01-31T17:00:00Z", "last_update_at": "2024-12-12T16:20:58Z", "condition": "Road Closed", "description": "The road is closed due to flooding.", "location": "Near Burnsville / Both Directions", "severity": 2, "is_full_closure": null, "geom_kind": "line", "feed_status": "historical", "provenance": "real: NCDOT TIMS via ArcGIS FeatureServer", "source_url": "https://services.arcgis.com/NuWFvHYDMVmmxMeM/arcgis/rest/services/State_Maintained_Historical_TIMS_Incidents_Hurricane_Helene/FeatureServer/1"}}, {"type": "Feature", "geometry": {"type": "LineString", "coordinates": [[-83.0096, 35.60768], [-83.00719, 35.60336], [-83.00513, 35.60015], [-83.00204, 35.59634]]}, "properties": {"id": "tims-713895", "tims_id": 713895, "road_name": "I-40", "road": "I-40", "common_name": "", "county": "Haywood", "closed_at": "2024-09-27T17:39:00Z", "reopened_at": "2024-09-29T05:05:02.892000Z", "est_end_at": "2025-09-30T21:00:00Z", "last_update_at": "2024-09-28T16:21:53Z", "condition": "Road Closed", "description": "The road is closed at Exit 20 (US 279). This is a long-term closure, no estimated clearance time known", "location": "Near Lake Junaluska / Mile Marker 20 Both Directions", "severity": 3, "is_full_closure": null, "geom_kind": "line", "feed_status": "historical", "provenance": "real: NCDOT TIMS via ArcGIS FeatureServer", "source_url": "https://services.arcgis.com/NuWFvHYDMVmmxMeM/arcgis/rest/services/State_Maintained_Historical_TIMS_Incidents_Hurricane_Helene/FeatureServer/1"}}, {"type": "Feature", "geometry": {"type": "LineString", "coordinates": [[-82.3992, 35.38], [-82.39944, 35.38028]]}, "properties": {"id": "tims-713905", "tims_id": 713905, "road_name": "SR-1578 (Townsend Road)", "road": "SR-1578", "common_name": "Townsend Road", "county": "Henderson", "closed_at": "2024-09-27T18:00:00Z", "reopened_at": "2024-12-12T14:40:03.775000Z", "est_end_at": "2024-12-20T17:00:00Z", "last_update_at": "2024-11-25T17:33:06Z", "condition": "Road Closed", "description": "The road is closed near Wesley Drive.", "location": "North East of Hendersonville / Both Directions", "severity": 2, "is_full_closure": null, "geom_kind": "line", "feed_status": "historical", "provenance": "real: NCDOT TIMS via ArcGIS FeatureServer", "source_url": "https://services.arcgis.com/NuWFvHYDMVmmxMeM/arcgis/rest/services/State_Maintained_Historical_TIMS_Incidents_Hurricane_Helene/FeatureServer/1"}}, {"type": "Feature", "geometry": {"type": "LineString", "coordinates": [[-82.29048, 35.61911], [-82.28424, 35.61916], [-82.28343, 35.61916], [-82.28092, 35.61922], [-82.27987, 35.61934], [-82.27893, 35.61964], [-82.27741, 35.62041], [-82.2764, 35.62088], [-82.27521, 35.62117], [-82.27408, 35.62134], [-82.27238, 35.62138], [-82.27011, 35.62125], [-82.26903, 35.62101], [-82.26802, 35.62067], [-82.26642, 35.61971], [-82.26387, 35.61875], [-82.26087, 35.6171], [-82.25956, 35.61657], [-82.25823, 35.61626], [-82.25751, 35.61627], [-82.25657, 35.61642], [-82.25449, 35.61705], [-82.25378, 35.61711], [-82.25184, 35.61682], [-82.25104, 35.61676], [-82.24975, 35.61684], [-82.24858, 35.61666], [-82.24711, 35.6162], [-82.2462, 35.61612], [-82.2451, 35.61627], [-82.24427, 35.61666], [-82.24281, 35.61756], [-82.24136, 35.61817], [-82.24058, 35.61858], [-82.24, 35.61918], [-82.23959, 35.61993], [-82.23947, 35.62074], [-82.23951, 35.62234], [-82.2392, 35.62339], [-82.23859, 35.62391], [-82.23759, 35.62437], [-82.23699, 35.62443], [-82.23591, 35.6243], [-82.23493, 35.62377], [-82.23362, 35.62269], [-82.23277, 35.62234], [-82.23143, 35.62212], [-82.23059, 35.6221], [-82.22964, 35.62216], [-82.22852, 35.62242], [-82.22739, 35.62279], [-82.22645, 35.62304], [-82.2252, 35.62321], [-82.22421, 35.62321], [-82.22249, 35.62271], [-82.22134, 35.62244], [-82.22045, 35.62242], [-82.21937, 35.62274], [-82.21843, 35.62338], [-82.21746, 35.62431], [-82.21662, 35.62481], [-82.21578, 35.62506], [-82.21474, 35.6251], [-82.21347, 35.6251], [-82.20915, 35.62479], [-82.20828, 35.62481], [-82.2063, 35.62514], [-82.20541, 35.62521], [-82.20423, 35.62499], [-82.20297, 35.62418], [-82.20183, 35.62353], [-82.20067, 35.62327], [-82.19957, 35.62333], [-82.19779, 35.62351], [-82.19641, 35.62359], [-82.19473, 35.62333], [-82.19331, 35.62282], [-82.19095, 35.62222], [-82.18936, 35.62213], [-82.18416, 35.62214], [-82.18214, 35.62234], [-82.18, 35.62294], [-82.17817, 35.62385], [-82.17832, 35.6239], [-82.18, 35.62315], [-82.18184, 35.62262], [-82.1835, 35.62235], [-82.18487, 35.6223], [-82.19045, 35.62234], [-82.19217, 35.62267], [-82.19506, 35.62362], [-82.19624, 35.62376], [-82.19759, 35.62375], [-82.20002, 35.62343], [-82.20112, 35.62349], [-82.20183, 35.62369], [-82.20347, 35.62474], [-82.20421, 35.62515], [-82.20503, 35.62532], [-82.20576, 35.62535], [-82.20817, 35.62498], [-82.20867, 35.62494], [-82.20945, 35.62493], [-82.21159, 35.62512], [-82.21363, 35.62528], [-82.21532, 35.62521], [-82.21636, 35.62507], [-82.21722, 35.6247], [-82.2177, 35.62436], [-82.21907, 35.62311], [-82.21984, 35.62275], [-82.22061, 35.62259], [-82.22138, 35.62259], [-82.22381, 35.62326], [-82.2246, 35.62338], [-82.22519, 35.62339], [-82.22646, 35.62323], [-82.22828, 35.62271], [-82.2295, 35.62233], [-82.23012, 35.62225], [-82.23087, 35.62224], [-82.2318, 35.62232], [-82.23288, 35.62253], [-82.23358, 35.62287], [-82.23514, 35.62404], [-82.23597, 35.62447], [-82.23704, 35.62461], [-82.23783, 35.62449], [-82.23873, 35.62406], [-82.23915, 35.62358], [-82.23959, 35.62291], [-82.23966, 35.6211], [-82.23965, 35.62033], [-82.24004, 35.61934], [-82.24068, 35.61865], [-82.24298, 35.61765], [-82.24362, 35.6173], [-82.24428, 35.61687], [-82.24506, 35.61648], [-82.24581, 35.61626], [-82.24668, 35.61628], [-82.24785, 35.61656], [-82.24897, 35.61691], [-82.24953, 35.61695], [-82.25059, 35.61695], [-82.25164, 35.61695], [-82.25293, 35.61714], [-82.25369, 35.61726], [-82.2544, 35.61722], [-82.25646, 35.61661], [-82.25724, 35.61641], [-82.25836, 35.61642], [-82.25916, 35.61662], [-82.26102, 35.61728], [-82.26321, 35.6185], [-82.26429, 35.61909], [-82.26632, 35.61986], [-82.26841, 35.62099], [-82.26943, 35.62127], [-82.27106, 35.62144], [-82.27354, 35.62151], [-82.27524, 35.62133], [-82.27647, 35.62101], [-82.27922, 35.61972], [-82.28016, 35.61946], [-82.28164, 35.61935], [-82.2845, 35.61931], [-82.29045, 35.61924], [-82.29046, 35.6191]]}, "properties": {"id": "tims-713917", "tims_id": 713917, "road_name": "I-40", "road": "I-40", "common_name": "", "county": "McDowell", "closed_at": "2024-09-27T18:23:00Z", "reopened_at": "2024-11-06T17:40:03.575000Z", "est_end_at": "2024-11-30T17:00:00Z", "last_update_at": "2024-10-31T11:33:51Z", "condition": "Lanes Closed", "description": "The right lane is closed 4 miles west of Exit 73, Catawba Ave.", "location": "In Old Fort / Mile Marker 69 to 67 Heading West", "severity": 3, "is_full_closure": null, "geom_kind": "line", "feed_status": "historical", "provenance": "real: NCDOT TIMS via ArcGIS FeatureServer", "source_url": "https://services.arcgis.com/NuWFvHYDMVmmxMeM/arcgis/rest/services/State_Maintained_Historical_TIMS_Incidents_Hurricane_Helene/FeatureServer/1"}}, {"type": "Feature", "geometry": {"type": "LineString", "coordinates": [[-82.39844, 35.23975], [-82.39908, 35.23938], [-82.39983, 35.239], [-82.4004, 35.2382], [-82.40087, 35.23754], [-82.40115, 35.23727]]}, "properties": {"id": "tims-713924", "tims_id": 713924, "road_name": "SR-1836 (N Lake Summit Rd)", "road": "SR-1836", "common_name": "N Lake Summit Rd", "county": "Henderson", "closed_at": "2024-09-27T18:39:00Z", "reopened_at": "2024-10-30T13:40:04.210000Z", "est_end_at": "2024-10-31T16:00:00Z", "last_update_at": "2024-10-10T14:28:11Z", "condition": "Road Closed", "description": "The road is closed between US 225 and US 176.", "location": "Near Hendersonville / Both Directions", "severity": 2, "is_full_closure": null, "geom_kind": "line", "feed_status": "historical", "provenance": "real: NCDOT TIMS via ArcGIS FeatureServer", "source_url": "https://services.arcgis.com/NuWFvHYDMVmmxMeM/arcgis/rest/services/State_Maintained_Historical_TIMS_Incidents_Hurricane_Helene/FeatureServer/1"}}, {"type": "Feature", "geometry": {"type": "LineString", "coordinates": [[-82.99648, 35.66918], [-82.99485, 35.66798], [-82.99644, 35.66914]]}, "properties": {"id": "tims-713961", "tims_id": 713961, "road_name": "I-40", "road": "I-40", "common_name": "", "county": "Haywood", "closed_at": "2024-09-27T20:05:00Z", "reopened_at": "2024-09-29T05:00:03.221000Z", "est_end_at": "2025-09-30T21:00:00Z", "last_update_at": "2024-09-28T16:24:11Z", "condition": "Road Closed", "description": "The road is closed at Exit 15 (Fines Creek Rd). This is a long-term closure, no estimated clearance time is known", "location": "Near TN State Line / Mile Marker 15 Both Directions", "severity": 3, "is_full_closure": null, "geom_kind": "line", "feed_status": "historical", "provenance": "real: NCDOT TIMS via ArcGIS FeatureServer", "source_url": "https://services.arcgis.com/NuWFvHYDMVmmxMeM/arcgis/rest/services/State_Maintained_Historical_TIMS_Incidents_Hurricane_Helene/FeatureServer/1"}}, {"type": "Feature", "geometry": {"type": "LineString", "coordinates": [[-82.49392, 35.4677], [-82.4939, 35.4686]]}, "properties": {"id": "tims-713975", "tims_id": 713975, "road_name": "SR-3310 (Tree Top Dr)", "road": "SR-3310", "common_name": "Tree Top Dr", "county": "Buncombe", "closed_at": "2024-09-27T20:45:00Z", "reopened_at": "2024-10-18T16:00:04.725000Z", "est_end_at": "2024-10-18T16:00:00Z", "last_update_at": "2024-10-09T19:40:53Z", "condition": "Road Closed", "description": "The road is washed out South of White Rock Ct.", "location": "In Arden / Both Directions", "severity": 1, "is_full_closure": null, "geom_kind": "line", "feed_status": "historical", "provenance": "real: NCDOT TIMS via ArcGIS FeatureServer", "source_url": "https://services.arcgis.com/NuWFvHYDMVmmxMeM/arcgis/rest/services/State_Maintained_Historical_TIMS_Incidents_Hurricane_Helene/FeatureServer/1"}}, {"type": "Feature", "geometry": {"type": "LineString", "coordinates": [[-82.11002, 35.42507], [-82.11157, 35.42358], [-82.11421, 35.4226]]}, "properties": {"id": "tims-713976", "tims_id": 713976, "road_name": "US-64 (US 64 74A)", "road": "US-64", "common_name": "US 64 74A", "county": "Rutherford", "closed_at": "2024-09-27T20:47:00Z", "reopened_at": "2024-10-21T12:00:04.360000Z", "est_end_at": "2024-10-31T16:00:00Z", "last_update_at": "2024-10-10T12:59:55Z", "condition": "Road Impassable", "description": "High water", "location": "East of Lake Lure / Both Directions", "severity": 1, "is_full_closure": null, "geom_kind": "line", "feed_status": "historical", "provenance": "real: NCDOT TIMS via ArcGIS FeatureServer", "source_url": "https://services.arcgis.com/NuWFvHYDMVmmxMeM/arcgis/rest/services/State_Maintained_Historical_TIMS_Incidents_Hurricane_Helene/FeatureServer/1"}}, {"type": "Feature", "geometry": {"type": "LineString", "coordinates": [[-81.95525, 35.26965], [-81.9568, 35.26864]]}, "properties": {"id": "tims-713979", "tims_id": 713979, "road_name": "SR-1004 (Poors Ford Rd)", "road": "SR-1004", "common_name": "Poors Ford Rd", "county": "Rutherford", "closed_at": "2024-09-27T21:21:00Z", "reopened_at": "2024-10-21T11:50:05.044000Z", "est_end_at": "2024-10-31T16:00:00Z", "last_update_at": "2024-10-10T12:59:20Z", "condition": "Road Closed", "description": "Low hanging Power line", "location": "Near Rutherfordton / Both Directions", "severity": 1, "is_full_closure": null, "geom_kind": "line", "feed_status": "historical", "provenance": "real: NCDOT TIMS via ArcGIS FeatureServer", "source_url": "https://services.arcgis.com/NuWFvHYDMVmmxMeM/arcgis/rest/services/State_Maintained_Historical_TIMS_Incidents_Hurricane_Helene/FeatureServer/1"}}, {"type": "Feature", "geometry": {"type": "LineString", "coordinates": [[-82.55469, 35.90652], [-82.55567, 35.9071], [-82.55664, 35.90785], [-82.55709, 35.90833], [-82.5577, 35.90912], [-82.55797, 35.90959], [-82.55832, 35.9105], [-82.55848, 35.91127], [-82.55853, 35.91213], [-82.55832, 35.91357], [-82.55775, 35.91672], [-82.55732, 35.91897], [-82.55698, 35.92068], [-82.55664, 35.92269], [-82.55611, 35.92543], [-82.55575, 35.92754], [-82.55569, 35.92835], [-82.55575, 35.92921], [-82.55598, 35.93063], [-82.55651, 35.93211], [-82.55733, 35.93358], [-82.55938, 35.93653], [-82.5616, 35.93973], [-82.5637, 35.94279], [-82.56409, 35.94358], [-82.56441, 35.94448], [-82.56443, 35.94465], [-82.56459, 35.94601], [-82.56445, 35.94676], [-82.56438, 35.94723], [-82.56404, 35.94818], [-82.56336, 35.94939], [-82.56302, 35.94992], [-82.55992, 35.95526]]}, "properties": {"id": "tims-713980", "tims_id": 713980, "road_name": "I-26", "road": "I-26", "common_name": "", "county": "Madison", "closed_at": "2024-09-27T21:23:00Z", "reopened_at": "2024-10-31T12:50:03.577000Z", "est_end_at": "2024-11-30T17:00:00Z", "last_update_at": "2024-10-30T16:30:19Z", "condition": "Lane Closed", "description": "One lane is closed at Exit 3, US 23 Business (Bear Branch Road).", "location": "Near TN State Line / Mile Marker 3 Both Directions", "severity": 3, "is_full_closure": null, "geom_kind": "line", "feed_status": "historical", "provenance": "real: NCDOT TIMS via ArcGIS FeatureServer", "source_url": "https://services.arcgis.com/NuWFvHYDMVmmxMeM/arcgis/rest/services/State_Maintained_Historical_TIMS_Incidents_Hurricane_Helene/FeatureServer/1"}}, {"type": "Feature", "geometry": {"type": "LineString", "coordinates": [[-82.18356, 35.62234], [-82.18777, 35.62229]]}, "properties": {"id": "tims-714027", "tims_id": 714027, "road_name": "I-40", "road": "I-40", "common_name": "", "county": "McDowell", "closed_at": "2024-09-28T06:20:00Z", "reopened_at": "2024-09-28T21:05:03.393000Z", "est_end_at": "2024-10-01T16:00:00Z", "last_update_at": "2024-09-28T16:17:17Z", "condition": "Road Closed", "description": "The road is closed from Exit 66 (Dunsmore Ave) to Exit 73 ( Catawaba Avenue).", "location": "Near Old Fort / Mile Marker 66 to 73 Both Directions", "severity": 3, "is_full_closure": null, "geom_kind": "line", "feed_status": "historical", "provenance": "real: NCDOT TIMS via ArcGIS FeatureServer", "source_url": "https://services.arcgis.com/NuWFvHYDMVmmxMeM/arcgis/rest/services/State_Maintained_Historical_TIMS_Incidents_Hurricane_Helene/FeatureServer/1"}}, {"type": "Feature", "geometry": {"type": "LineString", "coordinates": [[-82.40159, 35.28858], [-82.40115, 35.28666]]}, "properties": {"id": "tims-714028", "tims_id": 714028, "road_name": "I-26", "road": "I-26", "common_name": "", "county": "Henderson", "closed_at": "2024-09-28T06:43:00Z", "reopened_at": "2024-09-28T15:05:03.310000Z", "est_end_at": "2024-09-28T16:00:00Z", "last_update_at": "2024-09-28T14:59:45Z", "condition": "Road Closed", "description": "The road is closed from Exit 54 ( US 25) to Exit 59 (Holbert Cove Rd.).", "location": "Near Flat Rock / Mile Marker 54 to 59 Heading West", "severity": 3, "is_full_closure": null, "geom_kind": "line", "feed_status": "historical", "provenance": "real: NCDOT TIMS via ArcGIS FeatureServer", "source_url": "https://services.arcgis.com/NuWFvHYDMVmmxMeM/arcgis/rest/services/State_Maintained_Historical_TIMS_Incidents_Hurricane_Helene/FeatureServer/1"}}, {"type": "Feature", "geometry": {"type": "LineString", "coordinates": [[-82.45165, 35.36698], [-82.45105, 35.3671], [-82.45044, 35.36709], [-82.44861, 35.36601]]}, "properties": {"id": "tims-714063", "tims_id": 714063, "road_name": "SR-1006 (Howard Gap Rd)", "road": "SR-1006", "common_name": "Howard Gap Rd", "county": "Henderson", "closed_at": "2024-09-28T15:04:00Z", "reopened_at": "2024-10-30T13:40:04.210000Z", "est_end_at": "2024-10-31T18:04:00Z", "last_update_at": "2024-10-14T19:34:00Z", "condition": "Road Impassable", "description": "There was a mudslide on Howard Gap Rd there is no guardrail and only asphalt nothing under it.", "location": "In Balfour / Both Directions", "severity": 2, "is_full_closure": null, "geom_kind": "line", "feed_status": "historical", "provenance": "real: NCDOT TIMS via ArcGIS FeatureServer", "source_url": "https://services.arcgis.com/NuWFvHYDMVmmxMeM/arcgis/rest/services/State_Maintained_Historical_TIMS_Incidents_Hurricane_Helene/FeatureServer/1"}}, {"type": "Feature", "geometry": {"type": "LineString", "coordinates": [[-81.84083, 35.69064], [-81.85359, 35.6904], [-81.85544, 35.69068], [-81.85761, 35.69148], [-81.85956, 35.69277], [-81.86258, 35.69477], [-81.86366, 35.69548], [-81.86512, 35.6959], [-81.86688, 35.69611], [-81.86874, 35.69589], [-81.87179, 35.69514], [-81.87509, 35.69374], [-81.87949, 35.69174], [-81.88353, 35.68994], [-81.88611, 35.68945], [-81.88778, 35.68945], [-81.88877, 35.68954], [-81.89147, 35.6899], [-81.89368, 35.69006], [-81.89514, 35.68986], [-81.89625, 35.68961], [-81.89765, 35.68909], [-81.89943, 35.68825], [-81.90244, 35.68679], [-81.90543, 35.68577], [-81.90832, 35.68531], [-81.91771, 35.6846], [-81.92632, 35.68383], [-81.93131, 35.68301], [-81.93459, 35.68237], [-81.93698, 35.68179], [-81.93859, 35.68113], [-81.94082, 35.67987], [-81.94286, 35.67836], [-81.94659, 35.67512], [-81.95103, 35.67101], [-81.95342, 35.66884], [-81.95656, 35.66583], [-81.95727, 35.66498], [-81.96014, 35.66121], [-81.96313, 35.65724], [-81.96375, 35.65659], [-81.96449, 35.65598], [-81.96578, 35.65514], [-81.96877, 35.65377], [-81.96942, 35.65352], [-81.97165, 35.65241], [-81.97957, 35.64869], [-81.98165, 35.64743], [-81.98362, 35.6458], [-81.98591, 35.64364], [-81.98712, 35.64255], [-81.98923, 35.64069], [-81.99153, 35.63862], [-81.99401, 35.63635], [-81.99562, 35.63546], [-81.99727, 35.63473], [-81.99878, 35.63429], [-81.99979, 35.63405], [-82.00137, 35.63388], [-82.003, 35.6338], [-82.00461, 35.634], [-82.00621, 35.6344], [-82.00768, 35.635], [-82.01549, 35.63861], [-82.02067, 35.64099], [-82.02657, 35.64374], [-82.03057, 35.6456], [-82.03235, 35.64635], [-82.03401, 35.64663], [-82.03586, 35.64655], [-82.03708, 35.64627], [-82.04005, 35.64513], [-82.04205, 35.64433], [-82.0487, 35.64177], [-82.05405, 35.63977], [-82.05852, 35.6384], [-82.06562, 35.63656], [-82.06844, 35.63602], [-82.07514, 35.6348], [-82.07986, 35.63403], [-82.08285, 35.63373], [-82.08416, 35.63377], [-82.08549, 35.63407], [-82.08687, 35.63461], [-82.08879, 35.6353], [-82.09028, 35.6356], [-82.09169, 35.63567], [-82.1031, 35.63602], [-82.10433, 35.63614], [-82.1064, 35.63663], [-82.10846, 35.63757], [-82.11092, 35.63916], [-82.11228, 35.63994], [-82.11456, 35.64071], [-82.11602, 35.64098], [-82.1177, 35.64109], [-82.1194, 35.64106], [-82.12087, 35.64092], [-82.12666, 35.64007], [-82.13035, 35.63952], [-82.13554, 35.63932], [-82.14531, 35.63893], [-82.15477, 35.63858], [-82.15742, 35.63829], [-82.16047, 35.63739], [-82.16307, 35.63615], [-82.16577, 35.63408], [-82.17062, 35.63007], [-82.17578, 35.62579], [-82.17811, 35.62402], [-82.17923, 35.62346]]}, "properties": {"id": "tims-714142", "tims_id": 714142, "road_name": "I-40", "road": "I-40", "common_name": "", "county": "McDowell", "closed_at": "2024-09-29T19:29:00Z", "reopened_at": "2024-10-01T17:05:03.273000Z", "est_end_at": "2024-10-01T20:00:00Z", "last_update_at": "2024-10-01T12:19:52Z", "condition": "Road Closed", "description": "I-40 west is closed to non-emergency traffic from Exit 152 (I-77) to Exit 73.", "location": "Near Marion / Mile Marker 94 to 73 Heading West", "severity": 3, "is_full_closure": null, "geom_kind": "line", "feed_status": "historical", "provenance": "real: NCDOT TIMS via ArcGIS FeatureServer", "source_url": "https://services.arcgis.com/NuWFvHYDMVmmxMeM/arcgis/rest/services/State_Maintained_Historical_TIMS_Incidents_Hurricane_Helene/FeatureServer/1"}}, {"type": "Feature", "geometry": {"type": "LineString", "coordinates": [[-82.53414, 35.43857], [-82.53433, 35.43893], [-82.53442, 35.4393], [-82.53453, 35.43975], [-82.53463, 35.44033], [-82.53476, 35.44081], [-82.53492, 35.44122]]}, "properties": {"id": "tims-714208", "tims_id": 714208, "road_name": "I-26", "road": "I-26", "common_name": "", "county": "Buncombe", "closed_at": "2024-09-30T14:02:00Z", "reopened_at": "2024-09-30T17:05:03.930000Z", "est_end_at": "2024-09-30T17:02:00Z", "last_update_at": "2024-09-30T14:07:48Z", "condition": "Ramp Lane Closed", "description": "The ramp is closed near Exit 40 (US 25).", "location": "Near Royal Pines / Mile Marker 40 Heading North", "severity": 3, "is_full_closure": null, "geom_kind": "line", "feed_status": "historical", "provenance": "real: NCDOT TIMS via ArcGIS FeatureServer", "source_url": "https://services.arcgis.com/NuWFvHYDMVmmxMeM/arcgis/rest/services/State_Maintained_Historical_TIMS_Incidents_Hurricane_Helene/FeatureServer/1"}}, {"type": "Feature", "geometry": {"type": "LineString", "coordinates": [[-82.4094, 35.22153], [-82.40955, 35.22169], [-82.40958, 35.22179], [-82.40958, 35.2219], [-82.40954, 35.22202], [-82.40929, 35.22228], [-82.40915, 35.22243], [-82.40885, 35.22273], [-82.40887, 35.22334], [-82.4096, 35.22375], [-82.40994, 35.22415], [-82.4099, 35.22445], [-82.40936, 35.22494], [-82.4082, 35.22544], [-82.40766, 35.2258], [-82.40713, 35.22605], [-82.40694, 35.2261], [-82.40682, 35.22604], [-82.40674, 35.22592], [-82.40673, 35.22576], [-82.4069, 35.22508], [-82.40694, 35.22493], [-82.40685, 35.22485], [-82.40658, 35.22502], [-82.40625, 35.22537], [-82.40597, 35.22573], [-82.40579, 35.22575], [-82.40556, 35.22566], [-82.40544, 35.22574], [-82.40542, 35.22608], [-82.4054, 35.22623], [-82.40506, 35.22611], [-82.40484, 35.22609], [-82.40466, 35.22649], [-82.40379, 35.22692], [-82.40326, 35.22696], [-82.40264, 35.2275], [-82.40193, 35.22787], [-82.40181, 35.22802], [-82.40035, 35.22816], [-82.4001, 35.22815], [-82.40009, 35.22827], [-82.40011, 35.22831], [-82.4002, 35.22839], [-82.40058, 35.22856], [-82.40081, 35.22932], [-82.4008, 35.22954], [-82.40051, 35.22987], [-82.39973, 35.22981], [-82.39959, 35.22992]]}, "properties": {"id": "tims-714226", "tims_id": 714226, "road_name": "SR-1852 (S Lake Summit Rd)", "road": "SR-1852", "common_name": "S Lake Summit Rd", "county": "Henderson", "closed_at": "2024-09-30T16:40:00Z", "reopened_at": "2024-10-30T13:40:04.210000Z", "est_end_at": "2024-10-31T21:00:00Z", "last_update_at": "2024-10-14T19:34:22Z", "condition": "Road Closed", "description": "The road is closed between Cabin Ridge Road and Point View Rd due to road washout.", "location": "Near SC State Line / Both Directions", "severity": 2, "is_full_closure": null, "geom_kind": "line", "feed_status": "historical", "provenance": "real: NCDOT TIMS via ArcGIS FeatureServer", "source_url": "https://services.arcgis.com/NuWFvHYDMVmmxMeM/arcgis/rest/services/State_Maintained_Historical_TIMS_Incidents_Hurricane_Helene/FeatureServer/1"}}, {"type": "Feature", "geometry": {"type": "LineString", "coordinates": [[-82.39811, 35.23997], [-82.39794, 35.23895], [-82.39736, 35.23815], [-82.39732, 35.23755], [-82.39476, 35.23533], [-82.39397, 35.23489], [-82.3926, 35.23478], [-82.39167, 35.23403], [-82.39079, 35.23359], [-82.38871, 35.23408], [-82.38659, 35.23519], [-82.37858, 35.23838], [-82.37471, 35.23785], [-82.3673, 35.23617], [-82.35207, 35.23612]]}, "properties": {"id": "tims-714231", "tims_id": 714231, "road_name": "US-176", "road": "US-176", "common_name": "", "county": "Henderson", "closed_at": "2024-09-30T16:45:00Z", "reopened_at": "2024-10-18T15:10:04.322000Z", "est_end_at": "2024-10-31T17:45:00Z", "last_update_at": "2024-10-10T14:30:35Z", "condition": "Lanes Narrowed", "description": "Slide hurricane Helene", "location": "South of Hendersonville / Heading South", "severity": 2, "is_full_closure": null, "geom_kind": "line", "feed_status": "historical", "provenance": "real: NCDOT TIMS via ArcGIS FeatureServer", "source_url": "https://services.arcgis.com/NuWFvHYDMVmmxMeM/arcgis/rest/services/State_Maintained_Historical_TIMS_Incidents_Hurricane_Helene/FeatureServer/1"}}, {"type": "Feature", "geometry": {"type": "LineString", "coordinates": [[-82.41431, 35.22802], [-82.41443, 35.22812], [-82.41473, 35.22823], [-82.41485, 35.2279], [-82.41491, 35.22775], [-82.41513, 35.22756], [-82.41534, 35.22754], [-82.41554, 35.22761], [-82.4158, 35.22763], [-82.41596, 35.22754], [-82.41616, 35.22748], [-82.41649, 35.2275], [-82.41659, 35.22759], [-82.41662, 35.22783], [-82.41619, 35.22857], [-82.41605, 35.22884], [-82.41596, 35.22927], [-82.41594, 35.22954], [-82.41579, 35.22969], [-82.41576, 35.22979], [-82.41589, 35.22997], [-82.41592, 35.23048], [-82.41585, 35.23079], [-82.41579, 35.23094], [-82.41579, 35.23101], [-82.41594, 35.23102], [-82.41607, 35.23097], [-82.41616, 35.2307], [-82.41636, 35.23033], [-82.4165, 35.23005], [-82.41667, 35.22985], [-82.41689, 35.22972], [-82.41705, 35.22968], [-82.41705, 35.22962], [-82.41695, 35.22951], [-82.4169, 35.22935], [-82.417, 35.22898], [-82.4174, 35.22806], [-82.41758, 35.22793], [-82.41779, 35.22793], [-82.418, 35.22801], [-82.41805, 35.22808], [-82.4182, 35.22804], [-82.41818, 35.22783], [-82.41793, 35.22749], [-82.418, 35.22728], [-82.41806, 35.22715], [-82.41866, 35.22647], [-82.4194, 35.22601], [-82.41955, 35.22592], [-82.41957, 35.22578], [-82.42035, 35.22533], [-82.42084, 35.22526], [-82.4212, 35.22491], [-82.42172, 35.22488], [-82.42197, 35.22493], [-82.42209, 35.22507], [-82.42203, 35.22541], [-82.42241, 35.22554], [-82.42309, 35.22549], [-82.42319, 35.22567], [-82.42311, 35.2259], [-82.42284, 35.22631], [-82.42251, 35.22761], [-82.4225, 35.22804], [-82.42213, 35.22853], [-82.42173, 35.22904], [-82.42161, 35.22943], [-82.4212, 35.22986], [-82.42071, 35.23081], [-82.4202, 35.23167], [-82.41942, 35.23254], [-82.41888, 35.23307], [-82.41817, 35.23382], [-82.4174, 35.23454], [-82.41656, 35.23539]]}, "properties": {"id": "tims-714228", "tims_id": 714228, "road_name": "SR-1836 (N Lake Summit Rd)", "road": "SR-1836", "common_name": "N Lake Summit Rd", "county": "Henderson", "closed_at": "2024-09-30T16:48:00Z", "reopened_at": "2024-10-30T13:40:04.210000Z", "est_end_at": "2024-10-31T17:48:00Z", "last_update_at": "2024-10-10T14:31:15Z", "condition": "Road Closed", "description": "The road is closed between US 25 and Smyre Rd due to road washout.", "location": "Near SC State Line / Both Directions", "severity": 2, "is_full_closure": null, "geom_kind": "line", "feed_status": "historical", "provenance": "real: NCDOT TIMS via ArcGIS FeatureServer", "source_url": "https://services.arcgis.com/NuWFvHYDMVmmxMeM/arcgis/rest/services/State_Maintained_Historical_TIMS_Incidents_Hurricane_Helene/FeatureServer/1"}}, {"type": "Feature", "geometry": {"type": "LineString", "coordinates": [[-82.42716, 35.22022], [-82.42627, 35.21974]]}, "properties": {"id": "tims-714230", "tims_id": 714230, "road_name": "SR-1852 (South Lake Summit Rd)", "road": "SR-1852", "common_name": "South Lake Summit Rd", "county": "Henderson", "closed_at": "2024-09-30T16:53:00Z", "reopened_at": "2024-10-30T13:40:04.210000Z", "est_end_at": "2024-10-31T21:53:00Z", "last_update_at": "2024-10-10T14:31:58Z", "condition": "Road Impassable", "description": "The road is closed and washed out on both sides of the bridge near Green Cove Rd.", "location": "South of Flat Rock / Both Directions", "severity": 3, "is_full_closure": null, "geom_kind": "line", "feed_status": "historical", "provenance": "real: NCDOT TIMS via ArcGIS FeatureServer", "source_url": "https://services.arcgis.com/NuWFvHYDMVmmxMeM/arcgis/rest/services/State_Maintained_Historical_TIMS_Incidents_Hurricane_Helene/FeatureServer/1"}}, {"type": "Feature", "geometry": {"type": "LineString", "coordinates": [[-82.28721, 35.45158], [-82.28836, 35.45214], [-82.2892, 35.45265], [-82.28979, 35.45319], [-82.29045, 35.45334], [-82.29148, 35.45302], [-82.29242, 35.45247], [-82.29394, 35.45213], [-82.29581, 35.45228], [-82.29675, 35.45247], [-82.2971, 35.45312], [-82.29757, 35.45385], [-82.29796, 35.4544], [-82.29769, 35.45487], [-82.29709, 35.45543], [-82.2973, 35.45579], [-82.29802, 35.45697], [-82.2985, 35.45719], [-82.29976, 35.45722], [-82.30164, 35.45785], [-82.30216, 35.45852], [-82.30338, 35.45921], [-82.30411, 35.46043], [-82.30456, 35.46116], [-82.30597, 35.46144], [-82.30723, 35.46072], [-82.30886, 35.46083], [-82.3102, 35.46136], [-82.31301, 35.46172], [-82.31374, 35.4624], [-82.31517, 35.46286], [-82.316, 35.46313], [-82.31677, 35.46319], [-82.31905, 35.46462], [-82.31947, 35.46522], [-82.31989, 35.4656], [-82.32166, 35.46635], [-82.32269, 35.46694], [-82.32392, 35.4672], [-82.32524, 35.46825], [-82.32677, 35.46897], [-82.32775, 35.46912], [-82.32941, 35.4699], [-82.3298, 35.47065], [-82.33068, 35.47103], [-82.3307, 35.4714], [-82.33039, 35.4714], [-82.32895, 35.47095], [-82.32805, 35.47033], [-82.32774, 35.47043], [-82.32773, 35.47067], [-82.32806, 35.47089], [-82.32885, 35.4713], [-82.32928, 35.47179], [-82.33058, 35.47259], [-82.33236, 35.47337], [-82.33337, 35.4736], [-82.33417, 35.47339], [-82.33557, 35.47399], [-82.33581, 35.47405], [-82.33598, 35.47385], [-82.33602, 35.47322], [-82.33575, 35.47254], [-82.33589, 35.47233], [-82.33638, 35.47226], [-82.33723, 35.47289], [-82.33756, 35.47379], [-82.33769, 35.47428], [-82.33841, 35.4747], [-82.33953, 35.4755]]}, "properties": {"id": "tims-714232", "tims_id": 714232, "road_name": "US-74 ALT", "road": "US-74 ALT", "common_name": "", "county": "Henderson", "closed_at": "2024-09-30T17:14:00Z", "reopened_at": "2024-10-30T13:50:04.338000Z", "est_end_at": "2024-10-31T18:14:00Z", "last_update_at": "2024-10-10T14:33:41Z", "condition": "Road Impassable", "description": "Landslides", "location": "North of Hendersonville / Both Directions", "severity": 3, "is_full_closure": null, "geom_kind": "line", "feed_status": "historical", "provenance": "real: NCDOT TIMS via ArcGIS FeatureServer", "source_url": "https://services.arcgis.com/NuWFvHYDMVmmxMeM/arcgis/rest/services/State_Maintained_Historical_TIMS_Incidents_Hurricane_Helene/FeatureServer/1"}}, {"type": "Feature", "geometry": {"type": "Point", "coordinates": [-82.1465242318809, 35.6387520870608]}, "properties": {"id": "tims-714271", "tims_id": 714271, "road_name": "I-40", "road": "I-40", "common_name": "", "county": "McDowell", "closed_at": "2024-09-30T21:50:00Z", "reopened_at": null, "est_end_at": "2024-10-31T16:00:00Z", "last_update_at": "2024-10-09T15:30:34Z", "condition": "Partial Access", "description": "The right lane is closed 1-mile past Exit 75, Parker Padgett Road.", "location": "East of Old Fort / Mile Marker 76 Heading East", "severity": null, "is_full_closure": null, "geom_kind": "point", "feed_status": "historical", "provenance": "real: NCDOT TIMS via ArcGIS FeatureServer", "source_url": "https://services.arcgis.com/NuWFvHYDMVmmxMeM/arcgis/rest/services/State_Maintained_Historical_TIMS_Incidents_Hurricane_Helene/FeatureServer/0"}}, {"type": "Feature", "geometry": {"type": "LineString", "coordinates": [[-82.9344, 35.45344], [-82.93414, 35.45388], [-82.93388, 35.45383], [-82.93377, 35.45319], [-82.9328, 35.45282], [-82.93295, 35.45254], [-82.93285, 35.45235], [-82.93134, 35.45236], [-82.93006, 35.45202], [-82.92928, 35.45192], [-82.92888, 35.45157], [-82.92839, 35.45168], [-82.9275, 35.45145], [-82.92611, 35.45132], [-82.92557, 35.45127], [-82.92505, 35.45088], [-82.92411, 35.45071], [-82.92331, 35.45083], [-82.9225, 35.45074], [-82.92171, 35.45035], [-82.9213, 35.45007], [-82.91977, 35.44994], [-82.91827, 35.44985], [-82.918, 35.44989], [-82.91601, 35.44912], [-82.91482, 35.44856]]}, "properties": {"id": "tims-714329", "tims_id": 714329, "road_name": "SR-1119 (Inman Branch Rd)", "road": "SR-1119", "common_name": "Inman Branch Rd", "county": "Haywood", "closed_at": "2024-10-01T13:10:00Z", "reopened_at": "2024-10-10T14:10:08.066000Z", "est_end_at": "2024-10-10T14:10:00Z", "last_update_at": "2024-10-01T13:17:20Z", "condition": "Road Impassable", "description": "The road is impassable near Mauney Ln.", "location": "In Waynesville / Both Directions", "severity": 2, "is_full_closure": null, "geom_kind": "line", "feed_status": "historical", "provenance": "real: NCDOT TIMS via ArcGIS FeatureServer", "source_url": "https://services.arcgis.com/NuWFvHYDMVmmxMeM/arcgis/rest/services/State_Maintained_Historical_TIMS_Incidents_Hurricane_Helene/FeatureServer/1"}}, {"type": "Feature", "geometry": {"type": "LineString", "coordinates": [[-82.3277, 35.60409], [-82.32774, 35.60355]]}, "properties": {"id": "tims-714358", "tims_id": 714358, "road_name": "SR-2713 (South Blue Ridge Road)", "road": "SR-2713", "common_name": "South Blue Ridge Road", "county": "Buncombe", "closed_at": "2024-10-01T17:40:00Z", "reopened_at": "2024-10-28T13:20:04.707000Z", "est_end_at": "2024-10-31T16:00:00Z", "last_update_at": "2024-10-20T16:01:49Z", "condition": "Road Closed", "description": "The bridge over Swannanoa River is closed due to storm-related damage.", "location": "In Black Mountain / Both Directions", "severity": 3, "is_full_closure": null, "geom_kind": "line", "feed_status": "historical", "provenance": "real: NCDOT TIMS via ArcGIS FeatureServer", "source_url": "https://services.arcgis.com/NuWFvHYDMVmmxMeM/arcgis/rest/services/State_Maintained_Historical_TIMS_Incidents_Hurricane_Helene/FeatureServer/1"}}, {"type": "Feature", "geometry": {"type": "LineString", "coordinates": [[-82.34059, 35.60844], [-82.34053, 35.60811], [-82.34054, 35.60774]]}, "properties": {"id": "tims-714362", "tims_id": 714362, "road_name": "SR-2500 (Blue Ridge Rd)", "road": "SR-2500", "common_name": "Blue Ridge Rd", "county": "Buncombe", "closed_at": "2024-10-01T18:04:00Z", "reopened_at": "2024-11-18T13:58:43.405000Z", "est_end_at": "2024-11-30T17:00:00Z", "last_update_at": "2024-10-30T11:15:24Z", "condition": "Road Closed", "description": "The bridge over Swannanoa River is closed due to storm-related damage.", "location": "Near Black Mountain / Both Directions", "severity": 3, "is_full_closure": null, "geom_kind": "line", "feed_status": "historical", "provenance": "real: NCDOT TIMS via ArcGIS FeatureServer", "source_url": "https://services.arcgis.com/NuWFvHYDMVmmxMeM/arcgis/rest/services/State_Maintained_Historical_TIMS_Incidents_Hurricane_Helene/FeatureServer/1"}}, {"type": "Feature", "geometry": {"type": "LineString", "coordinates": [[-82.39798, 35.60248], [-82.39787, 35.60213], [-82.3978, 35.60197]]}, "properties": {"id": "tims-714363", "tims_id": 714363, "road_name": "SR-2727 (Whitson Ave)", "road": "SR-2727", "common_name": "Whitson Ave", "county": "Buncombe", "closed_at": "2024-10-01T18:15:00Z", "reopened_at": "2025-02-26T18:10:05.519000Z", "est_end_at": "2025-03-31T16:00:00Z", "last_update_at": "2025-01-20T11:21:33Z", "condition": "Road Closed", "description": "The bridge over Swannanoa River is closed due to storm-related damage. The road is closed from US-70 (Tunnel Road) to Old US 70 Highway.", "location": "Near Swannanoa / Both Directions", "severity": 3, "is_full_closure": null, "geom_kind": "line", "feed_status": "historical", "provenance": "real: NCDOT TIMS via ArcGIS FeatureServer", "source_url": "https://services.arcgis.com/NuWFvHYDMVmmxMeM/arcgis/rest/services/State_Maintained_Historical_TIMS_Incidents_Hurricane_Helene/FeatureServer/1"}}, {"type": "Feature", "geometry": {"type": "LineString", "coordinates": [[-82.42011, 35.60759], [-82.41934, 35.60811], [-82.41878, 35.60837], [-82.41831, 35.60854]]}, "properties": {"id": "tims-714366", "tims_id": 714366, "road_name": "SR-2432 (Davidson Rd)", "road": "SR-2432", "common_name": "Davidson Rd", "county": "Buncombe", "closed_at": "2024-10-01T18:25:00Z", "reopened_at": "2024-12-05T11:10:04.550000Z", "est_end_at": "2025-01-31T17:00:00Z", "last_update_at": "2024-12-03T15:04:21Z", "condition": "Road Closed", "description": "The bridge over Swannanoa River is closed due to storm-related damage.", "location": "Near Swannanoa / Both Directions", "severity": 3, "is_full_closure": null, "geom_kind": "line", "feed_status": "historical", "provenance": "real: NCDOT TIMS via ArcGIS FeatureServer", "source_url": "https://services.arcgis.com/NuWFvHYDMVmmxMeM/arcgis/rest/services/State_Maintained_Historical_TIMS_Incidents_Hurricane_Helene/FeatureServer/1"}}, {"type": "Feature", "geometry": {"type": "LineString", "coordinates": [[-82.54443, 35.56665], [-82.54397, 35.56562], [-82.54299, 35.56507], [-82.54269, 35.56447], [-82.54241, 35.56377], [-82.54166, 35.56287], [-82.54101, 35.56171], [-82.53977, 35.56035], [-82.53874, 35.55914], [-82.53822, 35.5578], [-82.53805, 35.5565], [-82.53837, 35.55544], [-82.53889, 35.55444], [-82.53882, 35.55376], [-82.53865, 35.55291], [-82.53792, 35.55221], [-82.53707, 35.55122], [-82.53649, 35.55053], [-82.53477, 35.54812], [-82.5341, 35.54605], [-82.53226, 35.54116], [-82.53164, 35.5399], [-82.53067, 35.53844], [-82.52887, 35.53623], [-82.52799, 35.53492], [-82.52792, 35.53418], [-82.5282, 35.53159], [-82.52915, 35.52827], [-82.52949, 35.52671], [-82.5296, 35.52476], [-82.52945, 35.52231], [-82.52919, 35.52163], [-82.52842, 35.51876], [-82.52769, 35.51582], [-82.52666, 35.51125], [-82.52537, 35.50674], [-82.52408, 35.50388], [-82.52172, 35.49986]]}, "properties": {"id": "tims-714382", "tims_id": 714382, "road_name": "US-25 (Hendersonville Road)", "road": "US-25", "common_name": "Hendersonville Road", "county": "Buncombe", "closed_at": "2024-10-01T18:30:00Z", "reopened_at": "2024-10-01T21:35:03.775000Z", "est_end_at": "2024-10-03T21:00:00Z", "last_update_at": "2024-10-01T19:27:28Z", "condition": "Road Closed", "description": "US 25 (Hendersonville Road) is closed from downtown Asheville to Fletcher.", "location": "South of Asheville / Both Directions", "severity": 3, "is_full_closure": null, "geom_kind": "line", "feed_status": "historical", "provenance": "real: NCDOT TIMS via ArcGIS FeatureServer", "source_url": "https://services.arcgis.com/NuWFvHYDMVmmxMeM/arcgis/rest/services/State_Maintained_Historical_TIMS_Incidents_Hurricane_Helene/FeatureServer/1"}}, {"type": "Feature", "geometry": {"type": "LineString", "coordinates": [[-82.51999, 35.57761], [-82.51961, 35.57725], [-82.51924, 35.57689]]}, "properties": {"id": "tims-714368", "tims_id": 714368, "road_name": "SR-3276 (Wood Ave)", "road": "SR-3276", "common_name": "Wood Ave", "county": "Buncombe", "closed_at": "2024-10-01T18:37:00Z", "reopened_at": "2025-04-08T16:10:08.678000Z", "est_end_at": "2025-05-31T21:00:00Z", "last_update_at": "2025-03-24T17:23:39Z", "condition": "Road Closed", "description": "The bridge over Swannanoa River is closed due to storm-related damage.", "location": "Near Asheville / Both Directions", "severity": 3, "is_full_closure": null, "geom_kind": "line", "feed_status": "historical", "provenance": "real: NCDOT TIMS via ArcGIS FeatureServer", "source_url": "https://services.arcgis.com/NuWFvHYDMVmmxMeM/arcgis/rest/services/State_Maintained_Historical_TIMS_Incidents_Hurricane_Helene/FeatureServer/1"}}, {"type": "Feature", "geometry": {"type": "LineString", "coordinates": [[-82.50262, 35.57456], [-82.50207, 35.57366]]}, "properties": {"id": "tims-714371", "tims_id": 714371, "road_name": "US-74 ALT (Fairview Road)", "road": "US-74 ALT", "common_name": "Fairview Road", "county": "Buncombe", "closed_at": "2024-10-01T18:41:00Z", "reopened_at": "2025-02-17T11:30:04.861000Z", "est_end_at": "2025-03-31T16:00:00Z", "last_update_at": "2025-01-20T11:20:41Z", "condition": "Road Closed", "description": "The bridge over Swannanoa River is closed due to storm-related damage.", "location": "Near Asheville / Both Directions", "severity": 3, "is_full_closure": null, "geom_kind": "line", "feed_status": "historical", "provenance": "real: NCDOT TIMS via ArcGIS FeatureServer", "source_url": "https://services.arcgis.com/NuWFvHYDMVmmxMeM/arcgis/rest/services/State_Maintained_Historical_TIMS_Incidents_Hurricane_Helene/FeatureServer/1"}}, {"type": "Feature", "geometry": {"type": "LineString", "coordinates": [[-82.34161, 35.60944], [-82.35877, 35.60588], [-82.3625, 35.60448], [-82.3674, 35.60208], [-82.36929, 35.60152], [-82.37246, 35.60037], [-82.3771, 35.60002], [-82.38319, 35.601], [-82.39049, 35.60236], [-82.39384, 35.60307], [-82.39775, 35.60199], [-82.40204, 35.60035], [-82.41002, 35.59885], [-82.41397, 35.59766], [-82.4155, 35.59714], [-82.41966, 35.59665], [-82.42258, 35.59606], [-82.42915, 35.59386], [-82.43579, 35.59305], [-82.44128, 35.59169], [-82.44437, 35.59131], [-82.45066, 35.59088], [-82.4524, 35.59028], [-82.45849, 35.58578], [-82.46137, 35.58459], [-82.46523, 35.58358], [-82.46965, 35.584], [-82.47452, 35.58578], [-82.47658, 35.58654], [-82.48766, 35.58742], [-82.49079, 35.58745], [-82.49315, 35.58648], [-82.49153, 35.58716], [-82.49389, 35.58779], [-82.4969, 35.58961], [-82.4978, 35.58995], [-82.50226, 35.58769]]}, "properties": {"id": "tims-714377", "tims_id": 714377, "road_name": "US-70", "road": "US-70", "common_name": "", "county": "Buncombe", "closed_at": "2024-10-01T19:01:00Z", "reopened_at": "2024-10-02T19:45:03.136000Z", "est_end_at": "2024-10-03T21:00:00Z", "last_update_at": "2024-10-01T19:06:59Z", "condition": "Road Closed", "description": "The road is closed west of Black Mountain (Blue Ridge Road) to Asheville.", "location": "West of Black Mountain / Both Directions", "severity": 3, "is_full_closure": null, "geom_kind": "line", "feed_status": "historical", "provenance": "real: NCDOT TIMS via ArcGIS FeatureServer", "source_url": "https://services.arcgis.com/NuWFvHYDMVmmxMeM/arcgis/rest/services/State_Maintained_Historical_TIMS_Incidents_Hurricane_Helene/FeatureServer/1"}}, {"type": "Feature", "geometry": {"type": "LineString", "coordinates": [[-82.50209, 35.60245], [-82.5018, 35.60375], [-82.5017, 35.60446], [-82.50164, 35.60508], [-82.50215, 35.60724], [-82.50214, 35.60762], [-82.50199, 35.60795], [-82.50155, 35.60849], [-82.50111, 35.60891], [-82.50114, 35.60919], [-82.50168, 35.61085]]}, "properties": {"id": "tims-714411", "tims_id": 714411, "road_name": "SR-2032 (New Haw Creek Rd)", "road": "SR-2032", "common_name": "New Haw Creek Rd", "county": "Buncombe", "closed_at": "2024-10-01T20:51:00Z", "reopened_at": "2024-10-09T16:10:13.476000Z", "est_end_at": "2024-10-10T16:00:00Z", "last_update_at": "2024-10-03T11:09:19Z", "condition": "Road Closed", "description": "The road is closed near Sleepy Hollow Dr due to weather-related damage.", "location": "Near Asheville / Both Directions", "severity": 3, "is_full_closure": null, "geom_kind": "line", "feed_status": "historical", "provenance": "real: NCDOT TIMS via ArcGIS FeatureServer", "source_url": "https://services.arcgis.com/NuWFvHYDMVmmxMeM/arcgis/rest/services/State_Maintained_Historical_TIMS_Incidents_Hurricane_Helene/FeatureServer/1"}}, {"type": "Feature", "geometry": {"type": "LineString", "coordinates": [[-82.82749, 35.89271], [-82.82614, 35.89331]]}, "properties": {"id": "tims-714415", "tims_id": 714415, "road_name": "US-25", "road": "US-25", "common_name": "", "county": "Madison", "closed_at": "2024-10-01T20:57:00Z", "reopened_at": "2024-10-21T18:10:04.320000Z", "est_end_at": "2024-10-31T16:00:00Z", "last_update_at": "2024-10-21T14:21:39Z", "condition": "Lane Closed", "description": "One lane is closed near Andrews Ave South. There is a truck restriction in place for this road.", "location": "Near Hot Springs / Mile Marker 0 to 0 Both Directions", "severity": 3, "is_full_closure": null, "geom_kind": "line", "feed_status": "historical", "provenance": "real: NCDOT TIMS via ArcGIS FeatureServer", "source_url": "https://services.arcgis.com/NuWFvHYDMVmmxMeM/arcgis/rest/services/State_Maintained_Historical_TIMS_Incidents_Hurricane_Helene/FeatureServer/1"}}, {"type": "Feature", "geometry": {"type": "LineString", "coordinates": [[-82.29398, 35.90554], [-82.29355, 35.90487], [-82.29309, 35.9042], [-82.29276, 35.9039], [-82.29185, 35.90332], [-82.29144, 35.90294], [-82.29121, 35.90271], [-82.29101, 35.90243], [-82.2908, 35.90195], [-82.29058, 35.9012], [-82.29049, 35.90078], [-82.2905, 35.90063], [-82.29068, 35.89991], [-82.29059, 35.89964], [-82.29045, 35.89944], [-82.2902, 35.89925], [-82.28991, 35.89914], [-82.2895, 35.89913], [-82.28904, 35.89916], [-82.28882, 35.89912], [-82.28863, 35.89907], [-82.28848, 35.89899], [-82.28804, 35.89849], [-82.28717, 35.89741], [-82.28673, 35.89697], [-82.28638, 35.89674], [-82.28571, 35.89641], [-82.28506, 35.89606], [-82.28479, 35.8959], [-82.28459, 35.89573], [-82.28446, 35.89552], [-82.2844, 35.89516], [-82.28428, 35.89471], [-82.28407, 35.8942], [-82.28374, 35.89377], [-82.28314, 35.89314], [-82.28278, 35.89286], [-82.28254, 35.89262], [-82.28247, 35.89244], [-82.28233, 35.89177], [-82.28214, 35.89067], [-82.28194, 35.88954], [-82.28183, 35.88871], [-82.28182, 35.88819], [-82.2819, 35.88799], [-82.28212, 35.88706], [-82.28225, 35.88684], [-82.28256, 35.8866], [-82.28296, 35.88648], [-82.28335, 35.8864], [-82.28362, 35.88631], [-82.28374, 35.88626], [-82.28413, 35.8859], [-82.28449, 35.88539], [-82.28456, 35.88517], [-82.28462, 35.88466], [-82.28484, 35.8843], [-82.28498, 35.88415], [-82.28522, 35.88401], [-82.28562, 35.88383], [-82.28577, 35.88373], [-82.2858, 35.88357], [-82.28574, 35.88336], [-82.28555, 35.88308], [-82.28531, 35.88276], [-82.28516, 35.88235], [-82.28493, 35.88159], [-82.28477, 35.881], [-82.28481, 35.88075], [-82.28489, 35.88063], [-82.28531, 35.88015], [-82.28537, 35.8799], [-82.28529, 35.87964], [-82.28513, 35.87911], [-82.28508, 35.8788], [-82.28509, 35.87856], [-82.28505, 35.87809], [-82.2849, 35.87767], [-82.28469, 35.8773], [-82.28467, 35.87718], [-82.28473, 35.87712], [-82.28483, 35.87712], [-82.28513, 35.8774], [-82.28527, 35.87745], [-82.28578, 35.87751], [-82.28635, 35.87753], [-82.28663, 35.87753], [-82.287, 35.87759], [-82.2873, 35.87776], [-82.28753, 35.87806], [-82.2876, 35.87822], [-82.2878, 35.87836], [-82.28796, 35.87842], [-82.28828, 35.87854], [-82.28837, 35.8786], [-82.28852, 35.87893], [-82.28871, 35.87947], [-82.28885, 35.8798], [-82.28905, 35.88005], [-82.28921, 35.88017], [-82.28938, 35.88025], [-82.28954, 35.8803], [-82.28976, 35.88026], [-82.28996, 35.88016], [-82.29037, 35.87996], [-82.29056, 35.87988], [-82.29078, 35.87955], [-82.29084, 35.87942], [-82.29112, 35.87924], [-82.29134, 35.87914], [-82.29164, 35.87911], [-82.29185, 35.87919], [-82.29199, 35.87931], [-82.29208, 35.87948], [-82.29217, 35.87978], [-82.2923, 35.88031], [-82.29236, 35.88075], [-82.29243, 35.88086], [-82.29259, 35.88094], [-82.2928, 35.88091], [-82.29314, 35.88088], [-82.29347, 35.88096], [-82.29363, 35.88097], [-82.29373, 35.88092], [-82.29372, 35.8808], [-82.29359, 35.8801], [-82.29344, 35.87951], [-82.29339, 35.87908], [-82.29334, 35.87851], [-82.29335, 35.87793], [-82.29348, 35.87728], [-82.29355, 35.87719], [-82.29403, 35.87687], [-82.2942, 35.87677], [-82.29466, 35.87658], [-82.29498, 35.87643], [-82.29522, 35.87628], [-82.29542, 35.87606], [-82.29577, 35.87541], [-82.29599, 35.87514], [-82.29665, 35.87473], [-82.2971, 35.87442], [-82.29784, 35.87385], [-82.29797, 35.87377]]}, "properties": {"id": "tims-714418", "tims_id": 714418, "road_name": "SR-1109 (Bolens Creek Rd)", "road": "SR-1109", "common_name": "Bolens Creek Rd", "county": "Yancey", "closed_at": "2024-10-01T21:00:00Z", "reopened_at": "2024-12-13T13:20:04.584000Z", "est_end_at": "2025-01-31T17:00:00Z", "last_update_at": "2024-12-12T16:38:55Z", "condition": "Road Closed", "description": "The road is closed due to weather-related damage.", "location": "South of Burnsville / Both Directions", "severity": 3, "is_full_closure": null, "geom_kind": "line", "feed_status": "historical", "provenance": "real: NCDOT TIMS via ArcGIS FeatureServer", "source_url": "https://services.arcgis.com/NuWFvHYDMVmmxMeM/arcgis/rest/services/State_Maintained_Historical_TIMS_Incidents_Hurricane_Helene/FeatureServer/1"}}, {"type": "Feature", "geometry": {"type": "LineString", "coordinates": [[-82.19586, 35.41575], [-82.19653, 35.41286], [-82.19649, 35.41102], [-82.19685, 35.40982], [-82.19606, 35.40677], [-82.19666, 35.40334], [-82.19614, 35.40098], [-82.19348, 35.39156], [-82.19162, 35.38478], [-82.19113, 35.38104], [-82.18798, 35.37593], [-82.18587, 35.37338]]}, "properties": {"id": "tims-714427", "tims_id": 714427, "road_name": "NC-9", "road": "NC-9", "common_name": "", "county": "Rutherford", "closed_at": "2024-10-01T21:05:00Z", "reopened_at": "2024-10-15T13:50:05.113000Z", "est_end_at": "2024-10-18T22:05:00Z", "last_update_at": "2024-10-01T21:59:18Z", "condition": "Road Closed with Detour", "description": "A portion of US 64/74A, NC 9 near the Chimney Rock State Park has been washed away due to Hurricane Helene.", "location": "Near Lake Lure / Both Directions", "severity": 1, "is_full_closure": null, "geom_kind": "line", "feed_status": "historical", "provenance": "real: NCDOT TIMS via ArcGIS FeatureServer", "source_url": "https://services.arcgis.com/NuWFvHYDMVmmxMeM/arcgis/rest/services/State_Maintained_Historical_TIMS_Incidents_Hurricane_Helene/FeatureServer/1"}}, {"type": "Feature", "geometry": {"type": "LineString", "coordinates": [[-82.34814, 35.31827], [-82.34798, 35.31877], [-82.34768, 35.31906], [-82.34722, 35.31926], [-82.34682, 35.31939], [-82.34622, 35.31939], [-82.34591, 35.31936], [-82.3455, 35.3191]]}, "properties": {"id": "tims-714444", "tims_id": 714444, "road_name": "SR-1799 (Deep Gap Rd)", "road": "SR-1799", "common_name": "Deep Gap Rd", "county": "Henderson", "closed_at": "2024-10-01T22:07:00Z", "reopened_at": "2024-10-30T13:50:04.338000Z", "est_end_at": "2024-10-31T16:00:00Z", "last_update_at": "2024-10-10T14:34:36Z", "condition": "Road Closed", "description": "ASAP", "location": "North East of East Flat Rock / Both Directions", "severity": 3, "is_full_closure": null, "geom_kind": "line", "feed_status": "historical", "provenance": "real: NCDOT TIMS via ArcGIS FeatureServer", "source_url": "https://services.arcgis.com/NuWFvHYDMVmmxMeM/arcgis/rest/services/State_Maintained_Historical_TIMS_Incidents_Hurricane_Helene/FeatureServer/1"}}, {"type": "Feature", "geometry": {"type": "LineString", "coordinates": [[-82.44142, 35.43954], [-82.44101, 35.43983], [-82.43965, 35.44028]]}, "properties": {"id": "tims-714450", "tims_id": 714450, "road_name": "SR-1569 (Hoopers Creek Road)", "road": "SR-1569", "common_name": "Hoopers Creek Road", "county": "Henderson", "closed_at": "2024-10-01T22:21:00Z", "reopened_at": "2024-10-30T13:50:04.338000Z", "est_end_at": "2024-10-31T16:00:00Z", "last_update_at": "2024-10-10T14:36:07Z", "condition": "Road Closed", "description": "Bridge approach washed away A lot of drift and debris wing wall wash out on both sides of bridge", "location": "North of Hendersonville / Both Directions", "severity": 3, "is_full_closure": null, "geom_kind": "line", "feed_status": "historical", "provenance": "real: NCDOT TIMS via ArcGIS FeatureServer", "source_url": "https://services.arcgis.com/NuWFvHYDMVmmxMeM/arcgis/rest/services/State_Maintained_Historical_TIMS_Incidents_Hurricane_Helene/FeatureServer/1"}}, {"type": "Feature", "geometry": {"type": "LineString", "coordinates": [[-82.37326, 35.40314], [-82.37281, 35.4031], [-82.37233, 35.40308], [-82.37194, 35.40306], [-82.37158, 35.40308], [-82.37125, 35.4031], [-82.3709, 35.40308]]}, "properties": {"id": "tims-714451", "tims_id": 714451, "road_name": "SR-1572 (Apple Valley Rd)", "road": "SR-1572", "common_name": "Apple Valley Rd", "county": "Henderson", "closed_at": "2024-10-01T22:24:00Z", "reopened_at": "2024-10-30T14:00:04.806000Z", "est_end_at": "2024-10-31T16:00:00Z", "last_update_at": "2024-10-14T19:36:12Z", "condition": "Road Closed", "description": "The road is closed at Waynes Way.", "location": "North East of Hendersonville / Both Directions", "severity": 3, "is_full_closure": null, "geom_kind": "line", "feed_status": "historical", "provenance": "real: NCDOT TIMS via ArcGIS FeatureServer", "source_url": "https://services.arcgis.com/NuWFvHYDMVmmxMeM/arcgis/rest/services/State_Maintained_Historical_TIMS_Incidents_Hurricane_Helene/FeatureServer/1"}}, {"type": "Feature", "geometry": {"type": "LineString", "coordinates": [[-82.41426, 35.374], [-82.41381, 35.37542], [-82.41321, 35.37603], [-82.41294, 35.37622], [-82.41278, 35.37645], [-82.41269, 35.37728]]}, "properties": {"id": "tims-714452", "tims_id": 714452, "road_name": "SR-1574 (Fruitland Rd)", "road": "SR-1574", "common_name": "Fruitland Rd", "county": "Henderson", "closed_at": "2024-10-01T22:28:00Z", "reopened_at": "2024-10-30T14:10:04.628000Z", "est_end_at": "2024-10-31T16:00:00Z", "last_update_at": "2024-10-10T14:39:33Z", "condition": "Road Closed", "description": "More than just bridge work shoulders are washed out quite ways back from bridge, can\u2019t get underneath bridge due to debris", "location": "North of Hendersonville / Both Directions", "severity": 3, "is_full_closure": null, "geom_kind": "line", "feed_status": "historical", "provenance": "real: NCDOT TIMS via ArcGIS FeatureServer", "source_url": "https://services.arcgis.com/NuWFvHYDMVmmxMeM/arcgis/rest/services/State_Maintained_Historical_TIMS_Incidents_Hurricane_Helene/FeatureServer/1"}}, {"type": "Feature", "geometry": {"type": "LineString", "coordinates": [[-82.86937, 35.61828], [-82.86899, 35.61887], [-82.86876, 35.61944], [-82.86844, 35.61967], [-82.86759, 35.61988], [-82.86704, 35.61999], [-82.86658, 35.6201], [-82.86633, 35.62011], [-82.86549, 35.62083], [-82.86522, 35.6211], [-82.865, 35.62171], [-82.86468, 35.62237], [-82.86453, 35.6225], [-82.8645, 35.62268], [-82.86455, 35.62295], [-82.8646, 35.62348], [-82.86436, 35.62452], [-82.86436, 35.62486], [-82.86425, 35.62534], [-82.86423, 35.62582], [-82.86424, 35.62594]]}, "properties": {"id": "tims-714454", "tims_id": 714454, "road_name": "SR-1503 (Liner Creek Rd)", "road": "SR-1503", "common_name": "Liner Creek Rd", "county": "Haywood", "closed_at": "2024-10-01T22:30:00Z", "reopened_at": "2024-11-24T16:28:41.579000Z", "est_end_at": "2024-11-30T17:00:00Z", "last_update_at": "2024-10-31T11:09:03Z", "condition": "Road Closed", "description": "", "location": "North of Waynesville / Both Directions", "severity": 3, "is_full_closure": null, "geom_kind": "line", "feed_status": "historical", "provenance": "real: NCDOT TIMS via ArcGIS FeatureServer", "source_url": "https://services.arcgis.com/NuWFvHYDMVmmxMeM/arcgis/rest/services/State_Maintained_Historical_TIMS_Incidents_Hurricane_Helene/FeatureServer/1"}}, {"type": "Feature", "geometry": {"type": "LineString", "coordinates": [[-82.18586, 35.42335], [-82.18564, 35.42429], [-82.18399, 35.42488], [-82.18387, 35.42522], [-82.18414, 35.42619]]}, "properties": {"id": "tims-714459", "tims_id": 714459, "road_name": "SR-1306 (Buffalo Shoals Rd)", "road": "SR-1306", "common_name": "Buffalo Shoals Rd", "county": "Rutherford", "closed_at": "2024-10-01T22:37:00Z", "reopened_at": "2024-11-08T16:28:46.731000Z", "est_end_at": "2024-11-30T17:00:00Z", "last_update_at": "2024-10-31T11:27:14Z", "condition": "Road Closed", "description": "A portion of US 64/74A, NC 9 near the Chimney Rock State Park have been washed away due to Hurricane Helene.", "location": "In Lake Lure / Both Directions", "severity": 1, "is_full_closure": null, "geom_kind": "line", "feed_status": "historical", "provenance": "real: NCDOT TIMS via ArcGIS FeatureServer", "source_url": "https://services.arcgis.com/NuWFvHYDMVmmxMeM/arcgis/rest/services/State_Maintained_Historical_TIMS_Incidents_Hurricane_Helene/FeatureServer/1"}}, {"type": "Feature", "geometry": {"type": "LineString", "coordinates": [[-82.89059, 35.64227], [-82.89034, 35.64342], [-82.8901, 35.64377], [-82.89, 35.64385], [-82.88981, 35.64391], [-82.88917, 35.64435], [-82.8891, 35.64458], [-82.88898, 35.64502]]}, "properties": {"id": "tims-714458", "tims_id": 714458, "road_name": "SR-1505 (Bald Creek Rd)", "road": "SR-1505", "common_name": "Bald Creek Rd", "county": "Haywood", "closed_at": "2024-10-01T22:40:00Z", "reopened_at": "2024-10-16T15:00:05.394000Z", "est_end_at": "2024-10-31T16:00:00Z", "last_update_at": "2024-10-10T19:29:31Z", "condition": "Lane Closed", "description": "A lane is closed near Hidden Valley Rd.", "location": "North of West Canton / Both Directions", "severity": 3, "is_full_closure": null, "geom_kind": "line", "feed_status": "historical", "provenance": "real: NCDOT TIMS via ArcGIS FeatureServer", "source_url": "https://services.arcgis.com/NuWFvHYDMVmmxMeM/arcgis/rest/services/State_Maintained_Historical_TIMS_Incidents_Hurricane_Helene/FeatureServer/1"}}, {"type": "Feature", "geometry": {"type": "LineString", "coordinates": [[-82.16244, 35.42419], [-82.16703, 35.4251], [-82.16838, 35.42459], [-82.1684, 35.42328], [-82.16943, 35.42092], [-82.17029, 35.42076], [-82.17276, 35.42193], [-82.17417, 35.42163], [-82.17709, 35.42363], [-82.17924, 35.42373], [-82.18143, 35.42207], [-82.18204, 35.42242], [-82.18288, 35.42223], [-82.18502, 35.42326], [-82.18687, 35.4233], [-82.18708, 35.42296], [-82.18646, 35.42239], [-82.18642, 35.4216], [-82.18899, 35.41797], [-82.19128, 35.41472], [-82.19212, 35.41458], [-82.19326, 35.41542], [-82.19405, 35.41556], [-82.19491, 35.41629], [-82.19592, 35.41552]]}, "properties": {"id": "tims-714469", "tims_id": 714469, "road_name": "US-64 (US64/74A)", "road": "US-64", "common_name": "US64/74A", "county": "Rutherford", "closed_at": "2024-10-01T22:44:00Z", "reopened_at": "2024-10-17T11:20:04.266000Z", "est_end_at": "2024-10-18T23:44:00Z", "last_update_at": "2024-10-01T23:05:22Z", "condition": "Road Closed with Detour", "description": "A portion of US 64/74A, NC 9 near the Chimney Rock State Park has been washed away due to Hurricane Helene.", "location": "Near Lake Lure / Heading West", "severity": 1, "is_full_closure": null, "geom_kind": "line", "feed_status": "historical", "provenance": "real: NCDOT TIMS via ArcGIS FeatureServer", "source_url": "https://services.arcgis.com/NuWFvHYDMVmmxMeM/arcgis/rest/services/State_Maintained_Historical_TIMS_Incidents_Hurricane_Helene/FeatureServer/1"}}, {"type": "Feature", "geometry": {"type": "LineString", "coordinates": [[-82.86522, 35.45764], [-82.86345, 35.4576], [-82.86313, 35.45764], [-82.86265, 35.45777], [-82.86197, 35.45801]]}, "properties": {"id": "tims-714462", "tims_id": 714462, "road_name": "SR-1105 (Mundy Field Rd)", "road": "SR-1105", "common_name": "Mundy Field Rd", "county": "Haywood", "closed_at": "2024-10-01T22:48:00Z", "reopened_at": "2024-10-16T15:30:04.953000Z", "est_end_at": "2024-10-31T16:00:00Z", "last_update_at": "2024-10-10T15:11:44Z", "condition": "Road Closed", "description": "The road is closed near Singleton Ln.", "location": "South of Canton / Both Directions", "severity": 3, "is_full_closure": null, "geom_kind": "line", "feed_status": "historical", "provenance": "real: NCDOT TIMS via ArcGIS FeatureServer", "source_url": "https://services.arcgis.com/NuWFvHYDMVmmxMeM/arcgis/rest/services/State_Maintained_Historical_TIMS_Incidents_Hurricane_Helene/FeatureServer/1"}}, {"type": "Feature", "geometry": {"type": "LineString", "coordinates": [[-82.78996, 35.42103], [-82.78895, 35.42031], [-82.7888, 35.42011], [-82.78822, 35.41971], [-82.78762, 35.41922], [-82.78697, 35.41857], [-82.78693, 35.41851], [-82.78611, 35.4183], [-82.78539, 35.41791], [-82.78513, 35.41737]]}, "properties": {"id": "tims-714478", "tims_id": 714478, "road_name": "SR-1888 (Pisgah Creek Rd)", "road": "SR-1888", "common_name": "Pisgah Creek Rd", "county": "Haywood", "closed_at": "2024-10-01T22:51:00Z", "reopened_at": "2024-10-14T13:30:05.881000Z", "est_end_at": "2024-10-21T16:00:00Z", "last_update_at": "2024-10-08T16:38:57Z", "condition": "Road Closed", "description": "Total loss. Reconstruct roadway and bridge.", "location": "South East of Canton / Both Directions", "severity": 3, "is_full_closure": null, "geom_kind": "line", "feed_status": "historical", "provenance": "real: NCDOT TIMS via ArcGIS FeatureServer", "source_url": "https://services.arcgis.com/NuWFvHYDMVmmxMeM/arcgis/rest/services/State_Maintained_Historical_TIMS_Incidents_Hurricane_Helene/FeatureServer/1"}}, {"type": "Feature", "geometry": {"type": "LineString", "coordinates": [[-82.7829, 35.41582], [-82.78356, 35.41617], [-82.78402, 35.41649], [-82.78414, 35.41692], [-82.78479, 35.41717], [-82.78524, 35.41752], [-82.78575, 35.41799], [-82.78638, 35.41832], [-82.78693, 35.41848], [-82.78803, 35.41953], [-82.79064, 35.42171], [-82.79101, 35.42225], [-82.79116, 35.42289], [-82.79156, 35.42323], [-82.79012, 35.42475], [-82.79108, 35.42656]]}, "properties": {"id": "tims-714465", "tims_id": 714465, "road_name": "SR-1888 (Pisgah Creek Road)", "road": "SR-1888", "common_name": "Pisgah Creek Road", "county": "Haywood", "closed_at": "2024-10-01T22:51:00Z", "reopened_at": "2024-11-24T16:20:03.748000Z", "est_end_at": "2024-11-30T17:00:00Z", "last_update_at": "2024-10-31T11:08:13Z", "condition": "Road Closed", "description": "The road is closed near Pisgah Mountain Road for bridge replacement.", "location": "South East of Canton / Both Directions", "severity": 3, "is_full_closure": null, "geom_kind": "line", "feed_status": "historical", "provenance": "real: NCDOT TIMS via ArcGIS FeatureServer", "source_url": "https://services.arcgis.com/NuWFvHYDMVmmxMeM/arcgis/rest/services/State_Maintained_Historical_TIMS_Incidents_Hurricane_Helene/FeatureServer/1"}}, {"type": "Feature", "geometry": {"type": "LineString", "coordinates": [[-82.78996, 35.42103], [-82.78895, 35.42031], [-82.7888, 35.42011], [-82.78822, 35.41971], [-82.78762, 35.41922], [-82.78697, 35.41857], [-82.78693, 35.41851], [-82.78611, 35.4183], [-82.78539, 35.41791], [-82.78513, 35.41737]]}, "properties": {"id": "tims-714476", "tims_id": 714476, "road_name": "SR-1888 (Pisgah Creek Road)", "road": "SR-1888", "common_name": "Pisgah Creek Road", "county": "Haywood", "closed_at": "2024-10-01T22:51:00Z", "reopened_at": "2024-11-24T16:20:03.748000Z", "est_end_at": "2024-11-30T17:00:00Z", "last_update_at": "2024-10-31T11:06:33Z", "condition": "Road Closed", "description": "The road is closed before Cattle Creek Ridge due to storm related damages.", "location": "South East of Canton / Both Directions", "severity": 3, "is_full_closure": null, "geom_kind": "line", "feed_status": "historical", "provenance": "real: NCDOT TIMS via ArcGIS FeatureServer", "source_url": "https://services.arcgis.com/NuWFvHYDMVmmxMeM/arcgis/rest/services/State_Maintained_Historical_TIMS_Incidents_Hurricane_Helene/FeatureServer/1"}}, {"type": "Feature", "geometry": {"type": "LineString", "coordinates": [[-82.82901, 35.39771], [-82.82842, 35.39816], [-82.82711, 35.39889], [-82.8262, 35.39949], [-82.82562, 35.39959], [-82.82485, 35.39943], [-82.82361, 35.39912], [-82.82284, 35.39927], [-82.82254, 35.39936], [-82.82173, 35.39936], [-82.82128, 35.39956]]}, "properties": {"id": "tims-714467", "tims_id": 714467, "road_name": "SR-1100 (Crawford Creek Rd)", "road": "SR-1100", "common_name": "Crawford Creek Rd", "county": "Haywood", "closed_at": "2024-10-01T22:56:00Z", "reopened_at": "2024-10-11T15:30:07.437000Z", "est_end_at": "2024-10-31T16:00:00Z", "last_update_at": "2024-10-10T15:12:26Z", "condition": "Road Closed", "description": "Total Loss. Creek is now where the roadway was.", "location": "South of Canton / Both Directions", "severity": 3, "is_full_closure": null, "geom_kind": "line", "feed_status": "historical", "provenance": "real: NCDOT TIMS via ArcGIS FeatureServer", "source_url": "https://services.arcgis.com/NuWFvHYDMVmmxMeM/arcgis/rest/services/State_Maintained_Historical_TIMS_Incidents_Hurricane_Helene/FeatureServer/1"}}, {"type": "Feature", "geometry": {"type": "LineString", "coordinates": [[-82.82901, 35.39771], [-82.82842, 35.39816], [-82.82711, 35.39889], [-82.8262, 35.39949], [-82.82562, 35.39959], [-82.82485, 35.39943], [-82.82361, 35.39912], [-82.82284, 35.39927], [-82.82254, 35.39936], [-82.82173, 35.39936], [-82.82128, 35.39956]]}, "properties": {"id": "tims-714466", "tims_id": 714466, "road_name": "SR-1100 (Crawford Creek Rd)", "road": "SR-1100", "common_name": "Crawford Creek Rd", "county": "Haywood", "closed_at": "2024-10-01T22:56:00Z", "reopened_at": "2024-11-24T16:28:41.579000Z", "est_end_at": "2024-11-30T17:00:00Z", "last_update_at": "2024-10-31T11:07:24Z", "condition": "Road Closed", "description": "The close is closed near Climbing Heights.", "location": "South of Canton / Both Directions", "severity": 3, "is_full_closure": null, "geom_kind": "line", "feed_status": "historical", "provenance": "real: NCDOT TIMS via ArcGIS FeatureServer", "source_url": "https://services.arcgis.com/NuWFvHYDMVmmxMeM/arcgis/rest/services/State_Maintained_Historical_TIMS_Incidents_Hurricane_Helene/FeatureServer/1"}}, {"type": "Feature", "geometry": {"type": "LineString", "coordinates": [[-83.09988, 35.5138], [-83.09992, 35.51383], [-83.09999, 35.51395], [-83.10005, 35.51402], [-83.10007, 35.5141]]}, "properties": {"id": "tims-714477", "tims_id": 714477, "road_name": "SR-1213 (Johnson Branch Road)", "road": "SR-1213", "common_name": "Johnson Branch Road", "county": "Haywood", "closed_at": "2024-10-01T23:03:00Z", "reopened_at": "2024-11-24T19:00:04.287000Z", "est_end_at": "2024-11-30T17:00:00Z", "last_update_at": "2024-10-31T11:05:55Z", "condition": "Lane Closed", "description": "A lane is closed near Campbell Creek Road.", "location": "Near Canton / Both Directions", "severity": 2, "is_full_closure": null, "geom_kind": "line", "feed_status": "historical", "provenance": "real: NCDOT TIMS via ArcGIS FeatureServer", "source_url": "https://services.arcgis.com/NuWFvHYDMVmmxMeM/arcgis/rest/services/State_Maintained_Historical_TIMS_Incidents_Hurricane_Helene/FeatureServer/1"}}, {"type": "Feature", "geometry": {"type": "LineString", "coordinates": [[-82.12816, 35.4195], [-82.12733, 35.41924]]}, "properties": {"id": "tims-714471", "tims_id": 714471, "road_name": "US-64 (US64/74A)", "road": "US-64", "common_name": "US64/74A", "county": "Rutherford", "closed_at": "2024-10-01T23:11:00Z", "reopened_at": "2024-10-15T13:50:05.113000Z", "est_end_at": "2024-10-19T00:11:00Z", "last_update_at": "2024-10-01T23:25:40Z", "condition": "Lane Closed", "description": "A portion of the east bound lane on US 64/74A, at the Rock Springs Church Rd intersection has been washed away due to Hurricane Helene.", "location": "Near Lake Lure / Heading East", "severity": 1, "is_full_closure": null, "geom_kind": "line", "feed_status": "historical", "provenance": "real: NCDOT TIMS via ArcGIS FeatureServer", "source_url": "https://services.arcgis.com/NuWFvHYDMVmmxMeM/arcgis/rest/services/State_Maintained_Historical_TIMS_Incidents_Hurricane_Helene/FeatureServer/1"}}, {"type": "Feature", "geometry": {"type": "LineString", "coordinates": [[-82.12829, 35.41945], [-82.12856, 35.41886]]}, "properties": {"id": "tims-714473", "tims_id": 714473, "road_name": "SR-1184 (Rock Springs Church Rd)", "road": "SR-1184", "common_name": "Rock Springs Church Rd", "county": "Rutherford", "closed_at": "2024-10-01T23:19:00Z", "reopened_at": "2024-10-15T13:50:05.113000Z", "est_end_at": "2024-10-19T00:19:00Z", "last_update_at": "2024-10-01T23:25:18Z", "condition": "Lane Narrowed", "description": "On the south end of the bridge the approach slab on the south bound lane is undermined to the double yellow on Rock Springs Church Rd.", "location": "Near Lake Lure / Heading South", "severity": 1, "is_full_closure": null, "geom_kind": "line", "feed_status": "historical", "provenance": "real: NCDOT TIMS via ArcGIS FeatureServer", "source_url": "https://services.arcgis.com/NuWFvHYDMVmmxMeM/arcgis/rest/services/State_Maintained_Historical_TIMS_Incidents_Hurricane_Helene/FeatureServer/1"}}, {"type": "Feature", "geometry": {"type": "LineString", "coordinates": [[-82.36908, 35.37676], [-82.36848, 35.3768], [-82.36777, 35.3769], [-82.36708, 35.37702], [-82.3661, 35.37732], [-82.36554, 35.37754], [-82.36471, 35.378], [-82.36423, 35.37826], [-82.36294, 35.37935], [-82.3619, 35.38023]]}, "properties": {"id": "tims-714472", "tims_id": 714472, "road_name": "US-64 (Chimney Rock Rd)", "road": "US-64", "common_name": "Chimney Rock Rd", "county": "Henderson", "closed_at": "2024-10-01T23:21:00Z", "reopened_at": "2024-10-30T14:10:04.628000Z", "est_end_at": "2024-10-31T21:00:00Z", "last_update_at": "2024-10-14T19:36:36Z", "condition": "Road Closed", "description": "The road is closed from Pace Rd to Laycock Rd.", "location": "Near Hendersonville / Both Directions", "severity": 3, "is_full_closure": null, "geom_kind": "line", "feed_status": "historical", "provenance": "real: NCDOT TIMS via ArcGIS FeatureServer", "source_url": "https://services.arcgis.com/NuWFvHYDMVmmxMeM/arcgis/rest/services/State_Maintained_Historical_TIMS_Incidents_Hurricane_Helene/FeatureServer/1"}}, {"type": "Feature", "geometry": {"type": "LineString", "coordinates": [[-82.88284, 35.47635], [-82.8806, 35.47604]]}, "properties": {"id": "tims-714479", "tims_id": 714479, "road_name": "SR-1105 (Max Thompson Rd)", "road": "SR-1105", "common_name": "Max Thompson Rd", "county": "Haywood", "closed_at": "2024-10-01T23:39:00Z", "reopened_at": "2024-11-24T15:50:04.092000Z", "est_end_at": "2024-11-30T17:00:00Z", "last_update_at": "2024-10-31T11:03:35Z", "condition": "Road Closed", "description": "The road is closed for bridge replacement.", "location": "South of Canton / Both Directions", "severity": 3, "is_full_closure": null, "geom_kind": "line", "feed_status": "historical", "provenance": "real: NCDOT TIMS via ArcGIS FeatureServer", "source_url": "https://services.arcgis.com/NuWFvHYDMVmmxMeM/arcgis/rest/services/State_Maintained_Historical_TIMS_Incidents_Hurricane_Helene/FeatureServer/1"}}, {"type": "Feature", "geometry": {"type": "LineString", "coordinates": [[-82.86806, 35.92139], [-82.86863, 35.92069], [-82.86923, 35.9201], [-82.86964, 35.9197], [-82.87024, 35.91944], [-82.8704, 35.91904], [-82.86989, 35.91829], [-82.86894, 35.91766], [-82.86873, 35.91747], [-82.86776, 35.91751]]}, "properties": {"id": "tims-714482", "tims_id": 714482, "road_name": "SR-1303 (Lower Shut In Rd)", "road": "SR-1303", "common_name": "Lower Shut In Rd", "county": "Madison", "closed_at": "2024-10-01T23:43:00Z", "reopened_at": "2025-11-14T14:20:03.475000Z", "est_end_at": "2026-01-31T17:00:00Z", "last_update_at": "2025-08-14T11:21:13Z", "condition": "Road Closed", "description": "The road is closed near Roberts Rd, due to damage from Hurricane Helene.", "location": "South of TN State Line / Both Directions", "severity": 3, "is_full_closure": null, "geom_kind": "line", "feed_status": "historical", "provenance": "real: NCDOT TIMS via ArcGIS FeatureServer", "source_url": "https://services.arcgis.com/NuWFvHYDMVmmxMeM/arcgis/rest/services/State_Maintained_Historical_TIMS_Incidents_Hurricane_Helene/FeatureServer/1"}}, {"type": "Feature", "geometry": {"type": "LineString", "coordinates": [[-81.82228, 35.54854], [-81.8208, 35.5481]]}, "properties": {"id": "tims-714487", "tims_id": 714487, "road_name": "NC-226 (NC 226)", "road": "NC-226", "common_name": "NC 226", "county": "Rutherford", "closed_at": "2024-10-01T23:57:00Z", "reopened_at": "2024-10-15T13:50:05.113000Z", "est_end_at": "2024-10-19T00:57:00Z", "last_update_at": "2024-10-02T00:04:52Z", "condition": "Lane Narrowed", "description": "The shoulder of the south bound lane on NC 226 has washed away due to Hurricane Helene.", "location": "North East of Ruth / Heading South", "severity": 1, "is_full_closure": null, "geom_kind": "line", "feed_status": "historical", "provenance": "real: NCDOT TIMS via ArcGIS FeatureServer", "source_url": "https://services.arcgis.com/NuWFvHYDMVmmxMeM/arcgis/rest/services/State_Maintained_Historical_TIMS_Incidents_Hurricane_Helene/FeatureServer/1"}}, {"type": "Feature", "geometry": {"type": "LineString", "coordinates": [[-82.79158, 35.51881], [-82.79223, 35.51897], [-82.79265, 35.51911], [-82.79289, 35.51911], [-82.79332, 35.51904], [-82.79414, 35.51876], [-82.79632, 35.51806], [-82.79755, 35.51776], [-82.79789, 35.51776], [-82.79862, 35.51738], [-82.79898, 35.51703], [-82.79931, 35.51673], [-82.79946, 35.51596], [-82.8001, 35.51546], [-82.80087, 35.51507], [-82.80137, 35.5149], [-82.8021, 35.5149], [-82.80321, 35.51406], [-82.80426, 35.51352], [-82.80525, 35.51273]]}, "properties": {"id": "tims-714489", "tims_id": 714489, "road_name": "SR-1849 (Turnpike Rd)", "road": "SR-1849", "common_name": "Turnpike Rd", "county": "Haywood", "closed_at": "2024-10-02T00:15:00Z", "reopened_at": "2024-10-16T15:40:05.166000Z", "est_end_at": "2024-10-31T16:00:00Z", "last_update_at": "2024-10-10T15:13:36Z", "condition": "Road Closed", "description": "The road is closed from SR 1854 (Dutch Cove Rd) to Chinquapin Ridge.", "location": "Near Waynesville / Both Directions", "severity": 2, "is_full_closure": null, "geom_kind": "line", "feed_status": "historical", "provenance": "real: NCDOT TIMS via ArcGIS FeatureServer", "source_url": "https://services.arcgis.com/NuWFvHYDMVmmxMeM/arcgis/rest/services/State_Maintained_Historical_TIMS_Incidents_Hurricane_Helene/FeatureServer/1"}}, {"type": "Feature", "geometry": {"type": "LineString", "coordinates": [[-82.81949, 35.52292], [-82.81892, 35.52321], [-82.81863, 35.52344], [-82.81832, 35.52356], [-82.81796, 35.52364], [-82.81766, 35.52359], [-82.81726, 35.52339], [-82.81705, 35.5233], [-82.81686, 35.52298], [-82.81666, 35.52298], [-82.81644, 35.52309], [-82.81618, 35.52295], [-82.81608, 35.52265], [-82.81618, 35.52243], [-82.81633, 35.52215], [-82.81636, 35.52177], [-82.81628, 35.52152], [-82.81582, 35.52162], [-82.81544, 35.52166], [-82.81495, 35.52172], [-82.81428, 35.52201], [-82.81394, 35.52222], [-82.81357, 35.5224]]}, "properties": {"id": "tims-714494", "tims_id": 714494, "road_name": "SR-1835 (Israel Rd)", "road": "SR-1835", "common_name": "Israel Rd", "county": "Haywood", "closed_at": "2024-10-02T00:26:00Z", "reopened_at": "2024-10-14T19:04:32.771000Z", "est_end_at": "2024-10-31T16:00:00Z", "last_update_at": "2024-10-10T15:13:06Z", "condition": "Road Closed", "description": "The road is closed near SR 9999 (Plantation Cove) and SR 9999 (Dublin Ridge).", "location": "Near Waynesville / Both Directions", "severity": 2, "is_full_closure": null, "geom_kind": "line", "feed_status": "historical", "provenance": "real: NCDOT TIMS via ArcGIS FeatureServer", "source_url": "https://services.arcgis.com/NuWFvHYDMVmmxMeM/arcgis/rest/services/State_Maintained_Historical_TIMS_Incidents_Hurricane_Helene/FeatureServer/1"}}, {"type": "Feature", "geometry": {"type": "LineString", "coordinates": [[-82.81949, 35.52292], [-82.81892, 35.52321], [-82.81863, 35.52344], [-82.81832, 35.52356], [-82.81796, 35.52364], [-82.81766, 35.52359], [-82.81726, 35.52339], [-82.81705, 35.5233], [-82.81686, 35.52298], [-82.81666, 35.52298], [-82.81644, 35.52309], [-82.81618, 35.52295], [-82.81608, 35.52265], [-82.81618, 35.52243], [-82.81633, 35.52215], [-82.81636, 35.52177], [-82.81628, 35.52152], [-82.81582, 35.52162], [-82.81544, 35.52166], [-82.81495, 35.52172], [-82.81428, 35.52201], [-82.81394, 35.52222], [-82.81357, 35.5224]]}, "properties": {"id": "tims-714493", "tims_id": 714493, "road_name": "SR-1835 (Israel Rd)", "road": "SR-1835", "common_name": "Israel Rd", "county": "Haywood", "closed_at": "2024-10-02T00:26:00Z", "reopened_at": "2024-11-24T18:48:38.025000Z", "est_end_at": "2024-11-30T17:00:00Z", "last_update_at": "2024-10-31T11:01:47Z", "condition": "Road Closed", "description": "The road is closed between Plantation Cove and Dublin Ridge.", "location": "Near Waynesville / Both Directions", "severity": 2, "is_full_closure": null, "geom_kind": "line", "feed_status": "historical", "provenance": "real: NCDOT TIMS via ArcGIS FeatureServer", "source_url": "https://services.arcgis.com/NuWFvHYDMVmmxMeM/arcgis/rest/services/State_Maintained_Historical_TIMS_Incidents_Hurricane_Helene/FeatureServer/1"}}, {"type": "Feature", "geometry": {"type": "LineString", "coordinates": [[-82.39522, 35.97925], [-82.39525, 35.97873], [-82.39484, 35.97805], [-82.3947, 35.97773], [-82.39472, 35.97726]]}, "properties": {"id": "tims-714495", "tims_id": 714495, "road_name": "US-19", "road": "US-19", "common_name": "", "county": "Yancey", "closed_at": "2024-10-02T00:34:00Z", "reopened_at": "2025-03-25T11:20:03.847000Z", "est_end_at": "2026-12-31T17:00:00Z", "last_update_at": "2024-12-13T13:20:20Z", "condition": "Road Closed", "description": "The bridge is closed near Piney Hill Road due to storm-related damage.", "location": "South East of TN State Line / Both Directions", "severity": 3, "is_full_closure": null, "geom_kind": "line", "feed_status": "historical", "provenance": "real: NCDOT TIMS via ArcGIS FeatureServer", "source_url": "https://services.arcgis.com/NuWFvHYDMVmmxMeM/arcgis/rest/services/State_Maintained_Historical_TIMS_Incidents_Hurricane_Helene/FeatureServer/1"}}, {"type": "Feature", "geometry": {"type": "LineString", "coordinates": [[-82.84603, 35.52518], [-82.84626, 35.52533], [-82.84646, 35.52535], [-82.84658, 35.52528], [-82.84688, 35.5252], [-82.84721, 35.5252], [-82.84746, 35.52527], [-82.84781, 35.52512], [-82.84802, 35.52496], [-82.84818, 35.52494], [-82.84883, 35.52498], [-82.84922, 35.52505], [-82.84936, 35.52517], [-82.84951, 35.52533], [-82.84968, 35.52533], [-82.84978, 35.52504], [-82.85022, 35.52433], [-82.8502, 35.52407], [-82.85028, 35.52385], [-82.8503, 35.52354], [-82.85025, 35.5232], [-82.85013, 35.52293], [-82.84988, 35.52257], [-82.84924, 35.52213], [-82.84906, 35.52188], [-82.84894, 35.52162], [-82.84875, 35.5215], [-82.84863, 35.52154]]}, "properties": {"id": "tims-714496", "tims_id": 714496, "road_name": "SR-1829 (Filter Plant Road)", "road": "SR-1829", "common_name": "Filter Plant Road", "county": "Haywood", "closed_at": "2024-10-02T00:43:00Z", "reopened_at": "2024-11-24T16:20:03.748000Z", "est_end_at": "2024-11-30T17:00:00Z", "last_update_at": "2024-10-31T11:00:43Z", "condition": "Road Closed", "description": "The road is closed between the Penland Street entrance and the Old River Road entrance due to storm related damages.", "location": "Near Canton / Both Directions", "severity": 2, "is_full_closure": null, "geom_kind": "line", "feed_status": "historical", "provenance": "real: NCDOT TIMS via ArcGIS FeatureServer", "source_url": "https://services.arcgis.com/NuWFvHYDMVmmxMeM/arcgis/rest/services/State_Maintained_Historical_TIMS_Incidents_Hurricane_Helene/FeatureServer/1"}}, {"type": "Feature", "geometry": {"type": "LineString", "coordinates": [[-82.8137, 35.37557], [-82.81435, 35.37512], [-82.81472, 35.37444], [-82.81513, 35.37376], [-82.8158, 35.37314], [-82.81617, 35.37209], [-82.81602, 35.37121], [-82.81632, 35.37001], [-82.81662, 35.36871], [-82.81672, 35.36771], [-82.81724, 35.36658], [-82.81781, 35.36569], [-82.8177, 35.36527], [-82.8168, 35.36456], [-82.81566, 35.36482], [-82.81483, 35.36557], [-82.81455, 35.36615], [-82.81474, 35.36781], [-82.81474, 35.36797], [-82.81448, 35.36802], [-82.81416, 35.36786], [-82.81375, 35.3675], [-82.81328, 35.36744], [-82.81255, 35.36699], [-82.81204, 35.36706], [-82.81191, 35.36786], [-82.81189, 35.36849], [-82.81186, 35.36867], [-82.81107, 35.36876], [-82.81077, 35.36895], [-82.81092, 35.36939], [-82.81077, 35.36968], [-82.81058, 35.36987], [-82.81071, 35.37072], [-82.81056, 35.37106], [-82.81025, 35.37109], [-82.80943, 35.3708], [-82.80859, 35.37101], [-82.80753, 35.37132], [-82.80708, 35.37135], [-82.80671, 35.37086], [-82.80646, 35.37058], [-82.80582, 35.3708], [-82.8052, 35.37095], [-82.80474, 35.37024], [-82.80455, 35.36968], [-82.80412, 35.36933], [-82.80359, 35.36866], [-82.80333, 35.36843], [-82.80354, 35.36794], [-82.80337, 35.36752], [-82.80293, 35.36722], [-82.80246, 35.36714], [-82.80204, 35.3671], [-82.80156, 35.36729], [-82.80137, 35.36744], [-82.80115, 35.36738], [-82.80075, 35.3671], [-82.80048, 35.36712], [-82.79977, 35.36692], [-82.79928, 35.3667], [-82.79903, 35.36661], [-82.79869, 35.36683], [-82.79871, 35.36744], [-82.79872, 35.36826], [-82.79847, 35.36867], [-82.79826, 35.36887], [-82.79767, 35.36887], [-82.79717, 35.36865], [-82.79656, 35.36829], [-82.79605, 35.36779], [-82.7957, 35.36741], [-82.7955, 35.36724], [-82.79507, 35.36733], [-82.79444, 35.36724], [-82.79384, 35.36773], [-82.79328, 35.36829], [-82.79332, 35.36892], [-82.79322, 35.3692], [-82.7928, 35.36948], [-82.79268, 35.37039], [-82.79281, 35.37102], [-82.79305, 35.37132], [-82.79255, 35.37151], [-82.7919, 35.37184], [-82.79152, 35.37242], [-82.79131, 35.37305], [-82.79104, 35.37336], [-82.79064, 35.37337]]}, "properties": {"id": "tims-714507", "tims_id": 714507, "road_name": "US-276 (Cruso Road)", "road": "US-276", "common_name": "Cruso Road", "county": "Haywood", "closed_at": "2024-10-02T03:20:00Z", "reopened_at": "2024-10-16T21:20:04.442000Z", "est_end_at": "2024-10-31T16:00:00Z", "last_update_at": "2024-10-15T16:34:05Z", "condition": "Road Closed", "description": "The road is closed from Laurel Brook Drive to Blue Ridge Parkway for storm damage and cleanup.", "location": "Near Canton / Both Directions", "severity": 2, "is_full_closure": null, "geom_kind": "line", "feed_status": "historical", "provenance": "real: NCDOT TIMS via ArcGIS FeatureServer", "source_url": "https://services.arcgis.com/NuWFvHYDMVmmxMeM/arcgis/rest/services/State_Maintained_Historical_TIMS_Incidents_Hurricane_Helene/FeatureServer/1"}}, {"type": "Feature", "geometry": {"type": "LineString", "coordinates": [[-82.82231, 35.42324], [-82.82273, 35.42308], [-82.82327, 35.4228]]}, "properties": {"id": "tims-714509", "tims_id": 714509, "road_name": "SR-1101 (Cold Creek Rd)", "road": "SR-1101", "common_name": "Cold Creek Rd", "county": "Haywood", "closed_at": "2024-10-02T03:53:00Z", "reopened_at": "2024-11-24T18:30:04.061000Z", "est_end_at": "2024-11-30T17:00:00Z", "last_update_at": "2024-10-31T10:59:32Z", "condition": "Road Closed", "description": "The road is closed near Kinder Lane for bridge replacement.", "location": "Near Canton / Both Directions", "severity": 3, "is_full_closure": null, "geom_kind": "line", "feed_status": "historical", "provenance": "real: NCDOT TIMS via ArcGIS FeatureServer", "source_url": "https://services.arcgis.com/NuWFvHYDMVmmxMeM/arcgis/rest/services/State_Maintained_Historical_TIMS_Incidents_Hurricane_Helene/FeatureServer/1"}}, {"type": "Feature", "geometry": {"type": "LineString", "coordinates": [[-82.84192, 35.45648], [-82.84159, 35.45583]]}, "properties": {"id": "tims-714510", "tims_id": 714510, "road_name": "US-276", "road": "US-276", "common_name": "", "county": "Haywood", "closed_at": "2024-10-02T04:01:00Z", "reopened_at": "2024-10-14T14:30:06.396000Z", "est_end_at": "2024-10-21T16:00:00Z", "last_update_at": "2024-10-07T16:21:32Z", "condition": "Road Closed", "description": "The bridge is closed near OId Michael Rd.", "location": "Near Canton / Both Directions", "severity": 3, "is_full_closure": null, "geom_kind": "line", "feed_status": "historical", "provenance": "real: NCDOT TIMS via ArcGIS FeatureServer", "source_url": "https://services.arcgis.com/NuWFvHYDMVmmxMeM/arcgis/rest/services/State_Maintained_Historical_TIMS_Incidents_Hurricane_Helene/FeatureServer/1"}}, {"type": "Feature", "geometry": {"type": "LineString", "coordinates": [[-82.82705, 35.89298], [-82.82632, 35.89324]]}, "properties": {"id": "tims-714512", "tims_id": 714512, "road_name": "US-25", "road": "US-25", "common_name": "", "county": "Madison", "closed_at": "2024-10-02T04:33:00Z", "reopened_at": "2024-10-16T21:50:04.752000Z", "est_end_at": "2024-10-31T16:00:00Z", "last_update_at": "2024-10-09T15:53:14Z", "condition": "Lane Closed", "description": "One lane is closed near N Andrews Avenue. Motorists should use caution while traveling in the area.", "location": "Near Hot Springs / Mile Marker 0 to 0 Both Directions", "severity": 3, "is_full_closure": null, "geom_kind": "line", "feed_status": "historical", "provenance": "real: NCDOT TIMS via ArcGIS FeatureServer", "source_url": "https://services.arcgis.com/NuWFvHYDMVmmxMeM/arcgis/rest/services/State_Maintained_Historical_TIMS_Incidents_Hurricane_Helene/FeatureServer/1"}}, {"type": "Feature", "geometry": {"type": "LineString", "coordinates": [[-82.82777, 35.89262], [-82.82666, 35.89307]]}, "properties": {"id": "tims-714514", "tims_id": 714514, "road_name": "US-25", "road": "US-25", "common_name": "", "county": "Madison", "closed_at": "2024-10-02T04:42:00Z", "reopened_at": "2024-10-29T23:50:03.897000Z", "est_end_at": "2024-10-31T16:00:00Z", "last_update_at": "2024-10-22T22:00:56Z", "condition": "Lane Closed", "description": "One lane is closed near North Spring St. There is a truck restriction in effect for this road.", "location": "Near Hot Springs / Mile Marker 0 to 0 Both Directions", "severity": 3, "is_full_closure": null, "geom_kind": "line", "feed_status": "historical", "provenance": "real: NCDOT TIMS via ArcGIS FeatureServer", "source_url": "https://services.arcgis.com/NuWFvHYDMVmmxMeM/arcgis/rest/services/State_Maintained_Historical_TIMS_Incidents_Hurricane_Helene/FeatureServer/1"}}, {"type": "Feature", "geometry": {"type": "LineString", "coordinates": [[-82.81364, 35.40041], [-82.81362, 35.40014], [-82.81313, 35.39949], [-82.8131, 35.39928], [-82.81324, 35.39828], [-82.81326, 35.39736], [-82.81325, 35.39718], [-82.81312, 35.39663], [-82.81319, 35.39622], [-82.81319, 35.39602], [-82.81306, 35.39532], [-82.81304, 35.39483], [-82.81272, 35.39468], [-82.81235, 35.39459], [-82.81181, 35.39466], [-82.81064, 35.39495], [-82.80985, 35.39546], [-82.8098, 35.39558], [-82.80964, 35.39564], [-82.80954, 35.39559], [-82.80929, 35.39504], [-82.80932, 35.39494], [-82.80941, 35.39479], [-82.80996, 35.39423], [-82.81002, 35.39407], [-82.81002, 35.39388], [-82.81001, 35.39363], [-82.80986, 35.3933], [-82.80956, 35.39306]]}, "properties": {"id": "tims-714519", "tims_id": 714519, "road_name": "SR-1891 (Sharp Mountain Road)", "road": "SR-1891", "common_name": "Sharp Mountain Road", "county": "Haywood", "closed_at": "2024-10-02T04:58:00Z", "reopened_at": "2024-11-24T16:28:41.579000Z", "est_end_at": "2024-11-30T17:00:00Z", "last_update_at": "2024-10-31T11:18:12Z", "condition": "Local Traffic Only", "description": "The road is closed near US 276 (Cruso Road).", "location": "Near Canton / Both Directions", "severity": 2, "is_full_closure": null, "geom_kind": "line", "feed_status": "historical", "provenance": "real: NCDOT TIMS via ArcGIS FeatureServer", "source_url": "https://services.arcgis.com/NuWFvHYDMVmmxMeM/arcgis/rest/services/State_Maintained_Historical_TIMS_Incidents_Hurricane_Helene/FeatureServer/1"}}, {"type": "Feature", "geometry": {"type": "LineString", "coordinates": [[-82.81306, 35.40076], [-82.81348, 35.40113], [-82.81374, 35.40129], [-82.81411, 35.40136], [-82.8145, 35.40144], [-82.81477, 35.40158], [-82.81525, 35.40191], [-82.81542, 35.40198], [-82.81597, 35.40198], [-82.81616, 35.40198]]}, "properties": {"id": "tims-714522", "tims_id": 714522, "road_name": "SR-1100 (Crawford Creek Road)", "road": "SR-1100", "common_name": "Crawford Creek Road", "county": "Haywood", "closed_at": "2024-10-02T05:12:00Z", "reopened_at": "2024-10-11T16:20:06.395000Z", "est_end_at": "2024-10-31T16:00:00Z", "last_update_at": "2024-10-10T15:11:50Z", "condition": "Road Closed", "description": "The road is closed near US 276 (Cruso Road).", "location": "Near Canton / Both Directions", "severity": 2, "is_full_closure": null, "geom_kind": "line", "feed_status": "historical", "provenance": "real: NCDOT TIMS via ArcGIS FeatureServer", "source_url": "https://services.arcgis.com/NuWFvHYDMVmmxMeM/arcgis/rest/services/State_Maintained_Historical_TIMS_Incidents_Hurricane_Helene/FeatureServer/1"}}, {"type": "Feature", "geometry": {"type": "LineString", "coordinates": [[-82.81038, 35.40187], [-82.80879, 35.40172], [-82.80806, 35.40171], [-82.80785, 35.40168], [-82.80704, 35.40195], [-82.80685, 35.40195], [-82.806, 35.40175], [-82.80513, 35.40144], [-82.80358, 35.40137], [-82.80337, 35.40146], [-82.80324, 35.40163], [-82.80297, 35.40179], [-82.80269, 35.40183], [-82.80225, 35.40184], [-82.80144, 35.40165], [-82.80003, 35.40142], [-82.79994, 35.40137], [-82.79956, 35.40135], [-82.79868, 35.40152], [-82.79797, 35.40162], [-82.79699, 35.4014]]}, "properties": {"id": "tims-714523", "tims_id": 714523, "road_name": "SR-1890 (Hungry Creek Road)", "road": "SR-1890", "common_name": "Hungry Creek Road", "county": "Haywood", "closed_at": "2024-10-02T05:19:00Z", "reopened_at": "2024-11-24T18:48:38.025000Z", "est_end_at": "2024-11-30T17:00:00Z", "last_update_at": "2024-10-31T10:58:48Z", "condition": "Lane Closed", "description": "A lane is open near US 276 (Cruso Road ).", "location": "Near Canton / Both Directions", "severity": 2, "is_full_closure": null, "geom_kind": "line", "feed_status": "historical", "provenance": "real: NCDOT TIMS via ArcGIS FeatureServer", "source_url": "https://services.arcgis.com/NuWFvHYDMVmmxMeM/arcgis/rest/services/State_Maintained_Historical_TIMS_Incidents_Hurricane_Helene/FeatureServer/1"}}, {"type": "Feature", "geometry": {"type": "LineString", "coordinates": [[-82.24789, 35.65667], [-82.2469, 35.65651], [-82.24652, 35.65643], [-82.24633, 35.65608], [-82.24585, 35.65587]]}, "properties": {"id": "tims-715115", "tims_id": 715115, "road_name": "SR-1408 (Graphite Road)", "road": "SR-1408", "common_name": "Graphite Road", "county": "McDowell", "closed_at": "2024-10-02T05:26:00Z", "reopened_at": "2024-10-10T23:50:06.398000Z", "est_end_at": "2024-10-31T16:00:00Z", "last_update_at": "2024-10-10T12:32:26Z", "condition": "Road Closed", "description": "The road is closed near Paris Creek Road", "location": "Near Marion / Both Directions", "severity": 3, "is_full_closure": null, "geom_kind": "line", "feed_status": "historical", "provenance": "real: NCDOT TIMS via ArcGIS FeatureServer", "source_url": "https://services.arcgis.com/NuWFvHYDMVmmxMeM/arcgis/rest/services/State_Maintained_Historical_TIMS_Incidents_Hurricane_Helene/FeatureServer/1"}}, {"type": "Feature", "geometry": {"type": "LineString", "coordinates": [[-82.24959, 35.65598], [-82.24877, 35.65595], [-82.24838, 35.65603], [-82.24802, 35.65618], [-82.2478, 35.6564], [-82.2477, 35.65662]]}, "properties": {"id": "tims-715113", "tims_id": 715113, "road_name": "SR-1409 (Parris Creek Rd)", "road": "SR-1409", "common_name": "Parris Creek Rd", "county": "McDowell", "closed_at": "2024-10-02T05:26:00Z", "reopened_at": "2024-10-10T23:50:06.398000Z", "est_end_at": "2024-10-31T16:00:00Z", "last_update_at": "2024-10-10T12:32:59Z", "condition": "Road Closed", "description": "The road is closed near Graphite Road", "location": "Near Marion / Both Directions", "severity": 3, "is_full_closure": null, "geom_kind": "line", "feed_status": "historical", "provenance": "real: NCDOT TIMS via ArcGIS FeatureServer", "source_url": "https://services.arcgis.com/NuWFvHYDMVmmxMeM/arcgis/rest/services/State_Maintained_Historical_TIMS_Incidents_Hurricane_Helene/FeatureServer/1"}}, {"type": "Feature", "geometry": {"type": "LineString", "coordinates": [[-83.09924, 35.52861], [-83.09917, 35.52821], [-83.09952, 35.52697], [-83.09998, 35.52654], [-83.09987, 35.5264], [-83.09959, 35.52667], [-83.09901, 35.52695], [-83.09796, 35.52858], [-83.09728, 35.52952], [-83.09621, 35.52974], [-83.0958, 35.52974], [-83.09545, 35.52934]]}, "properties": {"id": "tims-714525", "tims_id": 714525, "road_name": "SR-1305 (Rich Cove Road)", "road": "SR-1305", "common_name": "Rich Cove Road", "county": "Haywood", "closed_at": "2024-10-02T05:26:00Z", "reopened_at": "2024-11-24T16:28:41.579000Z", "est_end_at": "2024-11-30T17:00:00Z", "last_update_at": "2024-10-31T10:57:22Z", "condition": "Road Closed", "description": "The road is closed near Eagles Nest Lane.", "location": "Near Maggie Valley / Both Directions", "severity": 3, "is_full_closure": null, "geom_kind": "line", "feed_status": "historical", "provenance": "real: NCDOT TIMS via ArcGIS FeatureServer", "source_url": "https://services.arcgis.com/NuWFvHYDMVmmxMeM/arcgis/rest/services/State_Maintained_Historical_TIMS_Incidents_Hurricane_Helene/FeatureServer/1"}}, {"type": "Feature", "geometry": {"type": "LineString", "coordinates": [[-82.18895, 35.63575], [-82.18842, 35.63535], [-82.188, 35.63411], [-82.18778, 35.63316], [-82.18777, 35.63259]]}, "properties": {"id": "tims-715111", "tims_id": 715111, "road_name": "SR-1119 (Orchard Street)", "road": "SR-1119", "common_name": "Orchard Street", "county": "McDowell", "closed_at": "2024-10-02T05:26:00Z", "reopened_at": "2024-12-12T19:10:04.792000Z", "est_end_at": "2025-01-31T17:00:00Z", "last_update_at": "2024-12-12T19:07:08Z", "condition": "Road Closed", "description": "The road is closed near Old US 70 West.", "location": "Near Marion / Both Directions", "severity": 3, "is_full_closure": null, "geom_kind": "line", "feed_status": "historical", "provenance": "real: NCDOT TIMS via ArcGIS FeatureServer", "source_url": "https://services.arcgis.com/NuWFvHYDMVmmxMeM/arcgis/rest/services/State_Maintained_Historical_TIMS_Incidents_Hurricane_Helene/FeatureServer/1"}}, {"type": "Feature", "geometry": {"type": "LineString", "coordinates": [[-82.26773, 35.62616], [-82.26763, 35.62638], [-82.26741, 35.62643], [-82.26699, 35.62623]]}, "properties": {"id": "tims-715112", "tims_id": 715112, "road_name": "SR-1407 (Mill Creek Road)", "road": "SR-1407", "common_name": "Mill Creek Road", "county": "McDowell", "closed_at": "2024-10-02T05:26:00Z", "reopened_at": "2024-12-12T19:20:04.981000Z", "est_end_at": "2025-01-31T17:00:00Z", "last_update_at": "2024-12-12T19:07:31Z", "condition": "Road Impassable", "description": "The road is closed. Road Impassable due to road washout.", "location": "Near Marion / Both Directions", "severity": 3, "is_full_closure": null, "geom_kind": "line", "feed_status": "historical", "provenance": "real: NCDOT TIMS via ArcGIS FeatureServer", "source_url": "https://services.arcgis.com/NuWFvHYDMVmmxMeM/arcgis/rest/services/State_Maintained_Historical_TIMS_Incidents_Hurricane_Helene/FeatureServer/1"}}, {"type": "Feature", "geometry": {"type": "LineString", "coordinates": [[-82.79778, 35.42846], [-82.79745, 35.42852], [-82.79702, 35.42871], [-82.7965, 35.42883], [-82.79632, 35.4288], [-82.79604, 35.42861]]}, "properties": {"id": "tims-714526", "tims_id": 714526, "road_name": "SR-1888 (Pisgah Creek Road)", "road": "SR-1888", "common_name": "Pisgah Creek Road", "county": "Haywood", "closed_at": "2024-10-02T05:34:00Z", "reopened_at": "2024-11-24T16:20:03.748000Z", "est_end_at": "2024-11-30T17:00:00Z", "last_update_at": "2024-10-31T10:56:28Z", "condition": "Road Closed", "description": "The road is closed near Refuge Road.", "location": "Near Canton / Both Directions", "severity": 2, "is_full_closure": null, "geom_kind": "line", "feed_status": "historical", "provenance": "real: NCDOT TIMS via ArcGIS FeatureServer", "source_url": "https://services.arcgis.com/NuWFvHYDMVmmxMeM/arcgis/rest/services/State_Maintained_Historical_TIMS_Incidents_Hurricane_Helene/FeatureServer/1"}}, {"type": "Feature", "geometry": {"type": "LineString", "coordinates": [[-82.8962, 35.39898], [-82.89672, 35.39939], [-82.89675, 35.39954], [-82.89822, 35.40118], [-82.89845, 35.4014], [-82.89846, 35.40176], [-82.89828, 35.40277], [-82.89835, 35.40313], [-82.89877, 35.40427]]}, "properties": {"id": "tims-714530", "tims_id": 714530, "road_name": "SR-1129 (Little East Fork Road)", "road": "SR-1129", "common_name": "Little East Fork Road", "county": "Haywood", "closed_at": "2024-10-02T05:49:00Z", "reopened_at": "2024-10-16T15:30:04.953000Z", "est_end_at": "2024-10-31T16:00:00Z", "last_update_at": "2024-10-10T15:10:54Z", "condition": "Road Closed", "description": "The road is closed near Sorrells Creek Road.", "location": "Near Waynesville / Both Directions", "severity": 2, "is_full_closure": null, "geom_kind": "line", "feed_status": "historical", "provenance": "real: NCDOT TIMS via ArcGIS FeatureServer", "source_url": "https://services.arcgis.com/NuWFvHYDMVmmxMeM/arcgis/rest/services/State_Maintained_Historical_TIMS_Incidents_Hurricane_Helene/FeatureServer/1"}}, {"type": "Feature", "geometry": {"type": "LineString", "coordinates": [[-82.35071, 35.29825], [-82.3511, 35.29785]]}, "properties": {"id": "tims-714533", "tims_id": 714533, "road_name": "SR-1802 (Big Hungry Road)", "road": "SR-1802", "common_name": "Big Hungry Road", "county": "Henderson", "closed_at": "2024-10-02T06:04:00Z", "reopened_at": "2024-12-12T14:40:03.775000Z", "est_end_at": "2024-12-20T17:00:00Z", "last_update_at": "2024-11-25T17:27:28Z", "condition": "Road Closed", "description": "The road is closed near Landwood Lane.", "location": "South East of Hendersonville / Both Directions", "severity": 2, "is_full_closure": null, "geom_kind": "line", "feed_status": "historical", "provenance": "real: NCDOT TIMS via ArcGIS FeatureServer", "source_url": "https://services.arcgis.com/NuWFvHYDMVmmxMeM/arcgis/rest/services/State_Maintained_Historical_TIMS_Incidents_Hurricane_Helene/FeatureServer/1"}}, {"type": "Feature", "geometry": {"type": "LineString", "coordinates": [[-82.91447, 35.70741], [-82.91496, 35.70732], [-82.91536, 35.70734], [-82.91592, 35.70723], [-82.91628, 35.70715], [-82.91655, 35.70709], [-82.91682, 35.70686], [-82.91692, 35.7067], [-82.91727, 35.70638], [-82.91741, 35.70613], [-82.91774, 35.70581], [-82.91798, 35.70571], [-82.91833, 35.70551], [-82.9186, 35.7054], [-82.91916, 35.70534], [-82.91949, 35.70526], [-82.9197, 35.70512], [-82.91997, 35.70462], [-82.92023, 35.70443]]}, "properties": {"id": "tims-714538", "tims_id": 714538, "road_name": "SR-1379 (Sugar Cove Road)", "road": "SR-1379", "common_name": "Sugar Cove Road", "county": "Haywood", "closed_at": "2024-10-02T06:27:00Z", "reopened_at": "2024-10-16T15:40:05.166000Z", "est_end_at": "2024-10-31T16:00:00Z", "last_update_at": "2024-10-15T14:08:11Z", "condition": "Road Closed", "description": "The road is closed near Sacred Cove Drive.", "location": "Near Lake Junaluska / Both Directions", "severity": 2, "is_full_closure": null, "geom_kind": "line", "feed_status": "historical", "provenance": "real: NCDOT TIMS via ArcGIS FeatureServer", "source_url": "https://services.arcgis.com/NuWFvHYDMVmmxMeM/arcgis/rest/services/State_Maintained_Historical_TIMS_Incidents_Hurricane_Helene/FeatureServer/1"}}, {"type": "Feature", "geometry": {"type": "LineString", "coordinates": [[-82.92522, 35.68963], [-82.92468, 35.68948], [-82.9244, 35.68931]]}, "properties": {"id": "tims-714539", "tims_id": 714539, "road_name": "SR-1380 (Turkey Creek Rd)", "road": "SR-1380", "common_name": "Turkey Creek Rd", "county": "Haywood", "closed_at": "2024-10-02T06:31:00Z", "reopened_at": "2024-10-10T19:20:06.676000Z", "est_end_at": "2024-10-31T16:00:00Z", "last_update_at": "2024-10-10T15:10:18Z", "condition": "Road Closed", "description": "The road is closed near Rushing Creek Cove.", "location": "Near Clyde / Both Directions", "severity": 3, "is_full_closure": null, "geom_kind": "line", "feed_status": "historical", "provenance": "real: NCDOT TIMS via ArcGIS FeatureServer", "source_url": "https://services.arcgis.com/NuWFvHYDMVmmxMeM/arcgis/rest/services/State_Maintained_Historical_TIMS_Incidents_Hurricane_Helene/FeatureServer/1"}}, {"type": "Feature", "geometry": {"type": "LineString", "coordinates": [[-82.33945, 35.37305], [-82.33888, 35.37396]]}, "properties": {"id": "tims-714545", "tims_id": 714545, "road_name": "SR-1783 (Pilot Mountain Rd)", "road": "SR-1783", "common_name": "Pilot Mountain Rd", "county": "Henderson", "closed_at": "2024-10-02T06:56:00Z", "reopened_at": "2024-10-30T14:10:04.628000Z", "est_end_at": "2024-10-31T16:00:00Z", "last_update_at": "2024-10-14T19:37:12Z", "condition": "Road Closed", "description": "The bridge is closed near Circle L Farm Drive.", "location": "Near Hendersonville / Both Directions", "severity": 3, "is_full_closure": null, "geom_kind": "line", "feed_status": "historical", "provenance": "real: NCDOT TIMS via ArcGIS FeatureServer", "source_url": "https://services.arcgis.com/NuWFvHYDMVmmxMeM/arcgis/rest/services/State_Maintained_Historical_TIMS_Incidents_Hurricane_Helene/FeatureServer/1"}}, {"type": "Feature", "geometry": {"type": "LineString", "coordinates": [[-82.49835, 35.29503], [-82.49846, 35.29492], [-82.49888, 35.29484], [-82.49896, 35.29479], [-82.49963, 35.2942], [-82.49979, 35.29402], [-82.5, 35.29371]]}, "properties": {"id": "tims-714546", "tims_id": 714546, "road_name": "SR-1190 (Elson Evenue)", "road": "SR-1190", "common_name": "Elson Evenue", "county": "Henderson", "closed_at": "2024-10-02T06:59:00Z", "reopened_at": "2024-10-30T14:10:04.628000Z", "est_end_at": "2024-10-31T16:00:00Z", "last_update_at": "2024-10-14T19:37:40Z", "condition": "Road Closed", "description": "The road is closed near Finely Cove Road.", "location": "Near Valley Hill / Both Directions", "severity": 2, "is_full_closure": null, "geom_kind": "line", "feed_status": "historical", "provenance": "real: NCDOT TIMS via ArcGIS FeatureServer", "source_url": "https://services.arcgis.com/NuWFvHYDMVmmxMeM/arcgis/rest/services/State_Maintained_Historical_TIMS_Incidents_Hurricane_Helene/FeatureServer/1"}}, {"type": "Feature", "geometry": {"type": "LineString", "coordinates": [[-82.92584, 35.36331], [-82.92514, 35.36309], [-82.92502, 35.36299], [-82.92496, 35.36289], [-82.9248, 35.36263], [-82.92453, 35.36239], [-82.9242, 35.36234], [-82.92387, 35.36248], [-82.92364, 35.36276]]}, "properties": {"id": "tims-714548", "tims_id": 714548, "road_name": "NC-215 (Lake Logan Road)", "road": "NC-215", "common_name": "Lake Logan Road", "county": "Haywood", "closed_at": "2024-10-02T07:04:00Z", "reopened_at": "2024-12-13T18:10:04.253000Z", "est_end_at": "2025-01-31T17:00:00Z", "last_update_at": "2024-12-12T12:20:51Z", "condition": "Road Closed", "description": "The road is closed near FS 97 for bridge repair.", "location": "Near Waynesville / Both Directions", "severity": 3, "is_full_closure": null, "geom_kind": "line", "feed_status": "historical", "provenance": "real: NCDOT TIMS via ArcGIS FeatureServer", "source_url": "https://services.arcgis.com/NuWFvHYDMVmmxMeM/arcgis/rest/services/State_Maintained_Historical_TIMS_Incidents_Hurricane_Helene/FeatureServer/1"}}, {"type": "Feature", "geometry": {"type": "LineString", "coordinates": [[-82.84032, 35.58609], [-82.83994, 35.58581], [-82.83915, 35.58491]]}, "properties": {"id": "tims-714549", "tims_id": 714549, "road_name": "SR-1617 (Rough Water Pt)", "road": "SR-1617", "common_name": "Rough Water Pt", "county": "Haywood", "closed_at": "2024-10-02T07:07:00Z", "reopened_at": "2024-10-14T14:30:06.396000Z", "est_end_at": "2024-10-31T16:00:00Z", "last_update_at": "2024-10-10T15:09:07Z", "condition": "Road Closed", "description": "The road is closed near Watershed Cove.", "location": "Near Canton / Both Directions", "severity": 3, "is_full_closure": null, "geom_kind": "line", "feed_status": "historical", "provenance": "real: NCDOT TIMS via ArcGIS FeatureServer", "source_url": "https://services.arcgis.com/NuWFvHYDMVmmxMeM/arcgis/rest/services/State_Maintained_Historical_TIMS_Incidents_Hurricane_Helene/FeatureServer/1"}}, {"type": "Feature", "geometry": {"type": "LineString", "coordinates": [[-82.52906, 35.33951], [-82.52739, 35.33954], [-82.52681, 35.33951], [-82.52633, 35.33971], [-82.52611, 35.33974], [-82.52519, 35.33969], [-82.5247, 35.33951], [-82.52445, 35.33963], [-82.52354, 35.3404], [-82.52344, 35.34064], [-82.52328, 35.34086]]}, "properties": {"id": "tims-714550", "tims_id": 714550, "road_name": "SR-2204 (Fallen Timber Road)", "road": "SR-2204", "common_name": "Fallen Timber Road", "county": "Henderson", "closed_at": "2024-10-02T07:09:00Z", "reopened_at": "2024-10-30T14:10:04.628000Z", "est_end_at": "2024-10-31T16:00:00Z", "last_update_at": "2024-10-14T19:37:58Z", "condition": "Road Closed", "description": "The road is closed near Broyles Road.", "location": "Near Balfour / Both Directions", "severity": 2, "is_full_closure": null, "geom_kind": "line", "feed_status": "historical", "provenance": "real: NCDOT TIMS via ArcGIS FeatureServer", "source_url": "https://services.arcgis.com/NuWFvHYDMVmmxMeM/arcgis/rest/services/State_Maintained_Historical_TIMS_Incidents_Hurricane_Helene/FeatureServer/1"}}, {"type": "Feature", "geometry": {"type": "LineString", "coordinates": [[-82.29444, 35.4372], [-82.29479, 35.43734], [-82.29497, 35.43738], [-82.29541, 35.43751], [-82.29634, 35.43789], [-82.29648, 35.43804], [-82.29651, 35.43812], [-82.29646, 35.43829], [-82.296, 35.43901]]}, "properties": {"id": "tims-714552", "tims_id": 714552, "road_name": "SR-1702 (Edney Inn Road)", "road": "SR-1702", "common_name": "Edney Inn Road", "county": "Henderson", "closed_at": "2024-10-02T07:17:00Z", "reopened_at": "2024-10-30T14:10:04.628000Z", "est_end_at": "2024-10-31T16:00:00Z", "last_update_at": "2024-10-14T19:38:27Z", "condition": "Road Closed", "description": "The road is closed near Blue Rock Road.", "location": "Near Fletcher / Both Directions", "severity": 2, "is_full_closure": null, "geom_kind": "line", "feed_status": "historical", "provenance": "real: NCDOT TIMS via ArcGIS FeatureServer", "source_url": "https://services.arcgis.com/NuWFvHYDMVmmxMeM/arcgis/rest/services/State_Maintained_Historical_TIMS_Incidents_Hurricane_Helene/FeatureServer/1"}}, {"type": "Feature", "geometry": {"type": "LineString", "coordinates": [[-82.39387, 35.99445], [-82.39352, 35.99482], [-82.39317, 35.99522], [-82.39247, 35.99586], [-82.39205, 35.9961], [-82.39119, 35.99649], [-82.39061, 35.99668], [-82.39024, 35.99691], [-82.38957, 35.99732], [-82.38904, 35.99757], [-82.38856, 35.99784], [-82.3885, 35.99788]]}, "properties": {"id": "tims-714554", "tims_id": 714554, "road_name": "SR-1411 (Little Creek Road)", "road": "SR-1411", "common_name": "Little Creek Road", "county": "Yancey", "closed_at": "2024-10-02T08:01:00Z", "reopened_at": "2025-04-11T16:40:04.846000Z", "est_end_at": "2025-04-30T21:00:00Z", "last_update_at": "2025-03-24T17:19:39Z", "condition": "Road Closed", "description": "The road is closed between Bald Mountain Road and Phillips Road due to storm-related damage.", "location": "North West of Burnsville / Both Directions", "severity": 3, "is_full_closure": null, "geom_kind": "line", "feed_status": "historical", "provenance": "real: NCDOT TIMS via ArcGIS FeatureServer", "source_url": "https://services.arcgis.com/NuWFvHYDMVmmxMeM/arcgis/rest/services/State_Maintained_Historical_TIMS_Incidents_Hurricane_Helene/FeatureServer/1"}}, {"type": "Feature", "geometry": {"type": "LineString", "coordinates": [[-82.3077, 35.90379], [-82.30823, 35.90384], [-82.30865, 35.90388]]}, "properties": {"id": "tims-714555", "tims_id": 714555, "road_name": "NC-197", "road": "NC-197", "common_name": "", "county": "Yancey", "closed_at": "2024-10-02T08:12:00Z", "reopened_at": "2025-03-24T20:00:04.920000Z", "est_end_at": "2026-12-31T17:00:00Z", "last_update_at": "2024-12-13T13:33:08Z", "condition": "Road Closed", "description": "The road is closed near Ferguson Hill Road due to storm-related damage.", "location": "South of Burnsville / Both Directions", "severity": 3, "is_full_closure": null, "geom_kind": "line", "feed_status": "historical", "provenance": "real: NCDOT TIMS via ArcGIS FeatureServer", "source_url": "https://services.arcgis.com/NuWFvHYDMVmmxMeM/arcgis/rest/services/State_Maintained_Historical_TIMS_Incidents_Hurricane_Helene/FeatureServer/1"}}, {"type": "Feature", "geometry": {"type": "LineString", "coordinates": [[-82.20067, 35.86328], [-82.20111, 35.86347], [-82.20133, 35.8636], [-82.20164, 35.86396]]}, "properties": {"id": "tims-714556", "tims_id": 714556, "road_name": "NC-80", "road": "NC-80", "common_name": "", "county": "Yancey", "closed_at": "2024-10-02T08:25:00Z", "reopened_at": "2024-10-30T00:10:04.102000Z", "est_end_at": "2024-10-31T21:00:00Z", "last_update_at": "2024-10-09T19:00:08Z", "condition": "Road Closed", "description": "The road is closed near Blue Rock Road due to storm-related damage.", "location": "South East of Burnsville / Both Directions", "severity": 3, "is_full_closure": null, "geom_kind": "line", "feed_status": "historical", "provenance": "real: NCDOT TIMS via ArcGIS FeatureServer", "source_url": "https://services.arcgis.com/NuWFvHYDMVmmxMeM/arcgis/rest/services/State_Maintained_Historical_TIMS_Incidents_Hurricane_Helene/FeatureServer/1"}}, {"type": "Feature", "geometry": {"type": "LineString", "coordinates": [[-82.22339, 35.87916], [-82.22293, 35.87957]]}, "properties": {"id": "tims-714557", "tims_id": 714557, "road_name": "SR-1153 (Hickory Springs Road)", "road": "SR-1153", "common_name": "Hickory Springs Road", "county": "Yancey", "closed_at": "2024-10-02T09:08:00Z", "reopened_at": "2024-12-13T13:40:08.781000Z", "est_end_at": "2025-01-31T17:00:00Z", "last_update_at": "2024-12-12T16:42:31Z", "condition": "Road Closed", "description": "The road is closed at North Ridge Lane due to storm-related damage.", "location": "South East of Burnsville / Both Directions", "severity": 3, "is_full_closure": null, "geom_kind": "line", "feed_status": "historical", "provenance": "real: NCDOT TIMS via ArcGIS FeatureServer", "source_url": "https://services.arcgis.com/NuWFvHYDMVmmxMeM/arcgis/rest/services/State_Maintained_Historical_TIMS_Incidents_Hurricane_Helene/FeatureServer/1"}}, {"type": "Feature", "geometry": {"type": "LineString", "coordinates": [[-82.10745, 35.70527], [-82.10747, 35.70523], [-82.10743, 35.70519], [-82.10743, 35.70519]]}, "properties": {"id": "tims-714582", "tims_id": 714582, "road_name": "SR-1422 (Deepcove Spring Dr)", "road": "SR-1422", "common_name": "Deepcove Spring Dr", "county": "McDowell", "closed_at": "2024-10-02T12:27:00Z", "reopened_at": "2024-10-10T04:00:06.917000Z", "est_end_at": "2024-10-10T04:00:00Z", "last_update_at": "2024-10-02T12:43:34Z", "condition": "Road Closed", "description": "Pipe gone to water plant on Clear Creek Rd.", "location": "In Marion / Both Directions", "severity": 2, "is_full_closure": null, "geom_kind": "line", "feed_status": "historical", "provenance": "real: NCDOT TIMS via ArcGIS FeatureServer", "source_url": "https://services.arcgis.com/NuWFvHYDMVmmxMeM/arcgis/rest/services/State_Maintained_Historical_TIMS_Incidents_Hurricane_Helene/FeatureServer/1"}}, {"type": "Feature", "geometry": {"type": "LineString", "coordinates": [[-81.94264, 35.87499], [-81.94186, 35.87554], [-81.94186, 35.87555]]}, "properties": {"id": "tims-714587", "tims_id": 714587, "road_name": "US-221 (US 221 N)", "road": "US-221", "common_name": "US 221 N", "county": "McDowell", "closed_at": "2024-10-02T12:49:00Z", "reopened_at": "2024-10-26T01:00:04.189000Z", "est_end_at": "2024-10-26T01:00:00Z", "last_update_at": "2024-10-09T17:03:41Z", "condition": "Road Closed", "description": "Slide and down trees", "location": "In Woodlawn / Both Directions", "severity": 3, "is_full_closure": null, "geom_kind": "line", "feed_status": "historical", "provenance": "real: NCDOT TIMS via ArcGIS FeatureServer", "source_url": "https://services.arcgis.com/NuWFvHYDMVmmxMeM/arcgis/rest/services/State_Maintained_Historical_TIMS_Incidents_Hurricane_Helene/FeatureServer/1"}}, {"type": "Feature", "geometry": {"type": "LineString", "coordinates": [[-82.19373, 35.62321], [-82.19646, 35.62376], [-82.20047, 35.62344], [-82.20166, 35.62363], [-82.20299, 35.62441], [-82.20349, 35.62477], [-82.20532, 35.62542], [-82.20708, 35.62517], [-82.20854, 35.62491], [-82.21137, 35.62511], [-82.21532, 35.62524], [-82.21712, 35.62479], [-82.21877, 35.62338], [-82.21973, 35.62276], [-82.22193, 35.62265], [-82.22344, 35.6232], [-82.22537, 35.62342], [-82.22689, 35.62316], [-82.22809, 35.62277], [-82.22925, 35.62242], [-82.23012, 35.62227], [-82.23137, 35.62229], [-82.23221, 35.6224], [-82.23308, 35.62262], [-82.23378, 35.62306], [-82.23461, 35.62373], [-82.23574, 35.6244], [-82.23675, 35.62459], [-82.23777, 35.62451], [-82.23854, 35.62418], [-82.23901, 35.6238], [-82.23966, 35.62278], [-82.23966, 35.62238], [-82.23964, 35.62123], [-82.23969, 35.62024], [-82.24007, 35.61937], [-82.24071, 35.61866], [-82.24189, 35.61809], [-82.24322, 35.61756], [-82.24368, 35.61724], [-82.24498, 35.61649], [-82.24603, 35.61628], [-82.24778, 35.61656], [-82.24908, 35.61696], [-82.25044, 35.61698], [-82.25405, 35.61726], [-82.25684, 35.61654], [-82.25678, 35.61656]]}, "properties": {"id": "tims-714592", "tims_id": 714592, "road_name": "I-40 (I 40)", "road": "I-40", "common_name": "I 40", "county": "McDowell", "closed_at": "2024-10-02T12:53:00Z", "reopened_at": "2024-10-05T19:00:13.237000Z", "est_end_at": "2024-10-15T03:59:00Z", "last_update_at": "2024-10-03T17:11:43Z", "condition": "Lanes Closed", "description": "Slide and down trees", "location": "In Old Fort / Mile Marker 73 to 66 Heading West", "severity": 3, "is_full_closure": null, "geom_kind": "line", "feed_status": "historical", "provenance": "real: NCDOT TIMS via ArcGIS FeatureServer", "source_url": "https://services.arcgis.com/NuWFvHYDMVmmxMeM/arcgis/rest/services/State_Maintained_Historical_TIMS_Incidents_Hurricane_Helene/FeatureServer/1"}}, {"type": "Feature", "geometry": {"type": "LineString", "coordinates": [[-82.26924, 35.62109], [-82.26805, 35.62064], [-82.26684, 35.61995], [-82.2653, 35.61927], [-82.26423, 35.61891], [-82.26331, 35.61849], [-82.26227, 35.61786], [-82.26135, 35.6173], [-82.26065, 35.61702], [-82.25952, 35.61657], [-82.25841, 35.61627], [-82.2576, 35.61627], [-82.25627, 35.61653], [-82.25549, 35.61679], [-82.25407, 35.61709], [-82.25248, 35.61694], [-82.25174, 35.6168], [-82.25018, 35.61683], [-82.24939, 35.61684], [-82.24809, 35.6165], [-82.24738, 35.61628], [-82.24632, 35.61611], [-82.24519, 35.61627], [-82.24462, 35.61646], [-82.24327, 35.6173], [-82.2423, 35.61779], [-82.24142, 35.61818], [-82.24061, 35.61861], [-82.24014, 35.61904], [-82.2397, 35.61974], [-82.23953, 35.62053], [-82.23954, 35.62126], [-82.23957, 35.62202], [-82.23942, 35.62292], [-82.23914, 35.62344], [-82.23869, 35.62388], [-82.23802, 35.62426], [-82.23699, 35.62446], [-82.2364, 35.62439], [-82.23573, 35.62422], [-82.23506, 35.62386], [-82.23459, 35.62348], [-82.23413, 35.62309], [-82.23349, 35.62267], [-82.23266, 35.62234], [-82.23206, 35.62222], [-82.2309, 35.62209], [-82.22965, 35.62219], [-82.22889, 35.62236], [-82.22815, 35.62261], [-82.2261, 35.62315], [-82.22487, 35.62325], [-82.22381, 35.62315], [-82.22303, 35.62288], [-82.22208, 35.62259], [-82.22136, 35.62244], [-82.22033, 35.62249], [-82.21947, 35.62274], [-82.21872, 35.62318], [-82.21804, 35.62383], [-82.21741, 35.62436], [-82.21679, 35.62475], [-82.21554, 35.62507], [-82.21388, 35.62515], [-82.21203, 35.62504], [-82.21066, 35.62493], [-82.20923, 35.62483], [-82.20856, 35.62481], [-82.20715, 35.62501], [-82.20597, 35.62521], [-82.20516, 35.62522], [-82.20435, 35.62501], [-82.20357, 35.62463], [-82.20276, 35.62408], [-82.20198, 35.6236], [-82.20126, 35.62338], [-82.20047, 35.62328], [-82.19973, 35.62334], [-82.19875, 35.62345], [-82.19877, 35.62345]]}, "properties": {"id": "tims-714595", "tims_id": 714595, "road_name": "I-40", "road": "I-40", "common_name": "", "county": "McDowell", "closed_at": "2024-10-02T13:26:00Z", "reopened_at": "2024-10-08T15:10:08.231000Z", "est_end_at": "2024-10-15T03:59:00Z", "last_update_at": "2024-10-05T18:35:24Z", "condition": "Lanes Closed", "description": "", "location": "In Old Fort / Mile Marker 66 to 73 Heading East", "severity": 3, "is_full_closure": null, "geom_kind": "line", "feed_status": "historical", "provenance": "real: NCDOT TIMS via ArcGIS FeatureServer", "source_url": "https://services.arcgis.com/NuWFvHYDMVmmxMeM/arcgis/rest/services/State_Maintained_Historical_TIMS_Incidents_Hurricane_Helene/FeatureServer/1"}}, {"type": "Feature", "geometry": {"type": "LineString", "coordinates": [[-82.2469, 36.0075], [-82.24328, 36.00612], [-82.2418, 36.00534], [-82.2386, 36.00445]]}, "properties": {"id": "tims-714602", "tims_id": 714602, "road_name": "NC-197", "road": "NC-197", "common_name": "", "county": "Yancey", "closed_at": "2024-10-02T13:51:00Z", "reopened_at": "2024-10-07T15:53:58.199000Z", "est_end_at": "2024-10-07T14:51:00Z", "last_update_at": "2024-10-02T15:37:04Z", "condition": "Road Closed with Detour", "description": "10/2/24 @ 9:55AM One lane remaining critical condition. Crews working on rebuilding access. Car traffic on Double Island Rd only. No heavy traffic", "location": "North of Burnsville / Heading North", "severity": 3, "is_full_closure": null, "geom_kind": "line", "feed_status": "historical", "provenance": "real: NCDOT TIMS via ArcGIS FeatureServer", "source_url": "https://services.arcgis.com/NuWFvHYDMVmmxMeM/arcgis/rest/services/State_Maintained_Historical_TIMS_Incidents_Hurricane_Helene/FeatureServer/1"}}, {"type": "Feature", "geometry": {"type": "LineString", "coordinates": [[-81.98556, 35.84976], [-81.98545, 35.84985], [-81.98545, 35.84984]]}, "properties": {"id": "tims-714601", "tims_id": 714601, "road_name": "SR-1568 (Honeycutt Rd)", "road": "SR-1568", "common_name": "Honeycutt Rd", "county": "McDowell", "closed_at": "2024-10-02T13:51:00Z", "reopened_at": "2024-10-10T23:20:05.899000Z", "est_end_at": "2024-10-15T03:59:00Z", "last_update_at": "2024-10-03T17:10:55Z", "condition": "Road Closed", "description": "Bridge Washed out", "location": "In Woodlawn / Both Directions", "severity": 3, "is_full_closure": null, "geom_kind": "line", "feed_status": "historical", "provenance": "real: NCDOT TIMS via ArcGIS FeatureServer", "source_url": "https://services.arcgis.com/NuWFvHYDMVmmxMeM/arcgis/rest/services/State_Maintained_Historical_TIMS_Incidents_Hurricane_Helene/FeatureServer/1"}}, {"type": "Feature", "geometry": {"type": "LineString", "coordinates": [[-81.87698, 35.68822], [-81.87697, 35.6881], [-81.87696, 35.6881]]}, "properties": {"id": "tims-714604", "tims_id": 714604, "road_name": "SR-1763 (Muddy Creek Rd)", "road": "SR-1763", "common_name": "Muddy Creek Rd", "county": "McDowell", "closed_at": "2024-10-02T13:55:00Z", "reopened_at": "2024-10-10T23:20:05.899000Z", "est_end_at": "2024-10-15T03:59:00Z", "last_update_at": "2024-10-03T17:10:35Z", "condition": "Road Closed", "description": "One lane washed out", "location": "In Marion / Both Directions", "severity": 3, "is_full_closure": null, "geom_kind": "line", "feed_status": "historical", "provenance": "real: NCDOT TIMS via ArcGIS FeatureServer", "source_url": "https://services.arcgis.com/NuWFvHYDMVmmxMeM/arcgis/rest/services/State_Maintained_Historical_TIMS_Incidents_Hurricane_Helene/FeatureServer/1"}}, {"type": "Feature", "geometry": {"type": "LineString", "coordinates": [[-82.27902, 35.92324], [-82.27823, 35.92137]]}, "properties": {"id": "tims-714605", "tims_id": 714605, "road_name": "NC-197 (NC-197N)", "road": "NC-197", "common_name": "NC-197N", "county": "Yancey", "closed_at": "2024-10-02T13:57:00Z", "reopened_at": "2024-10-07T15:53:58.199000Z", "est_end_at": "2024-10-07T14:57:00Z", "last_update_at": "2024-10-02T14:03:23Z", "condition": "Local Traffic Only", "description": "10/2/24 @ 10:01AM One lane remaining in critical condition. Crews will work at this site once detour route is established. Local/EMS traffic only. No heavy trucks", "location": "In Burnsville / Heading North", "severity": 3, "is_full_closure": null, "geom_kind": "line", "feed_status": "historical", "provenance": "real: NCDOT TIMS via ArcGIS FeatureServer", "source_url": "https://services.arcgis.com/NuWFvHYDMVmmxMeM/arcgis/rest/services/State_Maintained_Historical_TIMS_Incidents_Hurricane_Helene/FeatureServer/1"}}, {"type": "Feature", "geometry": {"type": "LineString", "coordinates": [[-81.88576, 35.6321], [-81.88581, 35.63204], [-81.88581, 35.63205]]}, "properties": {"id": "tims-714606", "tims_id": 714606, "road_name": "SR-1798 (Tatertown Loop)", "road": "SR-1798", "common_name": "Tatertown Loop", "county": "McDowell", "closed_at": "2024-10-02T14:01:00Z", "reopened_at": "2024-10-15T04:00:04.854000Z", "est_end_at": "2024-10-15T03:59:00Z", "last_update_at": "2024-10-03T17:09:52Z", "condition": "Road Closed", "description": "One lane road to 665 Tatter Town Loop and pipe repair road closed", "location": "In Marion / Both Directions", "severity": 3, "is_full_closure": null, "geom_kind": "line", "feed_status": "historical", "provenance": "real: NCDOT TIMS via ArcGIS FeatureServer", "source_url": "https://services.arcgis.com/NuWFvHYDMVmmxMeM/arcgis/rest/services/State_Maintained_Historical_TIMS_Incidents_Hurricane_Helene/FeatureServer/1"}}, {"type": "Feature", "geometry": {"type": "LineString", "coordinates": [[-82.1918, 35.90824], [-82.19151, 35.90849]]}, "properties": {"id": "tims-714607", "tims_id": 714607, "road_name": "NC-80", "road": "NC-80", "common_name": "", "county": "Yancey", "closed_at": "2024-10-02T14:03:00Z", "reopened_at": "2024-10-30T00:10:04.102000Z", "est_end_at": "2024-10-31T16:00:00Z", "last_update_at": "2024-10-09T18:59:05Z", "condition": "Road Impassable", "description": "10/2/24 @ 10:09AM 1st bridge on NC-80 North is compromised. Temporary culvert/pipe installation at later time. Road impassable, detour local traffic onto Arbuckle Rd", "location": "East of Burnsville / Heading South", "severity": 3, "is_full_closure": null, "geom_kind": "line", "feed_status": "historical", "provenance": "real: NCDOT TIMS via ArcGIS FeatureServer", "source_url": "https://services.arcgis.com/NuWFvHYDMVmmxMeM/arcgis/rest/services/State_Maintained_Historical_TIMS_Incidents_Hurricane_Helene/FeatureServer/1"}}, {"type": "Feature", "geometry": {"type": "LineString", "coordinates": [[-82.08271, 35.69124], [-82.08274, 35.69121], [-82.08274, 35.69121], [-82.08274, 35.69121]]}, "properties": {"id": "tims-714608", "tims_id": 714608, "road_name": "SR-1422 (Laurel Lane)", "road": "SR-1422", "common_name": "Laurel Lane", "county": "McDowell", "closed_at": "2024-10-02T14:12:00Z", "reopened_at": "2024-10-10T23:30:08.773000Z", "est_end_at": "2024-10-15T03:59:00Z", "last_update_at": "2024-10-03T17:09:31Z", "condition": "Road Closed", "description": "Pipe and road washed", "location": "In Marion / Both Directions", "severity": 3, "is_full_closure": null, "geom_kind": "line", "feed_status": "historical", "provenance": "real: NCDOT TIMS via ArcGIS FeatureServer", "source_url": "https://services.arcgis.com/NuWFvHYDMVmmxMeM/arcgis/rest/services/State_Maintained_Historical_TIMS_Incidents_Hurricane_Helene/FeatureServer/1"}}, {"type": "Feature", "geometry": {"type": "LineString", "coordinates": [[-82.757, 35.91485], [-82.757, 35.91648], [-82.75781, 35.91732], [-82.75859, 35.91742], [-82.75914, 35.91739], [-82.75987, 35.91767], [-82.76086, 35.91871], [-82.76133, 35.91979], [-82.7612, 35.92135], [-82.76077, 35.92215], [-82.75962, 35.9225], [-82.75734, 35.92257], [-82.75575, 35.92291], [-82.75262, 35.92246], [-82.75185, 35.92257], [-82.75142, 35.92319], [-82.75232, 35.9241], [-82.75271, 35.92448], [-82.75249, 35.92562], [-82.75292, 35.92706], [-82.75335, 35.92727], [-82.75404, 35.92741], [-82.75447, 35.92716], [-82.75592, 35.92633], [-82.75644, 35.92647], [-82.75678, 35.92685], [-82.7564, 35.92862], [-82.75592, 35.92894], [-82.75519, 35.92901], [-82.75073, 35.92901], [-82.75017, 35.92855], [-82.75017, 35.92776], [-82.75047, 35.92734], [-82.75035, 35.92678], [-82.75039, 35.92654], [-82.74794, 35.92511], [-82.74721, 35.92511], [-82.74683, 35.9256], [-82.7461, 35.9265], [-82.74601, 35.92716], [-82.74421, 35.92769], [-82.74395, 35.92821], [-82.74391, 35.92855], [-82.74421, 35.92911], [-82.74494, 35.92987], [-82.74601, 35.93029], [-82.74631, 35.93081], [-82.74571, 35.93144], [-82.74442, 35.93252], [-82.74417, 35.93401], [-82.74339, 35.93505], [-82.74344, 35.93543], [-82.74387, 35.93595], [-82.74387, 35.93664], [-82.74387, 35.93769], [-82.74288, 35.93862], [-82.74258, 35.93946], [-82.74288, 35.9405], [-82.74404, 35.94186], [-82.7456, 35.94307], [-82.74573, 35.94349], [-82.74435, 35.9462], [-82.74409, 35.94741], [-82.74435, 35.94801], [-82.74598, 35.94884], [-82.74693, 35.94964], [-82.7495, 35.95033], [-82.74989, 35.95072], [-82.74976, 35.95117], [-82.74873, 35.9519], [-82.7478, 35.95353], [-82.74819, 35.95499], [-82.7505, 35.95742], [-82.75377, 35.95909], [-82.75415, 35.95919], [-82.75557, 35.96301], [-82.75541, 35.96428], [-82.75198, 35.96796], [-82.75194, 35.96865], [-82.754, 35.9756], [-82.75387, 35.97675], [-82.75412, 35.97723], [-82.75614, 35.97723], [-82.75648, 35.97768], [-82.757, 35.97935], [-82.7615, 35.98408], [-82.76236, 35.98426], [-82.76356, 35.98401], [-82.76498, 35.9853], [-82.76626, 35.98641], [-82.76965, 35.98797], [-82.77167, 35.98849], [-82.77304, 35.98877], [-82.7764, 35.98849], [-82.77807, 35.98763], [-82.78009, 35.98773], [-82.78168, 35.98763], [-82.78507, 35.98704]]}, "properties": {"id": "tims-714611", "tims_id": 714611, "road_name": "NC-208", "road": "NC-208", "common_name": "", "county": "Madison", "closed_at": "2024-10-02T15:01:00Z", "reopened_at": "2024-10-02T16:15:03.435000Z", "est_end_at": "2024-10-04T16:00:00Z", "last_update_at": "2024-10-02T15:32:24Z", "condition": "Road Closed", "description": "The road is closed near US 25/70.", "location": "Near Hot Springs / Both Directions", "severity": 3, "is_full_closure": null, "geom_kind": "line", "feed_status": "historical", "provenance": "real: NCDOT TIMS via ArcGIS FeatureServer", "source_url": "https://services.arcgis.com/NuWFvHYDMVmmxMeM/arcgis/rest/services/State_Maintained_Historical_TIMS_Incidents_Hurricane_Helene/FeatureServer/1"}}, {"type": "Feature", "geometry": {"type": "LineString", "coordinates": [[-82.2281, 36.01663], [-82.22772, 36.01555], [-82.22774, 36.01479], [-82.22847, 36.0133], [-82.22881, 36.01285], [-82.22974, 36.01272], [-82.23053, 36.01302], [-82.23167, 36.01328], [-82.23295, 36.01307], [-82.23364, 36.01259], [-82.23409, 36.012], [-82.23482, 36.01115], [-82.23613, 36.01017], [-82.2369, 36.00929], [-82.23707, 36.00847], [-82.23667, 36.00747], [-82.23577, 36.00585], [-82.2359, 36.00476], [-82.23676, 36.00434], [-82.23884, 36.00436], [-82.24285, 36.0057], [-82.24414, 36.00648], [-82.24682, 36.00742], [-82.24935, 36.00847], [-82.25128, 36.00847], [-82.25242, 36.00795], [-82.25324, 36.00677], [-82.25345, 36.00578], [-82.25261, 36.00433], [-82.2518, 36.00261], [-82.25161, 36.00134], [-82.25202, 36.00012], [-82.25182, 35.99821], [-82.25034, 35.99579], [-82.24923, 35.99361]]}, "properties": {"id": "tims-714622", "tims_id": 714622, "road_name": "NC-197", "road": "NC-197", "common_name": "", "county": "Yancey", "closed_at": "2024-10-02T16:32:00Z", "reopened_at": "2024-12-13T15:00:03.741000Z", "est_end_at": "2025-01-31T17:00:00Z", "last_update_at": "2024-12-12T16:44:09Z", "condition": "Lanes Narrowed", "description": "The road is narrowed near Old Forbes Road.", "location": "Near TN State Line / Both Directions", "severity": 3, "is_full_closure": null, "geom_kind": "line", "feed_status": "historical", "provenance": "real: NCDOT TIMS via ArcGIS FeatureServer", "source_url": "https://services.arcgis.com/NuWFvHYDMVmmxMeM/arcgis/rest/services/State_Maintained_Historical_TIMS_Incidents_Hurricane_Helene/FeatureServer/1"}}, {"type": "Feature", "geometry": {"type": "LineString", "coordinates": [[-83.00244, 35.45381], [-83.00185, 35.45352], [-83.00124, 35.45333], [-83.00085, 35.45319], [-83.0006, 35.45293], [-83.00035, 35.45257], [-83.00018, 35.45222], [-83.00019, 35.45176], [-83.00025, 35.4508], [-83.00007, 35.45049], [-82.99962, 35.45014], [-82.99933, 35.4498], [-82.99922, 35.44931], [-82.99912, 35.44855]]}, "properties": {"id": "tims-714628", "tims_id": 714628, "road_name": "SR-1140 (Lickstone Road)", "road": "SR-1140", "common_name": "Lickstone Road", "county": "Haywood", "closed_at": "2024-10-02T17:06:00Z", "reopened_at": "2024-11-24T18:48:38.025000Z", "est_end_at": "2024-11-30T17:00:00Z", "last_update_at": "2024-10-31T10:52:27Z", "condition": "Road Closed", "description": "The road is closed near Bonnies Lane.", "location": "South of Waynesville / Both Directions", "severity": 1, "is_full_closure": null, "geom_kind": "line", "feed_status": "historical", "provenance": "real: NCDOT TIMS via ArcGIS FeatureServer", "source_url": "https://services.arcgis.com/NuWFvHYDMVmmxMeM/arcgis/rest/services/State_Maintained_Historical_TIMS_Incidents_Hurricane_Helene/FeatureServer/1"}}, {"type": "Feature", "geometry": {"type": "LineString", "coordinates": [[-82.4855, 35.31601], [-82.485, 35.31537], [-82.48475, 35.31477], [-82.48464, 35.31423], [-82.48468, 35.31324], [-82.48477, 35.31151]]}, "properties": {"id": "tims-714630", "tims_id": 714630, "road_name": "SR-1173 (White Pine Drive)", "road": "SR-1173", "common_name": "White Pine Drive", "county": "Henderson", "closed_at": "2024-10-02T17:20:00Z", "reopened_at": "2024-10-30T14:10:04.628000Z", "est_end_at": "2024-10-31T16:00:00Z", "last_update_at": "2024-10-14T19:39:52Z", "condition": "Road Closed", "description": "The road is closed near Laurel Park Highway.", "location": "In Hendersonville / Both Directions", "severity": 1, "is_full_closure": null, "geom_kind": "line", "feed_status": "historical", "provenance": "real: NCDOT TIMS via ArcGIS FeatureServer", "source_url": "https://services.arcgis.com/NuWFvHYDMVmmxMeM/arcgis/rest/services/State_Maintained_Historical_TIMS_Incidents_Hurricane_Helene/FeatureServer/1"}}, {"type": "Feature", "geometry": {"type": "LineString", "coordinates": [[-82.34485, 35.42562], [-82.34455, 35.42488], [-82.34447, 35.42469], [-82.34435, 35.42425], [-82.34431, 35.42413], [-82.34411, 35.42378], [-82.34403, 35.42363], [-82.34396, 35.4234]]}, "properties": {"id": "tims-714632", "tims_id": 714632, "road_name": "SR-1614 (Waters Road)", "road": "SR-1614", "common_name": "Waters Road", "county": "Henderson", "closed_at": "2024-10-02T17:32:00Z", "reopened_at": "2024-10-30T14:10:04.628000Z", "est_end_at": "2024-10-31T16:00:00Z", "last_update_at": "2024-10-14T19:40:44Z", "condition": "Road Closed", "description": "The road is closed near Old Clear Creek Road.", "location": "North East of Hendersonville / Both Directions", "severity": 1, "is_full_closure": null, "geom_kind": "line", "feed_status": "historical", "provenance": "real: NCDOT TIMS via ArcGIS FeatureServer", "source_url": "https://services.arcgis.com/NuWFvHYDMVmmxMeM/arcgis/rest/services/State_Maintained_Historical_TIMS_Incidents_Hurricane_Helene/FeatureServer/1"}}, {"type": "Feature", "geometry": {"type": "LineString", "coordinates": [[-82.40566, 35.41989], [-82.40558, 35.41897], [-82.4054, 35.4186], [-82.40536, 35.41832], [-82.40553, 35.41793], [-82.40582, 35.4176], [-82.4062, 35.41714], [-82.40665, 35.41634]]}, "properties": {"id": "tims-714633", "tims_id": 714633, "road_name": "SR-1573 (Kyles Creek Road)", "road": "SR-1573", "common_name": "Kyles Creek Road", "county": "Henderson", "closed_at": "2024-10-02T17:43:00Z", "reopened_at": "2024-10-30T14:10:04.628000Z", "est_end_at": "2024-10-31T16:00:00Z", "last_update_at": "2024-10-14T19:41:17Z", "condition": "Road Closed", "description": "", "location": "East of Fletcher / Both Directions", "severity": 1, "is_full_closure": null, "geom_kind": "line", "feed_status": "historical", "provenance": "real: NCDOT TIMS via ArcGIS FeatureServer", "source_url": "https://services.arcgis.com/NuWFvHYDMVmmxMeM/arcgis/rest/services/State_Maintained_Historical_TIMS_Incidents_Hurricane_Helene/FeatureServer/1"}}, {"type": "Feature", "geometry": {"type": "LineString", "coordinates": [[-82.61566, 35.37613], [-82.61489, 35.37585], [-82.61421, 35.37565], [-82.6141, 35.37545]]}, "properties": {"id": "tims-714634", "tims_id": 714634, "road_name": "SR-1340 (Dalton Road)", "road": "SR-1340", "common_name": "Dalton Road", "county": "Henderson", "closed_at": "2024-10-02T17:46:00Z", "reopened_at": "2024-10-30T14:10:04.628000Z", "est_end_at": "2024-10-31T16:00:00Z", "last_update_at": "2024-10-14T19:41:38Z", "condition": "Road Closed", "description": "The road is closed near South Mills River Road.", "location": "West of Mills River / Both Directions", "severity": 1, "is_full_closure": null, "geom_kind": "line", "feed_status": "historical", "provenance": "real: NCDOT TIMS via ArcGIS FeatureServer", "source_url": "https://services.arcgis.com/NuWFvHYDMVmmxMeM/arcgis/rest/services/State_Maintained_Historical_TIMS_Incidents_Hurricane_Helene/FeatureServer/1"}}, {"type": "Feature", "geometry": {"type": "LineString", "coordinates": [[-82.63918, 35.33163], [-82.63675, 35.32929], [-82.63649, 35.32892], [-82.6352, 35.3282], [-82.63489, 35.32759]]}, "properties": {"id": "tims-714636", "tims_id": 714636, "road_name": "SR-1323 (Brickyard Road)", "road": "SR-1323", "common_name": "Brickyard Road", "county": "Henderson", "closed_at": "2024-10-02T17:53:00Z", "reopened_at": "2024-10-30T14:20:04.342000Z", "est_end_at": "2024-10-31T16:00:00Z", "last_update_at": "2024-10-14T19:42:01Z", "condition": "Road Closed", "description": "The road is closed near Acony Bell Way.", "location": "Near Etowah / Both Directions", "severity": 1, "is_full_closure": null, "geom_kind": "line", "feed_status": "historical", "provenance": "real: NCDOT TIMS via ArcGIS FeatureServer", "source_url": "https://services.arcgis.com/NuWFvHYDMVmmxMeM/arcgis/rest/services/State_Maintained_Historical_TIMS_Incidents_Hurricane_Helene/FeatureServer/1"}}, {"type": "Feature", "geometry": {"type": "LineString", "coordinates": [[-83.00856, 35.59177], [-83.00697, 35.59165]]}, "properties": {"id": "tims-714637", "tims_id": 714637, "road_name": "SR-1364 (Coleman Mountain Road)", "road": "SR-1364", "common_name": "Coleman Mountain Road", "county": "Haywood", "closed_at": "2024-10-02T17:57:00Z", "reopened_at": "2025-03-31T16:10:04.273000Z", "est_end_at": "2025-03-31T16:00:00Z", "last_update_at": "2025-01-20T11:20:14Z", "condition": "Road Closed", "description": "The bridge is closed near US-276 (Jonathan Creek Road).", "location": "North West of Lake Junaluska / Both Directions", "severity": 1, "is_full_closure": null, "geom_kind": "line", "feed_status": "historical", "provenance": "real: NCDOT TIMS via ArcGIS FeatureServer", "source_url": "https://services.arcgis.com/NuWFvHYDMVmmxMeM/arcgis/rest/services/State_Maintained_Historical_TIMS_Incidents_Hurricane_Helene/FeatureServer/1"}}, {"type": "Feature", "geometry": {"type": "LineString", "coordinates": [[-83.08631, 35.51804], [-83.08616, 35.51819]]}, "properties": {"id": "tims-714639", "tims_id": 714639, "road_name": "SR-1306 (Evans Cove Road)", "road": "SR-1306", "common_name": "Evans Cove Road", "county": "Haywood", "closed_at": "2024-10-02T17:59:00Z", "reopened_at": "2024-12-13T18:10:04.253000Z", "est_end_at": "2025-01-31T17:00:00Z", "last_update_at": "2024-12-12T12:19:39Z", "condition": "Road Closed", "description": "The road is closed near US-19 (Soco Road) for bridge replacement.", "location": "Near Maggie Valley / Both Directions", "severity": 1, "is_full_closure": null, "geom_kind": "line", "feed_status": "historical", "provenance": "real: NCDOT TIMS via ArcGIS FeatureServer", "source_url": "https://services.arcgis.com/NuWFvHYDMVmmxMeM/arcgis/rest/services/State_Maintained_Historical_TIMS_Incidents_Hurricane_Helene/FeatureServer/1"}}, {"type": "Feature", "geometry": {"type": "LineString", "coordinates": [[-82.42912, 35.27295], [-82.42943, 35.27299], [-82.42978, 35.27301], [-82.43005, 35.27306], [-82.43022, 35.27308], [-82.43036, 35.27313], [-82.43049, 35.2732], [-82.43063, 35.2733], [-82.43075, 35.27343], [-82.43081, 35.27349], [-82.43097, 35.27377], [-82.43111, 35.27402], [-82.43118, 35.27416], [-82.43129, 35.27427], [-82.43154, 35.27453], [-82.43202, 35.27497], [-82.43229, 35.27523], [-82.43253, 35.27545], [-82.43262, 35.27553], [-82.43275, 35.27553], [-82.43283, 35.27551], [-82.43295, 35.27547], [-82.43319, 35.27528], [-82.43341, 35.27512], [-82.43385, 35.27463], [-82.4345, 35.27399], [-82.43523, 35.27318], [-82.43603, 35.27238], [-82.43631, 35.27215], [-82.43656, 35.27198], [-82.4369, 35.27182], [-82.43747, 35.27171], [-82.43802, 35.27154], [-82.43839, 35.27146], [-82.43859, 35.27141], [-82.43875, 35.27139], [-82.43899, 35.27142], [-82.43927, 35.27155], [-82.4395, 35.27163], [-82.43969, 35.27168], [-82.43989, 35.2717], [-82.44005, 35.27167], [-82.44027, 35.2716], [-82.44115, 35.27128], [-82.44129, 35.27124], [-82.44163, 35.27117]]}, "properties": {"id": "tims-714641", "tims_id": 714641, "road_name": "SR-1812 (W Blue Ridge Rd)", "road": "SR-1812", "common_name": "W Blue Ridge Rd", "county": "Henderson", "closed_at": "2024-10-02T18:16:00Z", "reopened_at": "2024-10-30T14:20:04.342000Z", "est_end_at": "2024-10-31T16:00:00Z", "last_update_at": "2024-10-14T19:43:48Z", "condition": "Road Closed", "description": "The road is closed near Preston Ln due to storm-related damage.", "location": "Near Flat Rock / Both Directions", "severity": 3, "is_full_closure": null, "geom_kind": "line", "feed_status": "historical", "provenance": "real: NCDOT TIMS via ArcGIS FeatureServer", "source_url": "https://services.arcgis.com/NuWFvHYDMVmmxMeM/arcgis/rest/services/State_Maintained_Historical_TIMS_Incidents_Hurricane_Helene/FeatureServer/1"}}, {"type": "Feature", "geometry": {"type": "Point", "coordinates": [-82.3741701047289, 35.2745883407893]}, "properties": {"id": "tims-714645", "tims_id": 714645, "road_name": "I-26", "road": "I-26", "common_name": "", "county": "Henderson", "closed_at": "2024-10-02T18:42:00Z", "reopened_at": null, "est_end_at": "2024-10-11T19:42:00Z", "last_update_at": "2024-10-02T18:44:05Z", "condition": "Partial Access", "description": "The right lane is closed 3 miles after Exit 59 (Holbert Cove Rd).", "location": "East of East Flat Rock / Mile Marker 56 Heading West", "severity": null, "is_full_closure": null, "geom_kind": "point", "feed_status": "historical", "provenance": "real: NCDOT TIMS via ArcGIS FeatureServer", "source_url": "https://services.arcgis.com/NuWFvHYDMVmmxMeM/arcgis/rest/services/State_Maintained_Historical_TIMS_Incidents_Hurricane_Helene/FeatureServer/0"}}, {"type": "Feature", "geometry": {"type": "LineString", "coordinates": [[-82.46561, 35.5837], [-82.46506, 35.58376]]}, "properties": {"id": "tims-714653", "tims_id": 714653, "road_name": "US-70 (Tunnel Road)", "road": "US-70", "common_name": "Tunnel Road", "county": "Buncombe", "closed_at": "2024-10-02T19:41:00Z", "reopened_at": "2024-12-17T21:40:03.777000Z", "est_end_at": "2025-01-31T17:00:00Z", "last_update_at": "2024-12-03T14:58:46Z", "condition": "Road Closed", "description": "The road is closed between River Knoll Drive and Moffitt Branch Road.", "location": "East of Asheville / Both Directions", "severity": 3, "is_full_closure": null, "geom_kind": "line", "feed_status": "historical", "provenance": "real: NCDOT TIMS via ArcGIS FeatureServer", "source_url": "https://services.arcgis.com/NuWFvHYDMVmmxMeM/arcgis/rest/services/State_Maintained_Historical_TIMS_Incidents_Hurricane_Helene/FeatureServer/1"}}, {"type": "Feature", "geometry": {"type": "LineString", "coordinates": [[-82.41167, 35.53814], [-82.41155, 35.53788], [-82.411, 35.5373], [-82.41077, 35.5371], [-82.41054, 35.53692], [-82.41025, 35.53671], [-82.40996, 35.53651], [-82.4098, 35.53635], [-82.40963, 35.53614], [-82.40956, 35.53583]]}, "properties": {"id": "tims-714659", "tims_id": 714659, "road_name": "SR-2800 (Miller Rd)", "road": "SR-2800", "common_name": "Miller Rd", "county": "Buncombe", "closed_at": "2024-10-02T19:58:00Z", "reopened_at": "2024-10-09T13:40:13.458000Z", "est_end_at": "2024-10-10T16:00:00Z", "last_update_at": "2024-10-03T11:18:33Z", "condition": "Road Closed", "description": "The road is closed near The Old Run Rd due to storm-related damage.", "location": "Near Fairview / Both Directions", "severity": 3, "is_full_closure": null, "geom_kind": "line", "feed_status": "historical", "provenance": "real: NCDOT TIMS via ArcGIS FeatureServer", "source_url": "https://services.arcgis.com/NuWFvHYDMVmmxMeM/arcgis/rest/services/State_Maintained_Historical_TIMS_Incidents_Hurricane_Helene/FeatureServer/1"}}, {"type": "Feature", "geometry": {"type": "LineString", "coordinates": [[-82.47109, 35.63522], [-82.471, 35.63459]]}, "properties": {"id": "tims-714662", "tims_id": 714662, "road_name": "SR-2419 (Bull Creek Road)", "road": "SR-2419", "common_name": "Bull Creek Road", "county": "Buncombe", "closed_at": "2024-10-02T20:05:00Z", "reopened_at": "2024-10-08T20:30:12.914000Z", "est_end_at": "2024-10-16T16:00:00Z", "last_update_at": "2024-10-02T20:16:06Z", "condition": "Road Closed", "description": "The road is closed at Shope Creek Road.", "location": "North East of Asheville / Both Directions", "severity": 2, "is_full_closure": null, "geom_kind": "line", "feed_status": "historical", "provenance": "real: NCDOT TIMS via ArcGIS FeatureServer", "source_url": "https://services.arcgis.com/NuWFvHYDMVmmxMeM/arcgis/rest/services/State_Maintained_Historical_TIMS_Incidents_Hurricane_Helene/FeatureServer/1"}}, {"type": "Feature", "geometry": {"type": "LineString", "coordinates": [[-82.51526, 35.78784], [-82.51478, 35.78741], [-82.51454, 35.78726], [-82.51424, 35.78716], [-82.51335, 35.78707], [-82.51222, 35.78676]]}, "properties": {"id": "tims-714660", "tims_id": 714660, "road_name": "SR-2155 (Arrowood Road)", "road": "SR-2155", "common_name": "Arrowood Road", "county": "Buncombe", "closed_at": "2024-10-02T20:10:00Z", "reopened_at": "2024-10-16T13:50:04.693000Z", "est_end_at": "2024-10-31T16:00:00Z", "last_update_at": "2024-10-09T17:49:45Z", "condition": "Road Closed", "description": "The road is closed near Ivy Hill Road.", "location": "In Barnardsville / Both Directions", "severity": 2, "is_full_closure": null, "geom_kind": "line", "feed_status": "historical", "provenance": "real: NCDOT TIMS via ArcGIS FeatureServer", "source_url": "https://services.arcgis.com/NuWFvHYDMVmmxMeM/arcgis/rest/services/State_Maintained_Historical_TIMS_Incidents_Hurricane_Helene/FeatureServer/1"}}, {"type": "Feature", "geometry": {"type": "LineString", "coordinates": [[-82.48087, 35.76364], [-82.48076, 35.76318], [-82.48057, 35.76297], [-82.48022, 35.76257], [-82.47979, 35.7617], [-82.47956, 35.76076]]}, "properties": {"id": "tims-714678", "tims_id": 714678, "road_name": "SR-2160 (Sugar Creek Road)", "road": "SR-2160", "common_name": "Sugar Creek Road", "county": "Buncombe", "closed_at": "2024-10-02T20:15:00Z", "reopened_at": "2024-10-09T21:40:06.765000Z", "est_end_at": "2024-10-09T22:00:00Z", "last_update_at": "2024-10-09T17:51:41Z", "condition": "Road Closed", "description": "The road is closed near Spuds Lane.", "location": "In Barnardsville / Both Directions", "severity": 2, "is_full_closure": null, "geom_kind": "line", "feed_status": "historical", "provenance": "real: NCDOT TIMS via ArcGIS FeatureServer", "source_url": "https://services.arcgis.com/NuWFvHYDMVmmxMeM/arcgis/rest/services/State_Maintained_Historical_TIMS_Incidents_Hurricane_Helene/FeatureServer/1"}}, {"type": "Feature", "geometry": {"type": "LineString", "coordinates": [[-82.5151, 35.78776], [-82.51466, 35.7879], [-82.51444, 35.78792], [-82.51411, 35.78791], [-82.51387, 35.7879]]}, "properties": {"id": "tims-714667", "tims_id": 714667, "road_name": "SR-2153 (Ivy Hill Road)", "road": "SR-2153", "common_name": "Ivy Hill Road", "county": "Buncombe", "closed_at": "2024-10-02T20:15:00Z", "reopened_at": "2024-10-16T13:50:04.693000Z", "est_end_at": "2024-10-31T16:00:00Z", "last_update_at": "2024-10-09T17:50:21Z", "condition": "Road Closed", "description": "The road is closed at Arrowood Road.", "location": "In Barnardsville / Both Directions", "severity": 2, "is_full_closure": null, "geom_kind": "line", "feed_status": "historical", "provenance": "real: NCDOT TIMS via ArcGIS FeatureServer", "source_url": "https://services.arcgis.com/NuWFvHYDMVmmxMeM/arcgis/rest/services/State_Maintained_Historical_TIMS_Incidents_Hurricane_Helene/FeatureServer/1"}}, {"type": "Feature", "geometry": {"type": "LineString", "coordinates": [[-82.55572, 35.42637], [-82.55526, 35.42674], [-82.55411, 35.42769], [-82.55292, 35.42869], [-82.55259, 35.42894], [-82.55206, 35.42928], [-82.55177, 35.42946], [-82.55126, 35.4297], [-82.55074, 35.42984], [-82.55017, 35.4299], [-82.54975, 35.4299], [-82.54921, 35.42979], [-82.54781, 35.42956], [-82.54712, 35.42941], [-82.54573, 35.42902]]}, "properties": {"id": "tims-714669", "tims_id": 714669, "road_name": "SR-1419 (Old Fanning Bridge Rd)", "road": "SR-1419", "common_name": "Old Fanning Bridge Rd", "county": "Henderson", "closed_at": "2024-10-02T20:17:00Z", "reopened_at": "2024-10-30T14:20:04.342000Z", "est_end_at": "2024-10-31T16:00:00Z", "last_update_at": "2024-10-10T14:59:03Z", "condition": "Road Closed", "description": "The road is closed near Butler Farm Rd.", "location": "Near Mills River / Both Directions", "severity": 1, "is_full_closure": null, "geom_kind": "line", "feed_status": "historical", "provenance": "real: NCDOT TIMS via ArcGIS FeatureServer", "source_url": "https://services.arcgis.com/NuWFvHYDMVmmxMeM/arcgis/rest/services/State_Maintained_Historical_TIMS_Incidents_Hurricane_Helene/FeatureServer/1"}}, {"type": "Feature", "geometry": {"type": "LineString", "coordinates": [[-82.54317, 35.79181], [-82.54414, 35.79188], [-82.54527, 35.79263], [-82.54609, 35.79284], [-82.54639, 35.79268], [-82.5474, 35.79153], [-82.54987, 35.79026], [-82.55175, 35.79026], [-82.55287, 35.78979], [-82.55454, 35.78856], [-82.55562, 35.78748], [-82.55584, 35.78696], [-82.55595, 35.7859], [-82.5562, 35.78557], [-82.55751, 35.78501], [-82.55792, 35.78512], [-82.55822, 35.78573]]}, "properties": {"id": "tims-714674", "tims_id": 714674, "road_name": "SR-1556 (Forks of Ivy Rd)", "road": "SR-1556", "common_name": "Forks of Ivy Rd", "county": "Madison", "closed_at": "2024-10-02T20:20:00Z", "reopened_at": "2024-10-18T21:20:04.211000Z", "est_end_at": "2024-10-31T16:00:00Z", "last_update_at": "2024-10-09T13:23:59Z", "condition": "Lane Closed", "description": "10/2/24 @ 4:25PM Mud debris in roadway. One lane accessible to locals only.", "location": "Near Mars Hill / Both Directions", "severity": 2, "is_full_closure": null, "geom_kind": "line", "feed_status": "historical", "provenance": "real: NCDOT TIMS via ArcGIS FeatureServer", "source_url": "https://services.arcgis.com/NuWFvHYDMVmmxMeM/arcgis/rest/services/State_Maintained_Historical_TIMS_Incidents_Hurricane_Helene/FeatureServer/1"}}, {"type": "Feature", "geometry": {"type": "LineString", "coordinates": [[-82.47044, 35.7118], [-82.46902, 35.71166], [-82.46835, 35.71139], [-82.46752, 35.7111], [-82.46651, 35.7106]]}, "properties": {"id": "tims-714675", "tims_id": 714675, "road_name": "SR-2115 (Blackberry Inn Road)", "road": "SR-2115", "common_name": "Blackberry Inn Road", "county": "Buncombe", "closed_at": "2024-10-02T20:22:00Z", "reopened_at": "2024-10-09T20:10:08.931000Z", "est_end_at": "2024-10-31T16:00:00Z", "last_update_at": "2024-10-09T11:13:51Z", "condition": "Road Closed", "description": "The road is closed near Maney Branch Road. Local traffic only in this area.", "location": "East of Weaverville / Both Directions", "severity": 2, "is_full_closure": null, "geom_kind": "line", "feed_status": "historical", "provenance": "real: NCDOT TIMS via ArcGIS FeatureServer", "source_url": "https://services.arcgis.com/NuWFvHYDMVmmxMeM/arcgis/rest/services/State_Maintained_Historical_TIMS_Incidents_Hurricane_Helene/FeatureServer/1"}}, {"type": "Feature", "geometry": {"type": "LineString", "coordinates": [[-82.5368, 35.24771], [-82.53738, 35.24771], [-82.5377, 35.24768], [-82.53808, 35.24764], [-82.53838, 35.24758], [-82.5388, 35.24742], [-82.53914, 35.24736], [-82.53933, 35.24734], [-82.53954, 35.24736], [-82.53977, 35.24744], [-82.53997, 35.24751], [-82.54012, 35.24755], [-82.54025, 35.24756], [-82.54037, 35.24755], [-82.54049, 35.24753], [-82.54065, 35.24746], [-82.54122, 35.24704], [-82.54138, 35.24697], [-82.54211, 35.24683], [-82.5428, 35.2464], [-82.54309, 35.24621], [-82.54344, 35.24607]]}, "properties": {"id": "tims-714680", "tims_id": 714680, "road_name": "SR-1127 (Crab Creek Rd)", "road": "SR-1127", "common_name": "Crab Creek Rd", "county": "Henderson", "closed_at": "2024-10-02T20:28:00Z", "reopened_at": "2024-10-28T14:00:04.508000Z", "est_end_at": "2024-10-28T14:00:00Z", "last_update_at": "2024-10-26T14:41:57Z", "condition": "Road Closed", "description": "The road is closed near Riders Rd.", "location": "West of Flat Rock / Both Directions", "severity": 1, "is_full_closure": null, "geom_kind": "line", "feed_status": "historical", "provenance": "real: NCDOT TIMS via ArcGIS FeatureServer", "source_url": "https://services.arcgis.com/NuWFvHYDMVmmxMeM/arcgis/rest/services/State_Maintained_Historical_TIMS_Incidents_Hurricane_Helene/FeatureServer/1"}}, {"type": "Feature", "geometry": {"type": "LineString", "coordinates": [[-82.37609, 35.23382], [-82.37615, 35.23339], [-82.37686, 35.23254], [-82.37719, 35.23247], [-82.37793, 35.2324], [-82.37806, 35.23226], [-82.3781, 35.23209], [-82.37829, 35.23192], [-82.37831, 35.2316], [-82.37864, 35.23084], [-82.37919, 35.23071], [-82.37922, 35.23055], [-82.37902, 35.23045], [-82.37869, 35.23037], [-82.37857, 35.23019], [-82.37867, 35.2299], [-82.37857, 35.22981], [-82.37836, 35.22978], [-82.3783, 35.22953], [-82.37835, 35.22927], [-82.37864, 35.22877], [-82.37864, 35.22844], [-82.37834, 35.22845], [-82.37801, 35.22853], [-82.37773, 35.22881], [-82.37746, 35.22892]]}, "properties": {"id": "tims-714681", "tims_id": 714681, "road_name": "SR-1832 (Pace Mountain Rd)", "road": "SR-1832", "common_name": "Pace Mountain Rd", "county": "Henderson", "closed_at": "2024-10-02T20:29:00Z", "reopened_at": "2024-10-30T14:20:04.342000Z", "est_end_at": "2024-10-31T16:00:00Z", "last_update_at": "2024-10-14T19:45:19Z", "condition": "Road Closed", "description": "The road is closed near Ground Woods Dr.", "location": "North of SC State Line / Both Directions", "severity": 3, "is_full_closure": null, "geom_kind": "line", "feed_status": "historical", "provenance": "real: NCDOT TIMS via ArcGIS FeatureServer", "source_url": "https://services.arcgis.com/NuWFvHYDMVmmxMeM/arcgis/rest/services/State_Maintained_Historical_TIMS_Incidents_Hurricane_Helene/FeatureServer/1"}}, {"type": "Feature", "geometry": {"type": "LineString", "coordinates": [[-82.68814, 35.79848], [-82.68668, 35.79796], [-82.68397, 35.79742], [-82.68297, 35.79718], [-82.67726, 35.79392], [-82.67612, 35.79355], [-82.67376, 35.79359], [-82.67153, 35.79352], [-82.6699, 35.79334], [-82.66971, 35.79315], [-82.66933, 35.79295]]}, "properties": {"id": "tims-714687", "tims_id": 714687, "road_name": "US-25 BUS (Main Street)", "road": "US-25 BUS", "common_name": "Main Street", "county": "Madison", "closed_at": "2024-10-02T20:29:00Z", "reopened_at": "2025-03-17T23:20:03.680000Z", "est_end_at": "2025-12-31T17:00:00Z", "last_update_at": "2025-01-22T14:38:10Z", "condition": "Local Traffic Only", "description": "Debris in road. Crews working in roadway to remove obstructions. Lanes may be reduced or substantially impacted. Local traffic only encouraged at this time.", "location": "In Marshall / Both Directions", "severity": 2, "is_full_closure": null, "geom_kind": "line", "feed_status": "historical", "provenance": "real: NCDOT TIMS via ArcGIS FeatureServer", "source_url": "https://services.arcgis.com/NuWFvHYDMVmmxMeM/arcgis/rest/services/State_Maintained_Historical_TIMS_Incidents_Hurricane_Helene/FeatureServer/1"}}, {"type": "Feature", "geometry": {"type": "LineString", "coordinates": [[-82.39799, 35.6025], [-82.39777, 35.60195]]}, "properties": {"id": "tims-714685", "tims_id": 714685, "road_name": "SR-2727 (Whitson Ave)", "road": "SR-2727", "common_name": "Whitson Ave", "county": "Buncombe", "closed_at": "2024-10-02T20:30:00Z", "reopened_at": "2024-10-07T15:53:58.199000Z", "est_end_at": "2024-10-16T16:00:00Z", "last_update_at": "2024-10-02T20:40:47Z", "condition": "Road Closed", "description": "The road is closed from US 70, Tunnel Road to Old US 70 Highway.", "location": "In Swannanoa / Both Directions", "severity": 2, "is_full_closure": null, "geom_kind": "line", "feed_status": "historical", "provenance": "real: NCDOT TIMS via ArcGIS FeatureServer", "source_url": "https://services.arcgis.com/NuWFvHYDMVmmxMeM/arcgis/rest/services/State_Maintained_Historical_TIMS_Incidents_Hurricane_Helene/FeatureServer/1"}}, {"type": "Feature", "geometry": {"type": "LineString", "coordinates": [[-82.30074, 35.56827], [-82.29993, 35.56842]]}, "properties": {"id": "tims-714689", "tims_id": 714689, "road_name": "SR-2776 (Chestnut Hill Road)", "road": "SR-2776", "common_name": "Chestnut Hill Road", "county": "Buncombe", "closed_at": "2024-10-02T20:37:00Z", "reopened_at": "2024-10-08T13:30:07.404000Z", "est_end_at": "2024-10-16T16:00:00Z", "last_update_at": "2024-10-02T20:44:24Z", "condition": "Road Closed", "description": "The road is closed at Miller Cove Road.", "location": "South of Black Mountain / Both Directions", "severity": 2, "is_full_closure": null, "geom_kind": "line", "feed_status": "historical", "provenance": "real: NCDOT TIMS via ArcGIS FeatureServer", "source_url": "https://services.arcgis.com/NuWFvHYDMVmmxMeM/arcgis/rest/services/State_Maintained_Historical_TIMS_Incidents_Hurricane_Helene/FeatureServer/1"}}, {"type": "Feature", "geometry": {"type": "LineString", "coordinates": [[-82.68854, 35.79855], [-82.68931, 35.79902], [-82.68995, 35.79965]]}, "properties": {"id": "tims-714691", "tims_id": 714691, "road_name": "SR-1203 (Redmon Road)", "road": "SR-1203", "common_name": "Redmon Road", "county": "Madison", "closed_at": "2024-10-02T20:42:00Z", "reopened_at": "2025-02-27T20:10:04.468000Z", "est_end_at": "2025-12-31T17:00:00Z", "last_update_at": "2024-12-12T16:19:48Z", "condition": "Road Impassable", "description": "10/2/24 @ 4:45PM Section of Redmon Rd is closed due to power lines/poles in roadway. Roadway is in fair condition", "location": "In Marshall / Both Directions", "severity": 2, "is_full_closure": null, "geom_kind": "line", "feed_status": "historical", "provenance": "real: NCDOT TIMS via ArcGIS FeatureServer", "source_url": "https://services.arcgis.com/NuWFvHYDMVmmxMeM/arcgis/rest/services/State_Maintained_Historical_TIMS_Incidents_Hurricane_Helene/FeatureServer/1"}}, {"type": "Feature", "geometry": {"type": "LineString", "coordinates": [[-82.46575, 35.58371], [-82.46499, 35.58373], [-82.46448, 35.58381]]}, "properties": {"id": "tims-714698", "tims_id": 714698, "road_name": "US-70 (Tunnel Road)", "road": "US-70", "common_name": "Tunnel Road", "county": "Buncombe", "closed_at": "2024-10-02T20:45:00Z", "reopened_at": "2024-10-08T17:31:31.986000Z", "est_end_at": "2024-10-21T16:00:00Z", "last_update_at": "2024-10-08T16:26:20Z", "condition": "Road Closed", "description": "The road is closed at River Knoll Drive.", "location": "Near Asheville / Both Directions", "severity": 3, "is_full_closure": null, "geom_kind": "line", "feed_status": "historical", "provenance": "real: NCDOT TIMS via ArcGIS FeatureServer", "source_url": "https://services.arcgis.com/NuWFvHYDMVmmxMeM/arcgis/rest/services/State_Maintained_Historical_TIMS_Incidents_Hurricane_Helene/FeatureServer/1"}}, {"type": "Feature", "geometry": {"type": "LineString", "coordinates": [[-82.30113, 35.56811], [-82.29883, 35.56864], [-82.2972, 35.56948], [-82.29559, 35.5693], [-82.2951, 35.56913], [-82.29364, 35.56845], [-82.29218, 35.56776], [-82.29145, 35.56724], [-82.29104, 35.56707], [-82.29055, 35.5671], [-82.28931, 35.56742], [-82.289, 35.56749], [-82.28858, 35.56783], [-82.28825, 35.56797]]}, "properties": {"id": "tims-714694", "tims_id": 714694, "road_name": "SR-2776 (Chestnut Hill Road)", "road": "SR-2776", "common_name": "Chestnut Hill Road", "county": "Buncombe", "closed_at": "2024-10-02T20:45:00Z", "reopened_at": "2024-11-18T13:58:43.405000Z", "est_end_at": "2024-11-30T17:00:00Z", "last_update_at": "2024-10-30T11:07:06Z", "condition": "Road Closed", "description": "The road is closed near Miller Cove Road.", "location": "Near Black Mountain / Both Directions", "severity": 2, "is_full_closure": null, "geom_kind": "line", "feed_status": "historical", "provenance": "real: NCDOT TIMS via ArcGIS FeatureServer", "source_url": "https://services.arcgis.com/NuWFvHYDMVmmxMeM/arcgis/rest/services/State_Maintained_Historical_TIMS_Incidents_Hurricane_Helene/FeatureServer/1"}}, {"type": "Feature", "geometry": {"type": "Point", "coordinates": [-82.5250394446775, 35.5054923998448]}, "properties": {"id": "tims-714703", "tims_id": 714703, "road_name": "SR-3503 (Overlook Road)", "road": "SR-3503", "common_name": "Overlook Road", "county": "Buncombe", "closed_at": "2024-10-02T20:45:00Z", "reopened_at": null, "est_end_at": "2024-10-31T16:00:00Z", "last_update_at": "2024-10-09T13:36:28Z", "condition": "Partial Access", "description": "A lane is closed from US 25, Hendersonville Road to NC 146, Long Shoals Road.", "location": "South of Asheville / Both Directions", "severity": null, "is_full_closure": null, "geom_kind": "point", "feed_status": "historical", "provenance": "real: NCDOT TIMS via ArcGIS FeatureServer", "source_url": "https://services.arcgis.com/NuWFvHYDMVmmxMeM/arcgis/rest/services/State_Maintained_Historical_TIMS_Incidents_Hurricane_Helene/FeatureServer/0"}}, {"type": "Feature", "geometry": {"type": "LineString", "coordinates": [[-82.64728, 35.7769], [-82.64599, 35.77648], [-82.64496, 35.77603], [-82.64488, 35.77498], [-82.64509, 35.77411], [-82.64432, 35.77342], [-82.64234, 35.7723], [-82.64084, 35.77046], [-82.64011, 35.77018], [-82.63947, 35.77021], [-82.63651, 35.7722], [-82.63535, 35.77241], [-82.63372, 35.77268], [-82.63166, 35.77342]]}, "properties": {"id": "tims-714696", "tims_id": 714696, "road_name": "US-25 BUS (Ivy River Rd)", "road": "US-25 BUS", "common_name": "Ivy River Rd", "county": "Madison", "closed_at": "2024-10-02T20:46:00Z", "reopened_at": "2024-10-12T16:00:05.997000Z", "est_end_at": "2024-10-31T16:00:00Z", "last_update_at": "2024-10-09T13:25:26Z", "condition": "Road Closed", "description": "10/2/24 @ 4:49PM Road is closed from US-25/70 to NC-251 due to power lines in roadway.", "location": "Near Marshall / Both Directions", "severity": 2, "is_full_closure": null, "geom_kind": "line", "feed_status": "historical", "provenance": "real: NCDOT TIMS via ArcGIS FeatureServer", "source_url": "https://services.arcgis.com/NuWFvHYDMVmmxMeM/arcgis/rest/services/State_Maintained_Historical_TIMS_Incidents_Hurricane_Helene/FeatureServer/1"}}, {"type": "Feature", "geometry": {"type": "LineString", "coordinates": [[-82.33594, 35.54702], [-82.33513, 35.5472], [-82.33475, 35.54736]]}, "properties": {"id": "tims-714700", "tims_id": 714700, "road_name": "SR-2776 (Old Fort Road)", "road": "SR-2776", "common_name": "Old Fort Road", "county": "Buncombe", "closed_at": "2024-10-02T20:48:00Z", "reopened_at": "2024-11-18T14:10:04.856000Z", "est_end_at": "2024-11-30T17:00:00Z", "last_update_at": "2024-10-30T11:06:33Z", "condition": "Road Closed", "description": "There will be periodic road closures between Echo Lake Drive and NC-9 for storm repair and cleanup.", "location": "North East of Fairview / Both Directions", "severity": 2, "is_full_closure": null, "geom_kind": "line", "feed_status": "historical", "provenance": "real: NCDOT TIMS via ArcGIS FeatureServer", "source_url": "https://services.arcgis.com/NuWFvHYDMVmmxMeM/arcgis/rest/services/State_Maintained_Historical_TIMS_Incidents_Hurricane_Helene/FeatureServer/1"}}, {"type": "Feature", "geometry": {"type": "LineString", "coordinates": [[-82.24288, 36.00579], [-82.24121, 36.0051], [-82.23957, 36.00461], [-82.23781, 36.00433]]}, "properties": {"id": "tims-714706", "tims_id": 714706, "road_name": "NC-197", "road": "NC-197", "common_name": "", "county": "Yancey", "closed_at": "2024-10-02T20:57:00Z", "reopened_at": "2024-10-04T22:00:03.843000Z", "est_end_at": "2024-10-04T21:57:00Z", "last_update_at": "2024-10-02T21:02:17Z", "condition": "Road Closed", "description": "10/2/24 @ 4:59PM  one lane road in critical condition. Crews are currently working on it.  Road impassable until road construction is complete. Detour around Double Island Rd for vehicles. No Heavy truck traffic along detour.", "location": "North of Burnsville / Heading North", "severity": 3, "is_full_closure": null, "geom_kind": "line", "feed_status": "historical", "provenance": "real: NCDOT TIMS via ArcGIS FeatureServer", "source_url": "https://services.arcgis.com/NuWFvHYDMVmmxMeM/arcgis/rest/services/State_Maintained_Historical_TIMS_Incidents_Hurricane_Helene/FeatureServer/1"}}, {"type": "Feature", "geometry": {"type": "LineString", "coordinates": [[-82.74901, 35.61659], [-82.74897, 35.61629], [-82.74902, 35.61604], [-82.74919, 35.61584], [-82.74946, 35.61564], [-82.74951, 35.61539], [-82.74941, 35.61524], [-82.74917, 35.61508]]}, "properties": {"id": "tims-714704", "tims_id": 714704, "road_name": "SR-1220 (Potato Branch Rd)", "road": "SR-1220", "common_name": "Potato Branch Rd", "county": "Buncombe", "closed_at": "2024-10-02T20:58:00Z", "reopened_at": "2024-10-09T14:30:08.784000Z", "est_end_at": "2024-10-10T16:00:00Z", "last_update_at": "2024-10-02T21:21:18Z", "condition": "Road Closed", "description": "The road is closed North of Morgan Branch Rd.", "location": "North of Candler / Both Directions", "severity": 2, "is_full_closure": null, "geom_kind": "line", "feed_status": "historical", "provenance": "real: NCDOT TIMS via ArcGIS FeatureServer", "source_url": "https://services.arcgis.com/NuWFvHYDMVmmxMeM/arcgis/rest/services/State_Maintained_Historical_TIMS_Incidents_Hurricane_Helene/FeatureServer/1"}}, {"type": "Feature", "geometry": {"type": "LineString", "coordinates": [[-82.31566, 35.55709], [-82.31499, 35.55609]]}, "properties": {"id": "tims-714707", "tims_id": 714707, "road_name": "SR-2515 (Flat Creek Road)", "road": "SR-2515", "common_name": "Flat Creek Road", "county": "Buncombe", "closed_at": "2024-10-02T20:59:00Z", "reopened_at": "2025-02-17T20:00:04.361000Z", "est_end_at": "2025-02-28T17:00:00Z", "last_update_at": "2025-01-20T11:19:03Z", "condition": "Road Closed", "description": "The road is closed near Old Fort Road.", "location": "South of Black Mountain / Both Directions", "severity": 2, "is_full_closure": null, "geom_kind": "line", "feed_status": "historical", "provenance": "real: NCDOT TIMS via ArcGIS FeatureServer", "source_url": "https://services.arcgis.com/NuWFvHYDMVmmxMeM/arcgis/rest/services/State_Maintained_Historical_TIMS_Incidents_Hurricane_Helene/FeatureServer/1"}}, {"type": "Feature", "geometry": {"type": "LineString", "coordinates": [[-82.17281, 35.92604], [-82.17191, 35.92564], [-82.17154, 35.92568], [-82.17107, 35.92498]]}, "properties": {"id": "tims-714709", "tims_id": 714709, "road_name": "SR-1300 (Arbuckle Rd)", "road": "SR-1300", "common_name": "Arbuckle Rd", "county": "Yancey", "closed_at": "2024-10-02T21:02:00Z", "reopened_at": "2024-10-08T22:10:12.337000Z", "est_end_at": "2024-10-08T22:02:00Z", "last_update_at": "2024-10-02T21:06:30Z", "condition": "Road Impassable", "description": "10/2/24 @ 5:05PM Road closed due to down 3-phase power lines.", "location": "East of Burnsville / Both Directions", "severity": 3, "is_full_closure": null, "geom_kind": "line", "feed_status": "historical", "provenance": "real: NCDOT TIMS via ArcGIS FeatureServer", "source_url": "https://services.arcgis.com/NuWFvHYDMVmmxMeM/arcgis/rest/services/State_Maintained_Historical_TIMS_Incidents_Hurricane_Helene/FeatureServer/1"}}, {"type": "Feature", "geometry": {"type": "LineString", "coordinates": [[-82.19185, 35.90817], [-82.19155, 35.90849]]}, "properties": {"id": "tims-714715", "tims_id": 714715, "road_name": "NC-80 (NC-80N)", "road": "NC-80", "common_name": "NC-80N", "county": "Yancey", "closed_at": "2024-10-02T21:07:00Z", "reopened_at": "2024-10-16T14:00:04.370000Z", "est_end_at": "2024-10-31T22:07:00Z", "last_update_at": "2024-10-09T18:57:36Z", "condition": "Road Impassable", "description": "10/2/24 @ 5:17PM 1st bridge on NC-80N is destroyed. Temporary pipe/culvert will be installed at a later time.", "location": "East of Burnsville / Both Directions", "severity": 3, "is_full_closure": null, "geom_kind": "line", "feed_status": "historical", "provenance": "real: NCDOT TIMS via ArcGIS FeatureServer", "source_url": "https://services.arcgis.com/NuWFvHYDMVmmxMeM/arcgis/rest/services/State_Maintained_Historical_TIMS_Incidents_Hurricane_Helene/FeatureServer/1"}}, {"type": "Feature", "geometry": {"type": "LineString", "coordinates": [[-82.37069, 35.61659], [-82.3706, 35.61805], [-82.37052, 35.61833], [-82.37018, 35.61906], [-82.36976, 35.61975]]}, "properties": {"id": "tims-714753", "tims_id": 714753, "road_name": "SR-2468 (Lake Eden Rd)", "road": "SR-2468", "common_name": "Lake Eden Rd", "county": "Buncombe", "closed_at": "2024-10-02T23:30:00Z", "reopened_at": "2024-10-09T16:10:13.476000Z", "est_end_at": "2024-10-31T16:00:00Z", "last_update_at": "2024-10-09T15:06:53Z", "condition": "Road Closed", "description": "The road is closed near Eden Glen Rd due to storm-related damage.", "location": "Near Black Mountain / Both Directions", "severity": 2, "is_full_closure": null, "geom_kind": "line", "feed_status": "historical", "provenance": "real: NCDOT TIMS via ArcGIS FeatureServer", "source_url": "https://services.arcgis.com/NuWFvHYDMVmmxMeM/arcgis/rest/services/State_Maintained_Historical_TIMS_Incidents_Hurricane_Helene/FeatureServer/1"}}, {"type": "Feature", "geometry": {"type": "LineString", "coordinates": [[-82.31313, 35.63712], [-82.31297, 35.63688], [-82.31292, 35.63667], [-82.31298, 35.63644], [-82.31376, 35.63586], [-82.31428, 35.63481], [-82.31455, 35.63385]]}, "properties": {"id": "tims-714754", "tims_id": 714754, "road_name": "SR-2515 (Flat Creek Rd)", "road": "SR-2515", "common_name": "Flat Creek Rd", "county": "Buncombe", "closed_at": "2024-10-02T23:35:00Z", "reopened_at": "2025-02-17T20:00:04.361000Z", "est_end_at": "2025-02-28T17:00:00Z", "last_update_at": "2025-01-20T11:18:31Z", "condition": "Road Closed", "description": "The road is closed near Montreat Rd.", "location": "North of Black Mountain / Both Directions", "severity": 2, "is_full_closure": null, "geom_kind": "line", "feed_status": "historical", "provenance": "real: NCDOT TIMS via ArcGIS FeatureServer", "source_url": "https://services.arcgis.com/NuWFvHYDMVmmxMeM/arcgis/rest/services/State_Maintained_Historical_TIMS_Incidents_Hurricane_Helene/FeatureServer/1"}}, {"type": "Feature", "geometry": {"type": "LineString", "coordinates": [[-82.90437, 35.34023], [-82.90384, 35.33996], [-82.90371, 35.33986], [-82.90378, 35.33939], [-82.90378, 35.33901], [-82.90371, 35.33862], [-82.90364, 35.33839], [-82.90345, 35.33826], [-82.90327, 35.33825], [-82.90305, 35.3383], [-82.90294, 35.33849], [-82.90292, 35.33875], [-82.90277, 35.33895], [-82.90214, 35.33915], [-82.90174, 35.33935], [-82.90135, 35.33951], [-82.90112, 35.33957], [-82.90093, 35.33956], [-82.90094, 35.33939], [-82.90122, 35.3392], [-82.90179, 35.33887], [-82.9021, 35.33851], [-82.90244, 35.3381], [-82.90272, 35.33752]]}, "properties": {"id": "tims-714765", "tims_id": 714765, "road_name": "NC-215 (Lake Logan Road)", "road": "NC-215", "common_name": "Lake Logan Road", "county": "Haywood", "closed_at": "2024-10-03T01:15:00Z", "reopened_at": "2024-12-13T18:10:04.253000Z", "est_end_at": "2025-01-31T17:00:00Z", "last_update_at": "2024-12-12T12:19:00Z", "condition": "Road Closed", "description": "The road is closed North of Blue Ridge Pkwy.", "location": "South of Lake Junaluska / Both Directions", "severity": 3, "is_full_closure": null, "geom_kind": "line", "feed_status": "historical", "provenance": "real: NCDOT TIMS via ArcGIS FeatureServer", "source_url": "https://services.arcgis.com/NuWFvHYDMVmmxMeM/arcgis/rest/services/State_Maintained_Historical_TIMS_Incidents_Hurricane_Helene/FeatureServer/1"}}, {"type": "Feature", "geometry": {"type": "LineString", "coordinates": [[-82.90242, 35.45076], [-82.90025, 35.45147], [-82.90004, 35.45162], [-82.89873, 35.45298]]}, "properties": {"id": "tims-714767", "tims_id": 714767, "road_name": "NC-215", "road": "NC-215", "common_name": "", "county": "Haywood", "closed_at": "2024-10-03T01:18:00Z", "reopened_at": "2024-10-10T19:10:06.483000Z", "est_end_at": "2024-10-31T16:00:00Z", "last_update_at": "2024-10-10T15:08:08Z", "condition": "Road Closed", "description": "The road is closed near Rocky Branch Rd.", "location": "South East of Waynesville / Both Directions", "severity": 3, "is_full_closure": null, "geom_kind": "line", "feed_status": "historical", "provenance": "real: NCDOT TIMS via ArcGIS FeatureServer", "source_url": "https://services.arcgis.com/NuWFvHYDMVmmxMeM/arcgis/rest/services/State_Maintained_Historical_TIMS_Incidents_Hurricane_Helene/FeatureServer/1"}}, {"type": "Feature", "geometry": {"type": "LineString", "coordinates": [[-82.84463, 35.45815], [-82.84323, 35.45765], [-82.84236, 35.45698], [-82.84182, 35.45638], [-82.84152, 35.45561], [-82.84139, 35.45459], [-82.84128, 35.45356], [-82.84103, 35.45319], [-82.84075, 35.45281]]}, "properties": {"id": "tims-714768", "tims_id": 714768, "road_name": "US-276", "road": "US-276", "common_name": "", "county": "Haywood", "closed_at": "2024-10-03T01:29:00Z", "reopened_at": "2024-10-14T14:40:05.902000Z", "est_end_at": "2024-10-31T16:00:00Z", "last_update_at": "2024-10-10T15:07:51Z", "condition": "Road Closed", "description": "The road is closed near Old Michael Rd.", "location": "South of Canton / Both Directions", "severity": 3, "is_full_closure": null, "geom_kind": "line", "feed_status": "historical", "provenance": "real: NCDOT TIMS via ArcGIS FeatureServer", "source_url": "https://services.arcgis.com/NuWFvHYDMVmmxMeM/arcgis/rest/services/State_Maintained_Historical_TIMS_Incidents_Hurricane_Helene/FeatureServer/1"}}, {"type": "Feature", "geometry": {"type": "LineString", "coordinates": [[-82.35183, 36.01581], [-82.35072, 36.01553]]}, "properties": {"id": "tims-714779", "tims_id": 714779, "road_name": "US-19", "road": "US-19", "common_name": "", "county": "Yancey", "closed_at": "2024-10-03T09:58:00Z", "reopened_at": "2024-12-13T13:40:08.783000Z", "est_end_at": "2025-01-31T17:00:00Z", "last_update_at": "2024-12-12T21:51:03Z", "condition": "Road Closed", "description": "The road is closed near Hunting Dale Road.", "location": "North of Burnsville / Both Directions", "severity": 1, "is_full_closure": null, "geom_kind": "line", "feed_status": "historical", "provenance": "real: NCDOT TIMS via ArcGIS FeatureServer", "source_url": "https://services.arcgis.com/NuWFvHYDMVmmxMeM/arcgis/rest/services/State_Maintained_Historical_TIMS_Incidents_Hurricane_Helene/FeatureServer/1"}}, {"type": "Feature", "geometry": {"type": "LineString", "coordinates": [[-82.44216, 36.03822], [-82.44157, 36.03752], [-82.44138, 36.03716], [-82.43843, 36.03574], [-82.43791, 36.03582], [-82.43693, 36.03643], [-82.436, 36.03626], [-82.435, 36.03603], [-82.43374, 36.03617], [-82.43254, 36.03587], [-82.43115, 36.03563], [-82.42896, 36.03533], [-82.42548, 36.03401], [-82.42493, 36.03397], [-82.42409, 36.03386], [-82.42164, 36.03291], [-82.42057, 36.03223], [-82.41951, 36.03158], [-82.41904, 36.03146], [-82.41797, 36.03169], [-82.41694, 36.03206], [-82.41637, 36.03194], [-82.41547, 36.03175], [-82.41453, 36.03169], [-82.41259, 36.0319], [-82.41071, 36.03156], [-82.40863, 36.03258], [-82.40711, 36.03255], [-82.40548, 36.03368], [-82.40455, 36.03364], [-82.40344, 36.03439], [-82.40116, 36.0346], [-82.39998, 36.03448]]}, "properties": {"id": "tims-714798", "tims_id": 714798, "road_name": "US-19", "road": "US-19", "common_name": "", "county": "Yancey", "closed_at": "2024-10-03T12:00:00Z", "reopened_at": "2024-12-13T13:50:19.769000Z", "est_end_at": "2025-01-31T22:00:00Z", "last_update_at": "2024-12-12T20:52:25Z", "condition": "Road Closed", "description": "The road is closed near the NC / TN state line, per truck restrictions.", "location": "In TN State Line / Both Directions", "severity": 3, "is_full_closure": null, "geom_kind": "line", "feed_status": "historical", "provenance": "real: NCDOT TIMS via ArcGIS FeatureServer", "source_url": "https://services.arcgis.com/NuWFvHYDMVmmxMeM/arcgis/rest/services/State_Maintained_Historical_TIMS_Incidents_Hurricane_Helene/FeatureServer/1"}}, {"type": "Feature", "geometry": {"type": "LineString", "coordinates": [[-82.91246, 35.91789], [-82.91091, 35.91782], [-82.9098, 35.918], [-82.90821, 35.91886], [-82.90718, 35.91921], [-82.90598, 35.91904], [-82.90503, 35.91848], [-82.90448, 35.91751], [-82.90392, 35.91706], [-82.9031, 35.91678], [-82.90087, 35.91574], [-82.90102, 35.9158], [-82.89963, 35.91463], [-82.89775, 35.91266], [-82.89602, 35.91104], [-82.89529, 35.91065], [-82.8946, 35.91058], [-82.89344, 35.91079], [-82.89219, 35.91107], [-82.89137, 35.91088], [-82.89047, 35.91027], [-82.89002, 35.90958], [-82.88818, 35.90754], [-82.88659, 35.90655], [-82.88235, 35.90438], [-82.8808, 35.9039], [-82.87961, 35.90381], [-82.87814, 35.90413], [-82.87695, 35.90466], [-82.87573, 35.90547], [-82.87495, 35.9057], [-82.87411, 35.90578], [-82.86977, 35.90541], [-82.86903, 35.90518], [-82.86833, 35.90468], [-82.86784, 35.90413], [-82.86672, 35.90287], [-82.86568, 35.90148], [-82.86537, 35.90101], [-82.8647, 35.9004], [-82.8639, 35.89989], [-82.86313, 35.89951], [-82.86194, 35.89918], [-82.86083, 35.89908], [-82.85936, 35.89918], [-82.85675, 35.90009], [-82.85522, 35.90048], [-82.85391, 35.90059], [-82.85124, 35.90053], [-82.85055, 35.90064], [-82.84806, 35.90142], [-82.84747, 35.90149], [-82.84681, 35.90136], [-82.84631, 35.9011], [-82.84587, 35.90076], [-82.84466, 35.89887], [-82.84441, 35.89866], [-82.84396, 35.89839], [-82.843, 35.898], [-82.84097, 35.89678], [-82.83967, 35.89602], [-82.83928, 35.89581], [-82.83787, 35.89538], [-82.83718, 35.89497], [-82.83675, 35.89443], [-82.83635, 35.89396], [-82.83469, 35.89322], [-82.83395, 35.89265], [-82.83323, 35.89195], [-82.83243, 35.89125], [-82.83221, 35.89117], [-82.83186, 35.89118], [-82.83143, 35.89153], [-82.83058, 35.89288], [-82.83037, 35.89302], [-82.83002, 35.89297], [-82.82983, 35.8927], [-82.82961, 35.89216], [-82.82932, 35.89191], [-82.82732, 35.89282], [-82.82555, 35.89353], [-82.82469, 35.89372], [-82.8238, 35.89371], [-82.82234, 35.89361], [-82.82129, 35.89351], [-82.82021, 35.89313], [-82.81876, 35.89324]]}, "properties": {"id": "tims-714804", "tims_id": 714804, "road_name": "US-25", "road": "US-25", "common_name": "", "county": "Madison", "closed_at": "2024-10-03T12:30:00Z", "reopened_at": "2025-03-17T23:20:03.680000Z", "est_end_at": "2025-12-31T17:00:00Z", "last_update_at": "2024-12-12T16:18:43Z", "condition": "Road Closed", "description": "The road is closed near the NC/TN state line per truck restrictions.", "location": "Near TN State Line / Mile Marker 0 to 0 Both Directions", "severity": 3, "is_full_closure": null, "geom_kind": "line", "feed_status": "historical", "provenance": "real: NCDOT TIMS via ArcGIS FeatureServer", "source_url": "https://services.arcgis.com/NuWFvHYDMVmmxMeM/arcgis/rest/services/State_Maintained_Historical_TIMS_Incidents_Hurricane_Helene/FeatureServer/1"}}, {"type": "Feature", "geometry": {"type": "LineString", "coordinates": [[-82.78529, 35.98702], [-82.7822, 35.98764], [-82.7786, 35.98757], [-82.77755, 35.98773], [-82.77624, 35.98847], [-82.77484, 35.98858], [-82.77293, 35.98872], [-82.77117, 35.98846], [-82.76941, 35.98785], [-82.76723, 35.98669], [-82.7659, 35.98597], [-82.76478, 35.98481], [-82.76386, 35.984], [-82.76285, 35.98406], [-82.76201, 35.98419], [-82.75931, 35.98164], [-82.75787, 35.98002], [-82.75707, 35.97926], [-82.75662, 35.9782], [-82.75624, 35.97735], [-82.75409, 35.97709], [-82.75381, 35.97645], [-82.75388, 35.97542], [-82.75195, 35.96863], [-82.75205, 35.96794], [-82.75263, 35.96715], [-82.75552, 35.96402], [-82.75559, 35.96296], [-82.75409, 35.95919], [-82.75216, 35.95823], [-82.75027, 35.95722], [-82.74798, 35.95461], [-82.74774, 35.95378], [-82.748, 35.95306], [-82.74873, 35.95197], [-82.74978, 35.9511], [-82.74985, 35.95047], [-82.74716, 35.94965], [-82.74587, 35.94885], [-82.74433, 35.94786], [-82.74403, 35.94699], [-82.74491, 35.94474], [-82.74564, 35.94348], [-82.74568, 35.94308], [-82.74484, 35.94238], [-82.7434, 35.94131], [-82.74262, 35.93978], [-82.74286, 35.93863], [-82.74361, 35.93792], [-82.74402, 35.93676], [-82.74353, 35.93554], [-82.74333, 35.93512], [-82.74415, 35.93408], [-82.74457, 35.93242], [-82.74624, 35.93089], [-82.74607, 35.93025], [-82.74556, 35.93004], [-82.74459, 35.92948], [-82.74401, 35.9287], [-82.74403, 35.92809], [-82.74444, 35.92771], [-82.74622, 35.92708], [-82.74665, 35.9259], [-82.74734, 35.92513], [-82.7482, 35.92527], [-82.75026, 35.9265], [-82.75041, 35.92742], [-82.75013, 35.92802], [-82.75028, 35.92878], [-82.7509, 35.92911], [-82.7559, 35.92897], [-82.75646, 35.9284], [-82.75678, 35.92683], [-82.75629, 35.9264], [-82.75586, 35.92636], [-82.75397, 35.92736], [-82.75356, 35.92737], [-82.75292, 35.92706], [-82.75264, 35.92631], [-82.75253, 35.92543], [-82.75271, 35.92451], [-82.75223, 35.9239], [-82.75146, 35.92308], [-82.75159, 35.92289], [-82.75215, 35.92247], [-82.75571, 35.92301], [-82.75794, 35.92256], [-82.76038, 35.9224], [-82.76126, 35.92106], [-82.76136, 35.92021], [-82.76107, 35.91915], [-82.76022, 35.918], [-82.75921, 35.91743], [-82.75884, 35.91736], [-82.75768, 35.91723], [-82.75708, 35.91645], [-82.75679, 35.91547], [-82.75701, 35.91408]]}, "properties": {"id": "tims-714801", "tims_id": 714801, "road_name": "NC-208", "road": "NC-208", "common_name": "", "county": "Madison", "closed_at": "2024-10-03T12:30:00Z", "reopened_at": "2025-04-24T00:20:04.170000Z", "est_end_at": "2025-12-31T22:00:00Z", "last_update_at": "2025-03-24T16:02:20Z", "condition": "Road Closed", "description": "The road is closed at US 25/70, per truck restrictions.", "location": "Near TN State Line / Both Directions", "severity": 3, "is_full_closure": null, "geom_kind": "line", "feed_status": "historical", "provenance": "real: NCDOT TIMS via ArcGIS FeatureServer", "source_url": "https://services.arcgis.com/NuWFvHYDMVmmxMeM/arcgis/rest/services/State_Maintained_Historical_TIMS_Incidents_Hurricane_Helene/FeatureServer/1"}}, {"type": "Feature", "geometry": {"type": "LineString", "coordinates": [[-82.60846, 36.01058], [-82.609, 36.0101], [-82.60965, 36.00995], [-82.61047, 36.01014], [-82.61161, 36.01018], [-82.61211, 36.01001], [-82.61286, 36.00926], [-82.61443, 36.00667], [-82.61505, 36.00632], [-82.61605, 36.00603], [-82.61654, 36.00564], [-82.61773, 36.00524], [-82.61852, 36.00517], [-82.61893, 36.00479], [-82.61915, 36.00412], [-82.61956, 36.00392], [-82.61991, 36.00393], [-82.62027, 36.00412], [-82.62065, 36.00411], [-82.62184, 36.00351], [-82.62168, 36.00291], [-82.62193, 36.00268], [-82.62227, 36.00266], [-82.62299, 36.00304], [-82.62364, 36.00341], [-82.62399, 36.00341], [-82.62425, 36.00311], [-82.62442, 36.00259], [-82.62482, 36.00227], [-82.6267, 36.00167], [-82.62713, 36.00135], [-82.62759, 36.00129], [-82.62855, 36.00165], [-82.62912, 36.00194], [-82.63002, 36.00248], [-82.63016, 36.00273], [-82.62924, 36.00387], [-82.62873, 36.00423], [-82.62896, 36.00489], [-82.62971, 36.0056], [-82.63039, 36.00576], [-82.63079, 36.0059], [-82.63038, 36.00779], [-82.62973, 36.00832], [-82.62925, 36.00893], [-82.62904, 36.00951], [-82.62916, 36.00981], [-82.63042, 36.00911], [-82.6311, 36.00845], [-82.63336, 36.00675], [-82.63429, 36.00619], [-82.63492, 36.00479], [-82.6357, 36.00438], [-82.63592, 36.00392], [-82.63636, 36.00354], [-82.63721, 36.0037], [-82.63783, 36.00363], [-82.63873, 36.00412], [-82.64053, 36.00447], [-82.64233, 36.0056], [-82.64313, 36.00579], [-82.64516, 36.00522], [-82.64568, 36.00479], [-82.64577, 36.00442], [-82.64568, 36.00398], [-82.64465, 36.00308], [-82.64447, 36.00232], [-82.64492, 36.00042], [-82.64553, 35.99956], [-82.64632, 35.99924], [-82.6471, 35.99918], [-82.64853, 35.99927], [-82.65018, 35.9986], [-82.65143, 35.99782], [-82.65309, 35.9967], [-82.65522, 35.99495], [-82.65628, 35.99462], [-82.65819, 35.99432], [-82.65939, 35.99359], [-82.66159, 35.9914], [-82.66247, 35.99101], [-82.66532, 35.99087], [-82.66638, 35.99052], [-82.66911, 35.9888], [-82.67112, 35.98816], [-82.67728, 35.98696], [-82.67839, 35.98713], [-82.68136, 35.98817], [-82.68329, 35.98916], [-82.68426, 35.98984], [-82.68566, 35.99146], [-82.68656, 35.99191], [-82.68747, 35.99192], [-82.68883, 35.99122], [-82.68907, 35.99062], [-82.68942, 35.98805], [-82.68983, 35.98671], [-82.69088, 35.98462], [-82.69135, 35.98341], [-82.69207, 35.98061], [-82.69264, 35.97916], [-82.69324, 35.9786], [-82.69437, 35.97803], [-82.6956, 35.97792], [-82.69647, 35.97806], [-82.69913, 35.97898], [-82.6998, 35.97913], [-82.70099, 35.97908], [-82.70167, 35.97891], [-82.70583, 35.9772], [-82.70643, 35.9767], [-82.70675, 35.97614], [-82.70683, 35.97558], [-82.7067, 35.97483], [-82.70443, 35.9694], [-82.70408, 35.96873], [-82.70352, 35.9682], [-82.70227, 35.96753], [-82.70119, 35.96703], [-82.70063, 35.96657], [-82.70046, 35.96587], [-82.7006, 35.96501], [-82.70272, 35.96076], [-82.70294, 35.95994], [-82.70296, 35.95934], [-82.70261, 35.95832], [-82.7027, 35.95759], [-82.70351, 35.95644], [-82.70624, 35.95496], [-82.70722, 35.95504], [-82.70805, 35.95512], [-82.70886, 35.95529], [-82.70959, 35.95527], [-82.71097, 35.95489], [-82.71173, 35.95436], [-82.71189, 35.9538], [-82.71201, 35.95306], [-82.71217, 35.95172], [-82.71244, 35.95137], [-82.71295, 35.95124], [-82.71482, 35.95131], [-82.71558, 35.95172], [-82.71671, 35.95233], [-82.71866, 35.95276], [-82.72059, 35.953], [-82.72121, 35.95289], [-82.7218, 35.95249], [-82.72224, 35.9519], [-82.72237, 35.95086], [-82.72275, 35.95002], [-82.72394, 35.94934], [-82.7244, 35.94907], [-82.72458, 35.94844], [-82.72424, 35.94751], [-82.72385, 35.94717], [-82.72387, 35.94666], [-82.72451, 35.94622], [-82.72482, 35.94608], [-82.72543, 35.94617], [-82.72765, 35.94677], [-82.72831, 35.94666], [-82.72893, 35.94606], [-82.72968, 35.94482], [-82.72988, 35.94413], [-82.72996, 35.94186], [-82.72978, 35.9415], [-82.72879, 35.94106], [-82.7274, 35.94003], [-82.72728, 35.93961], [-82.72905, 35.93768], [-82.72911, 35.93717], [-82.72893, 35.93508], [-82.72915, 35.93464], [-82.72952, 35.93442], [-82.72984, 35.9344], [-82.73034, 35.93457], [-82.73061, 35.93487], [-82.7309, 35.9356], [-82.73135, 35.93604], [-82.7317, 35.93615], [-82.73217, 35.93619], [-82.73268, 35.93595], [-82.73302, 35.93543], [-82.73282, 35.93448], [-82.73299, 35.93404], [-82.73351, 35.93343], [-82.73404, 35.9329], [-82.73502, 35.93232], [-82.73591, 35.93171], [-82.73987, 35.93052], [-82.74071, 35.93055], [-82.74117, 35.9307], [-82.74134, 35.93099], [-82.74135, 35.93153], [-82.74081, 35.93293], [-82.74087, 35.93329], [-82.74117, 35.93368], [-82.74321, 35.93521], [-82.74336, 35.93524]]}, "properties": {"id": "tims-714803", "tims_id": 714803, "road_name": "NC-212 (NC-212)", "road": "NC-212", "common_name": "NC-212", "county": "Madison", "closed_at": "2024-10-03T12:30:00Z", "reopened_at": "2025-04-24T00:20:04.170000Z", "est_end_at": "2025-12-31T22:00:00Z", "last_update_at": "2025-03-24T16:02:03Z", "condition": "Road Closed", "description": "The road is closed between NC 208 and the NC/TN state line, per truck restrictions.", "location": "Near TN State Line / Both Directions", "severity": 3, "is_full_closure": null, "geom_kind": "line", "feed_status": "historical", "provenance": "real: NCDOT TIMS via ArcGIS FeatureServer", "source_url": "https://services.arcgis.com/NuWFvHYDMVmmxMeM/arcgis/rest/services/State_Maintained_Historical_TIMS_Incidents_Hurricane_Helene/FeatureServer/1"}}, {"type": "Feature", "geometry": {"type": "LineString", "coordinates": [[-83.10257, 35.77716], [-83.10095, 35.7759], [-83.10047, 35.77536], [-83.0999, 35.77493], [-83.10003, 35.7741], [-83.10065, 35.77373], [-83.10122, 35.77294], [-83.10117, 35.77232], [-83.10075, 35.77147], [-83.10093, 35.77107], [-83.10161, 35.77053], [-83.10183, 35.76983], [-83.10157, 35.7688], [-83.10138, 35.76793], [-83.10146, 35.76739], [-83.10229, 35.76635], [-83.10257, 35.76574], [-83.10313, 35.76509], [-83.10343, 35.76403], [-83.10483, 35.76244]]}, "properties": {"id": "tims-714808", "tims_id": 714808, "road_name": "SR-1332 (Waterville Road)", "road": "SR-1332", "common_name": "Waterville Road", "county": "Haywood", "closed_at": "2024-10-03T12:30:00Z", "reopened_at": "2025-04-24T00:28:48.174000Z", "est_end_at": "2025-10-31T21:00:00Z", "last_update_at": "2025-03-24T16:01:27Z", "condition": "Road Closed", "description": "The road is closed near the NC/TN state line, per truck restrictions.", "location": "Near TN State Line / Both Directions", "severity": 2, "is_full_closure": null, "geom_kind": "line", "feed_status": "historical", "provenance": "real: NCDOT TIMS via ArcGIS FeatureServer", "source_url": "https://services.arcgis.com/NuWFvHYDMVmmxMeM/arcgis/rest/services/State_Maintained_Historical_TIMS_Incidents_Hurricane_Helene/FeatureServer/1"}}, {"type": "Feature", "geometry": {"type": "LineString", "coordinates": [[-83.11169, 35.77188], [-83.11129, 35.77059], [-83.11015, 35.77025], [-83.10977, 35.76992], [-83.10956, 35.76921], [-83.10945, 35.76857], [-83.10871, 35.7677], [-83.10868, 35.76736], [-83.10841, 35.76706], [-83.10833, 35.76696], [-83.10844, 35.76689], [-83.10865, 35.76702], [-83.10913, 35.76771], [-83.10942, 35.7679], [-83.10966, 35.76805], [-83.10984, 35.76796], [-83.10977, 35.76758], [-83.1097, 35.76723], [-83.11001, 35.76635], [-83.11033, 35.76628], [-83.1106, 35.7663], [-83.11103, 35.76642], [-83.11113, 35.76638], [-83.11089, 35.76599], [-83.11051, 35.76568], [-83.10968, 35.76548], [-83.10866, 35.76487], [-83.10863, 35.76464], [-83.10801, 35.76446], [-83.10756, 35.76393], [-83.10722, 35.76347], [-83.10743, 35.76307], [-83.10771, 35.76298], [-83.10771, 35.76279], [-83.10713, 35.76282], [-83.10604, 35.76316], [-83.10483, 35.76246], [-83.10281, 35.76155], [-83.10232, 35.76128], [-83.10207, 35.76137], [-83.10234, 35.76171], [-83.10239, 35.76183], [-83.10223, 35.7618], [-83.10202, 35.76167], [-83.1017, 35.76137], [-83.10137, 35.76073], [-83.10115, 35.76024], [-83.10057, 35.75966]]}, "properties": {"id": "tims-714810", "tims_id": 714810, "road_name": "SR-1397 (Mount Sterling Road)", "road": "SR-1397", "common_name": "Mount Sterling Road", "county": "Haywood", "closed_at": "2024-10-03T12:30:00Z", "reopened_at": "2025-04-24T00:28:48.174000Z", "est_end_at": "2025-12-31T22:00:00Z", "last_update_at": "2025-03-24T15:58:14Z", "condition": "Road Closed", "description": "The road is closed near the NC/TN state line, per truck restrictions.", "location": "Near TN State Line / Both Directions", "severity": 2, "is_full_closure": null, "geom_kind": "line", "feed_status": "historical", "provenance": "real: NCDOT TIMS via ArcGIS FeatureServer", "source_url": "https://services.arcgis.com/NuWFvHYDMVmmxMeM/arcgis/rest/services/State_Maintained_Historical_TIMS_Incidents_Hurricane_Helene/FeatureServer/1"}}, {"type": "Feature", "geometry": {"type": "LineString", "coordinates": [[-82.93793, 35.82524], [-82.93803, 35.82509], [-82.93793, 35.82484], [-82.93806, 35.82445], [-82.93836, 35.82411], [-82.93851, 35.82404], [-82.93905, 35.82406], [-82.93927, 35.82418], [-82.93932, 35.8244], [-82.93924, 35.82467], [-82.93932, 35.82488], [-82.93958, 35.82504], [-82.9399, 35.82508], [-82.94012, 35.82498], [-82.94013, 35.82471], [-82.9402, 35.8245], [-82.94034, 35.82433], [-82.94054, 35.82432], [-82.94073, 35.82449], [-82.94084, 35.82476], [-82.94079, 35.82505], [-82.94077, 35.82524], [-82.94084, 35.82536], [-82.94113, 35.82528], [-82.9414, 35.82513], [-82.94159, 35.82507], [-82.94175, 35.82488], [-82.94185, 35.82477], [-82.94214, 35.82475], [-82.9423, 35.82464], [-82.94239, 35.82426], [-82.9424, 35.82402], [-82.94248, 35.82373], [-82.9426, 35.82338], [-82.94259, 35.82307], [-82.94259, 35.82295], [-82.9423, 35.82296], [-82.94201, 35.82301], [-82.94178, 35.82301], [-82.94173, 35.82282], [-82.94192, 35.8226], [-82.94208, 35.8221], [-82.94218, 35.82173], [-82.94211, 35.82148], [-82.94204, 35.82129], [-82.94215, 35.82114], [-82.94234, 35.82102], [-82.94243, 35.82076], [-82.94244, 35.82051], [-82.94254, 35.82034], [-82.94276, 35.82017], [-82.94294, 35.82018], [-82.94308, 35.82035], [-82.94314, 35.82077], [-82.94328, 35.82085], [-82.94356, 35.82079], [-82.94368, 35.82071], [-82.94406, 35.82066], [-82.9442, 35.82064], [-82.94438, 35.8205], [-82.94454, 35.82031], [-82.94477, 35.82023], [-82.94516, 35.82011], [-82.94518, 35.81997], [-82.94503, 35.81986], [-82.94484, 35.81974], [-82.9448, 35.81948], [-82.94484, 35.81937], [-82.9452, 35.81922], [-82.94555, 35.8189], [-82.94557, 35.81872], [-82.94524, 35.81847], [-82.94514, 35.81837], [-82.94524, 35.8182], [-82.94539, 35.81806], [-82.94553, 35.81794], [-82.94553, 35.81777], [-82.94536, 35.81756], [-82.94531, 35.81741], [-82.94531, 35.81709], [-82.94533, 35.81669], [-82.94547, 35.81623], [-82.94565, 35.81606], [-82.94587, 35.816], [-82.94627, 35.81604], [-82.94642, 35.81586], [-82.94653, 35.81564], [-82.94672, 35.81548], [-82.94699, 35.81539], [-82.94724, 35.81523], [-82.94722, 35.81474], [-82.94733, 35.8146], [-82.94754, 35.81455], [-82.9477, 35.81438], [-82.94781, 35.81424], [-82.94851, 35.81423], [-82.94866, 35.81414], [-82.94888, 35.81368], [-82.94903, 35.81341], [-82.94928, 35.81335], [-82.94942, 35.81332], [-82.95019, 35.81347], [-82.95057, 35.81369], [-82.95065, 35.81388], [-82.95057, 35.81422], [-82.95057, 35.81443], [-82.95125, 35.81461], [-82.95155, 35.81466], [-82.95173, 35.81456], [-82.95148, 35.8142], [-82.95156, 35.81398], [-82.95166, 35.81371], [-82.95207, 35.81369], [-82.95305, 35.81354], [-82.95325, 35.81341], [-82.95314, 35.81315], [-82.95281, 35.81264], [-82.95278, 35.81248], [-82.95286, 35.81215], [-82.95281, 35.81161], [-82.95282, 35.8112], [-82.95309, 35.81074], [-82.95313, 35.81057], [-82.95343, 35.81061], [-82.95372, 35.81068], [-82.95383, 35.81068], [-82.95396, 35.81044], [-82.95406, 35.81003], [-82.95424, 35.80972], [-82.95419, 35.80948], [-82.95339, 35.80881], [-82.95306, 35.80859], [-82.95298, 35.80777], [-82.95264, 35.80739], [-82.95267, 35.80694], [-82.95286, 35.80673], [-82.95314, 35.80662], [-82.95344, 35.80661], [-82.95378, 35.80642], [-82.95509, 35.80637], [-82.95531, 35.80629], [-82.95534, 35.8061], [-82.95515, 35.80586], [-82.95512, 35.80574], [-82.95528, 35.80561], [-82.95566, 35.80556], [-82.95603, 35.80515], [-82.95653, 35.80445], [-82.95682, 35.80426], [-82.95727, 35.80332], [-82.95774, 35.80274], [-82.95841, 35.80224], [-82.95871, 35.802], [-82.95958, 35.80105], [-82.96018, 35.80069], [-82.96047, 35.8004], [-82.96243, 35.79915], [-82.96244, 35.79856], [-82.96238, 35.79831], [-82.96298, 35.79572], [-82.96267, 35.79502], [-82.96256, 35.79391], [-82.96224, 35.79274], [-82.96053, 35.791], [-82.96016, 35.79073], [-82.96022, 35.78996], [-82.95984, 35.78942], [-82.95966, 35.78912], [-82.95987, 35.78832], [-82.95959, 35.78801], [-82.95944, 35.78778], [-82.9595, 35.78728], [-82.95945, 35.78695], [-82.95793, 35.78637], [-82.95753, 35.78594], [-82.9573, 35.78527], [-82.95733, 35.7847], [-82.95752, 35.78405], [-82.95741, 35.78342], [-82.95725, 35.78285], [-82.95676, 35.78255], [-82.9566, 35.78238], [-82.9569, 35.78198], [-82.95689, 35.78169], [-82.95719, 35.7814], [-82.9574, 35.78139], [-82.95765, 35.7814], [-82.95797, 35.7812], [-82.95833, 35.78113], [-82.95852, 35.78091], [-82.95846, 35.7807], [-82.95807, 35.78071], [-82.95767, 35.78094], [-82.95743, 35.78097], [-82.95682, 35.7807], [-82.95671, 35.78074], [-82.95647, 35.78121], [-82.95603, 35.78129], [-82.95562, 35.78123], [-82.95539, 35.78156], [-82.95506, 35.78157], [-82.95426, 35.78119], [-82.95388, 35.78031], [-82.95344, 35.78017], [-82.95304, 35.77962], [-82.95276, 35.77929], [-82.95272, 35.77898], [-82.95326, 35.7788], [-82.95336, 35.77851], [-82.95267, 35.77745], [-82.95223, 35.77701], [-82.95186, 35.77677], [-82.95171, 35.77675], [-82.95129, 35.77637], [-82.95096, 35.77621], [-82.94966, 35.77619], [-82.94942, 35.77604], [-82.94896, 35.77594], [-82.94892, 35.77581], [-82.94897, 35.77573], [-82.94931, 35.7758], [-82.94956, 35.77595], [-82.95027, 35.77583], [-82.95054, 35.77569], [-82.95074, 35.77522], [-82.95059, 35.77475], [-82.95049, 35.7746], [-82.95076, 35.77429], [-82.9514, 35.77415], [-82.95171, 35.77401], [-82.95192, 35.77374], [-82.95215, 35.77358], [-82.95241, 35.77345], [-82.95253, 35.77321], [-82.95253, 35.77283], [-82.95265, 35.77254], [-82.95277, 35.77239], [-82.95279, 35.77198]]}, "properties": {"id": "tims-714812", "tims_id": 714812, "road_name": "SR-1182 (Max Patch Road)", "road": "SR-1182", "common_name": "Max Patch Road", "county": "Madison", "closed_at": "2024-10-03T12:30:00Z", "reopened_at": "2025-04-24T00:28:48.174000Z", "est_end_at": "2025-12-31T22:00:00Z", "last_update_at": "2025-03-24T15:57:41Z", "condition": "Road Closed", "description": "The road is closed near the NC/TN state line, per truck restrictions.", "location": "Near TN State Line / Both Directions", "severity": 2, "is_full_closure": null, "geom_kind": "line", "feed_status": "historical", "provenance": "real: NCDOT TIMS via ArcGIS FeatureServer", "source_url": "https://services.arcgis.com/NuWFvHYDMVmmxMeM/arcgis/rest/services/State_Maintained_Historical_TIMS_Incidents_Hurricane_Helene/FeatureServer/1"}}, {"type": "Feature", "geometry": {"type": "LineString", "coordinates": [[-82.53888, 35.96834], [-82.53949, 35.96854], [-82.53983, 35.96873], [-82.54046, 35.96917], [-82.5409, 35.96922], [-82.54118, 35.96928], [-82.54126, 35.96939]]}, "properties": {"id": "tims-714809", "tims_id": 714809, "road_name": "SR-1502 (Streets Gap Road)", "road": "SR-1502", "common_name": "Streets Gap Road", "county": "Madison", "closed_at": "2024-10-03T12:55:00Z", "reopened_at": "2025-04-24T00:28:48.174000Z", "est_end_at": "2025-12-31T22:00:00Z", "last_update_at": "2025-03-24T15:58:32Z", "condition": "Road Closed", "description": "The road is closed near the NC/TN line, per truck restrictions.", "location": "Near TN State Line / Both Directions", "severity": 2, "is_full_closure": null, "geom_kind": "line", "feed_status": "historical", "provenance": "real: NCDOT TIMS via ArcGIS FeatureServer", "source_url": "https://services.arcgis.com/NuWFvHYDMVmmxMeM/arcgis/rest/services/State_Maintained_Historical_TIMS_Incidents_Hurricane_Helene/FeatureServer/1"}}, {"type": "Feature", "geometry": {"type": "LineString", "coordinates": [[-82.90527, 35.90231], [-82.90557, 35.90225], [-82.90598, 35.90217], [-82.90644, 35.90205], [-82.90683, 35.90192]]}, "properties": {"id": "tims-714815", "tims_id": 714815, "road_name": "SR-1189 (Grassy Creek Road)", "road": "SR-1189", "common_name": "Grassy Creek Road", "county": "Madison", "closed_at": "2024-10-03T13:13:00Z", "reopened_at": "2025-04-24T00:28:48.174000Z", "est_end_at": "2025-12-31T22:00:00Z", "last_update_at": "2025-03-24T15:57:24Z", "condition": "Road Closed", "description": "The road is closed near the NC/TN line, per truck restrictions.", "location": "Near TN State Line / Both Directions", "severity": 2, "is_full_closure": null, "geom_kind": "line", "feed_status": "historical", "provenance": "real: NCDOT TIMS via ArcGIS FeatureServer", "source_url": "https://services.arcgis.com/NuWFvHYDMVmmxMeM/arcgis/rest/services/State_Maintained_Historical_TIMS_Incidents_Hurricane_Helene/FeatureServer/1"}}, {"type": "Feature", "geometry": {"type": "LineString", "coordinates": [[-82.9203, 35.86588], [-82.92042, 35.86583], [-82.92071, 35.86582], [-82.92084, 35.86578], [-82.921, 35.86565], [-82.92117, 35.86556], [-82.92134, 35.86545], [-82.92146, 35.86546], [-82.92155, 35.86552]]}, "properties": {"id": "tims-714818", "tims_id": 714818, "road_name": "SR-1183 (Upper Shut In Road)", "road": "SR-1183", "common_name": "Upper Shut In Road", "county": "Madison", "closed_at": "2024-10-03T13:20:00Z", "reopened_at": "2025-04-24T00:20:04.170000Z", "est_end_at": "2025-12-31T22:00:00Z", "last_update_at": "2025-03-24T15:57:03Z", "condition": "Road Closed", "description": "The road is closed near the NC/TN line, per truck restrictions.", "location": "Near TN State Line / Both Directions", "severity": 2, "is_full_closure": null, "geom_kind": "line", "feed_status": "historical", "provenance": "real: NCDOT TIMS via ArcGIS FeatureServer", "source_url": "https://services.arcgis.com/NuWFvHYDMVmmxMeM/arcgis/rest/services/State_Maintained_Historical_TIMS_Incidents_Hurricane_Helene/FeatureServer/1"}}, {"type": "Feature", "geometry": {"type": "LineString", "coordinates": [[-82.54458, 35.56707], [-82.54513, 35.56759], [-82.54763, 35.5687], [-82.54971, 35.56964]]}, "properties": {"id": "tims-714900", "tims_id": 714900, "road_name": "US-25 (McDowell Street)", "road": "US-25", "common_name": "McDowell Street", "county": "Buncombe", "closed_at": "2024-10-03T19:00:00Z", "reopened_at": "2024-10-16T00:10:04.347000Z", "est_end_at": "2024-10-31T16:00:00Z", "last_update_at": "2024-10-09T13:31:54Z", "condition": "Ramp Closed", "description": "The road is closed at Lodge Street.", "location": "In Asheville / Both Directions", "severity": 3, "is_full_closure": null, "geom_kind": "line", "feed_status": "historical", "provenance": "real: NCDOT TIMS via ArcGIS FeatureServer", "source_url": "https://services.arcgis.com/NuWFvHYDMVmmxMeM/arcgis/rest/services/State_Maintained_Historical_TIMS_Incidents_Hurricane_Helene/FeatureServer/1"}}, {"type": "Feature", "geometry": {"type": "LineString", "coordinates": [[-82.52007, 35.32638], [-82.52071, 35.32593], [-82.52101, 35.32516], [-82.52124, 35.32463], [-82.52144, 35.32441]]}, "properties": {"id": "tims-714874", "tims_id": 714874, "road_name": "SR-1215 (Turkey Falls)", "road": "SR-1215", "common_name": "Turkey Falls", "county": "Henderson", "closed_at": "2024-10-03T20:16:00Z", "reopened_at": "2024-10-07T21:20:07.203000Z", "est_end_at": "2024-10-07T21:16:00Z", "last_update_at": "2024-10-03T20:22:15Z", "condition": "Ramp Closed", "description": "The road is closed near brightwater falls road.", "location": "Near Balfour / Both Directions", "severity": 3, "is_full_closure": null, "geom_kind": "line", "feed_status": "historical", "provenance": "real: NCDOT TIMS via ArcGIS FeatureServer", "source_url": "https://services.arcgis.com/NuWFvHYDMVmmxMeM/arcgis/rest/services/State_Maintained_Historical_TIMS_Incidents_Hurricane_Helene/FeatureServer/1"}}, {"type": "Feature", "geometry": {"type": "LineString", "coordinates": [[-82.55003, 35.28938], [-82.55034, 35.28923], [-82.5505, 35.28903], [-82.5508, 35.28861], [-82.5509, 35.28816], [-82.55103, 35.28771], [-82.55112, 35.28756]]}, "properties": {"id": "tims-714880", "tims_id": 714880, "road_name": "SR-1194 (Patterson Road)", "road": "SR-1194", "common_name": "Patterson Road", "county": "Henderson", "closed_at": "2024-10-03T20:33:00Z", "reopened_at": "2024-10-03T21:40:03.965000Z", "est_end_at": "2024-10-03T21:33:00Z", "last_update_at": "2024-10-03T20:41:03Z", "condition": "Road Closed", "description": "The Road is closed near Big Willow Road", "location": "Near Balfour / Both Directions", "severity": 3, "is_full_closure": null, "geom_kind": "line", "feed_status": "historical", "provenance": "real: NCDOT TIMS via ArcGIS FeatureServer", "source_url": "https://services.arcgis.com/NuWFvHYDMVmmxMeM/arcgis/rest/services/State_Maintained_Historical_TIMS_Incidents_Hurricane_Helene/FeatureServer/1"}}, {"type": "Feature", "geometry": {"type": "LineString", "coordinates": [[-82.1624, 35.64301], [-82.15922, 35.64514]]}, "properties": {"id": "tims-714882", "tims_id": 714882, "road_name": "US-70", "road": "US-70", "common_name": "", "county": "McDowell", "closed_at": "2024-10-03T20:41:00Z", "reopened_at": "2024-10-21T18:00:04.783000Z", "est_end_at": "2024-10-31T21:00:00Z", "last_update_at": "2024-10-10T12:37:41Z", "condition": "Road Closed", "description": "The road is closed from Summerset Park to Greenlee Road.", "location": "Near Old Fort / Both Directions", "severity": 3, "is_full_closure": null, "geom_kind": "line", "feed_status": "historical", "provenance": "real: NCDOT TIMS via ArcGIS FeatureServer", "source_url": "https://services.arcgis.com/NuWFvHYDMVmmxMeM/arcgis/rest/services/State_Maintained_Historical_TIMS_Incidents_Hurricane_Helene/FeatureServer/1"}}, {"type": "Feature", "geometry": {"type": "LineString", "coordinates": [[-82.00191, 35.83639], [-82.00247, 35.83522]]}, "properties": {"id": "tims-714885", "tims_id": 714885, "road_name": "US-221 (US 221 North)", "road": "US-221", "common_name": "US 221 North", "county": "McDowell", "closed_at": "2024-10-03T20:47:00Z", "reopened_at": "2024-11-01T13:40:04.023000Z", "est_end_at": "2024-11-30T17:00:00Z", "last_update_at": "2024-10-31T11:06:13Z", "condition": "Road Closed", "description": "The road is closed near Peppers Creek Road.", "location": "Near Woodlawn / Heading South", "severity": 3, "is_full_closure": null, "geom_kind": "line", "feed_status": "historical", "provenance": "real: NCDOT TIMS via ArcGIS FeatureServer", "source_url": "https://services.arcgis.com/NuWFvHYDMVmmxMeM/arcgis/rest/services/State_Maintained_Historical_TIMS_Incidents_Hurricane_Helene/FeatureServer/1"}}, {"type": "Feature", "geometry": {"type": "LineString", "coordinates": [[-81.97788, 35.84366], [-81.9769, 35.8443], [-81.97548, 35.84556], [-81.97482, 35.8462], [-81.97264, 35.84802], [-81.97081, 35.84968], [-81.97005, 35.85039], [-81.96657, 35.85354]]}, "properties": {"id": "tims-714886", "tims_id": 714886, "road_name": "US-221 (US 221 North)", "road": "US-221", "common_name": "US 221 North", "county": "McDowell", "closed_at": "2024-10-03T20:47:00Z", "reopened_at": "2024-11-01T13:40:04.023000Z", "est_end_at": "2024-11-30T17:00:00Z", "last_update_at": "2024-10-31T11:05:00Z", "condition": "Road Closed", "description": "The road is closed at Pitts Station Road.", "location": "Near Woodlawn / Heading North", "severity": 3, "is_full_closure": null, "geom_kind": "line", "feed_status": "historical", "provenance": "real: NCDOT TIMS via ArcGIS FeatureServer", "source_url": "https://services.arcgis.com/NuWFvHYDMVmmxMeM/arcgis/rest/services/State_Maintained_Historical_TIMS_Incidents_Hurricane_Helene/FeatureServer/1"}}, {"type": "Feature", "geometry": {"type": "LineString", "coordinates": [[-82.05101, 35.85234], [-82.05139, 35.85167], [-82.05217, 35.85126], [-82.05307, 35.85084], [-82.05371, 35.85087], [-82.05487, 35.85108], [-82.05586, 35.85094], [-82.05684, 35.85056], [-82.058, 35.84997], [-82.05826, 35.84934], [-82.05878, 35.84889], [-82.05972, 35.84886], [-82.06032, 35.8492], [-82.06096, 35.8492], [-82.06204, 35.84914], [-82.06255, 35.84907], [-82.06298, 35.84886], [-82.06324, 35.84924], [-82.06401, 35.84952], [-82.06478, 35.84969], [-82.06521, 35.84959], [-82.06646, 35.84941], [-82.06744, 35.84865], [-82.069, 35.84921], [-82.06939, 35.84938], [-82.07222, 35.84928], [-82.07286, 35.84914], [-82.07338, 35.84879], [-82.07372, 35.84831], [-82.07393, 35.84789], [-82.07458, 35.84785], [-82.07535, 35.84782], [-82.0772, 35.84803], [-82.07844, 35.84841], [-82.08053, 35.8473], [-82.08092, 35.84733], [-82.08182, 35.84893], [-82.08225, 35.84934], [-82.08366, 35.849], [-82.08486, 35.8483], [-82.08525, 35.84816], [-82.087, 35.84921], [-82.08898, 35.8499], [-82.08962, 35.85001], [-82.08996, 35.84976], [-82.09031, 35.84917], [-82.09039, 35.84886], [-82.09121, 35.84872], [-82.09206, 35.84893], [-82.09297, 35.84921], [-82.09365, 35.84917], [-82.09352, 35.84865], [-82.09322, 35.84802], [-82.09288, 35.8475], [-82.09245, 35.84701], [-82.09284, 35.8467], [-82.09318, 35.8467], [-82.09395, 35.84687], [-82.09412, 35.84611], [-82.09757, 35.845], [-82.09847, 35.84367], [-82.098, 35.84284], [-82.09801, 35.84207], [-82.09719, 35.8412], [-82.09681, 35.84065], [-82.09839, 35.83988], [-82.09955, 35.83825], [-82.09995, 35.83649]]}, "properties": {"id": "tims-714889", "tims_id": 714889, "road_name": "NC-226 ALT (NC 226 North)", "road": "NC-226 ALT", "common_name": "NC 226 North", "county": "McDowell", "closed_at": "2024-10-03T20:53:00Z", "reopened_at": "2025-05-13T18:20:06.078000Z", "est_end_at": "2025-05-31T21:00:00Z", "last_update_at": "2025-04-24T11:49:29Z", "condition": "Road Closed", "description": "The road is closed at NC 226.", "location": "Near Woodlawn / Both Directions", "severity": 3, "is_full_closure": null, "geom_kind": "line", "feed_status": "historical", "provenance": "real: NCDOT TIMS via ArcGIS FeatureServer", "source_url": "https://services.arcgis.com/NuWFvHYDMVmmxMeM/arcgis/rest/services/State_Maintained_Historical_TIMS_Incidents_Hurricane_Helene/FeatureServer/1"}}, {"type": "Feature", "geometry": {"type": "LineString", "coordinates": [[-82.29842, 35.43838], [-82.29937, 35.43801], [-82.29956, 35.43745], [-82.29977, 35.43676], [-82.3005, 35.43628], [-82.30143, 35.43592], [-82.30198, 35.43557], [-82.3022, 35.43509], [-82.3025, 35.43443], [-82.30265, 35.43377]]}, "properties": {"id": "tims-714890", "tims_id": 714890, "road_name": "US-64", "road": "US-64", "common_name": "", "county": "Henderson", "closed_at": "2024-10-03T20:55:00Z", "reopened_at": "2024-10-30T14:30:04.097000Z", "est_end_at": "2024-10-31T16:00:00Z", "last_update_at": "2024-10-22T22:13:56Z", "condition": "Road Closed", "description": "The Road is closed near Hominy Branch Road", "location": "Near Hendersonville / Both Directions", "severity": 3, "is_full_closure": null, "geom_kind": "line", "feed_status": "historical", "provenance": "real: NCDOT TIMS via ArcGIS FeatureServer", "source_url": "https://services.arcgis.com/NuWFvHYDMVmmxMeM/arcgis/rest/services/State_Maintained_Historical_TIMS_Incidents_Hurricane_Helene/FeatureServer/1"}}, {"type": "Feature", "geometry": {"type": "LineString", "coordinates": [[-82.0011, 35.83373], [-82.001, 35.83362], [-82.00093, 35.83343], [-82.00092, 35.83306], [-82.00113, 35.83276], [-82.00123, 35.83249], [-82.00132, 35.83222], [-82.00122, 35.83199], [-82.00119, 35.83183], [-82.00102, 35.83164], [-82.00079, 35.83136], [-82.00061, 35.83125]]}, "properties": {"id": "tims-714896", "tims_id": 714896, "road_name": "SR-1573 (Pitts Station Road)", "road": "SR-1573", "common_name": "Pitts Station Road", "county": "McDowell", "closed_at": "2024-10-03T21:18:00Z", "reopened_at": "2024-10-03T22:20:03.741000Z", "est_end_at": "2024-10-03T22:18:00Z", "last_update_at": "2024-10-03T21:23:30Z", "condition": "Road Closed", "description": "The Road is closed near Old Linville Road", "location": "Near Marion / Both Directions", "severity": 3, "is_full_closure": null, "geom_kind": "line", "feed_status": "historical", "provenance": "real: NCDOT TIMS via ArcGIS FeatureServer", "source_url": "https://services.arcgis.com/NuWFvHYDMVmmxMeM/arcgis/rest/services/State_Maintained_Historical_TIMS_Incidents_Hurricane_Helene/FeatureServer/1"}}, {"type": "Feature", "geometry": {"type": "LineString", "coordinates": [[-81.98386, 35.86402], [-81.98285, 35.86454], [-81.98236, 35.86476], [-81.982, 35.86518]]}, "properties": {"id": "tims-714897", "tims_id": 714897, "road_name": "SR-1508 (Honeycutt Road)", "road": "SR-1508", "common_name": "Honeycutt Road", "county": "McDowell", "closed_at": "2024-10-03T21:24:00Z", "reopened_at": "2024-10-21T17:30:04.789000Z", "est_end_at": "2024-10-31T16:00:00Z", "last_update_at": "2024-10-10T12:35:13Z", "condition": "Road Closed", "description": "The Road is closed near Hidden Springs road", "location": "Near Marion / Both Directions", "severity": 3, "is_full_closure": null, "geom_kind": "line", "feed_status": "historical", "provenance": "real: NCDOT TIMS via ArcGIS FeatureServer", "source_url": "https://services.arcgis.com/NuWFvHYDMVmmxMeM/arcgis/rest/services/State_Maintained_Historical_TIMS_Incidents_Hurricane_Helene/FeatureServer/1"}}, {"type": "Feature", "geometry": {"type": "LineString", "coordinates": [[-82.31565, 35.4571], [-82.31607, 35.45682], [-82.31612, 35.45675], [-82.31612, 35.45663], [-82.31579, 35.4564], [-82.31563, 35.45625], [-82.31556, 35.45609], [-82.31554, 35.45582], [-82.31556, 35.45569], [-82.31554, 35.45583], [-82.31558, 35.45617], [-82.31568, 35.45633], [-82.31611, 35.45662], [-82.31612, 35.45677], [-82.31601, 35.45688], [-82.31569, 35.45706]]}, "properties": {"id": "tims-714899", "tims_id": 714899, "road_name": "SR-1602 (Grant Mountain Rd)", "road": "SR-1602", "common_name": "Grant Mountain Rd", "county": "Henderson", "closed_at": "2024-10-03T21:33:00Z", "reopened_at": "2024-10-30T14:30:04.097000Z", "est_end_at": "2024-10-31T04:00:00Z", "last_update_at": "2024-10-10T15:04:43Z", "condition": "Road Closed", "description": "The road is closed near Grand Oaks Dr", "location": "Near Fletcher / Both Directions", "severity": 2, "is_full_closure": null, "geom_kind": "line", "feed_status": "historical", "provenance": "real: NCDOT TIMS via ArcGIS FeatureServer", "source_url": "https://services.arcgis.com/NuWFvHYDMVmmxMeM/arcgis/rest/services/State_Maintained_Historical_TIMS_Incidents_Hurricane_Helene/FeatureServer/1"}}, {"type": "Feature", "geometry": {"type": "LineString", "coordinates": [[-82.84974, 35.46025], [-82.84899, 35.45989], [-82.84644, 35.45876]]}, "properties": {"id": "tims-714904", "tims_id": 714904, "road_name": "US-276", "road": "US-276", "common_name": "", "county": "Haywood", "closed_at": "2024-10-03T21:47:00Z", "reopened_at": "2024-10-14T14:40:05.902000Z", "est_end_at": "2024-10-31T16:47:00Z", "last_update_at": "2024-10-10T15:07:31Z", "condition": "Road Closed", "description": "The Road is closed near Old Michael Road.", "location": "Near Canton / Both Directions", "severity": 3, "is_full_closure": null, "geom_kind": "line", "feed_status": "historical", "provenance": "real: NCDOT TIMS via ArcGIS FeatureServer", "source_url": "https://services.arcgis.com/NuWFvHYDMVmmxMeM/arcgis/rest/services/State_Maintained_Historical_TIMS_Incidents_Hurricane_Helene/FeatureServer/1"}}, {"type": "Feature", "geometry": {"type": "LineString", "coordinates": [[-82.51154, 35.30303], [-82.51197, 35.30286], [-82.51204, 35.30281], [-82.51234, 35.30279], [-82.5125, 35.30289], [-82.51262, 35.303], [-82.5127, 35.30317], [-82.51277, 35.30332], [-82.51299, 35.30349], [-82.51323, 35.30357]]}, "properties": {"id": "tims-714907", "tims_id": 714907, "road_name": "SR-1171 (Finley Cove)", "road": "SR-1171", "common_name": "Finley Cove", "county": "Henderson", "closed_at": "2024-10-03T21:52:00Z", "reopened_at": "2024-10-30T14:30:04.097000Z", "est_end_at": "2024-10-31T16:00:00Z", "last_update_at": "2024-10-14T19:46:54Z", "condition": "Road Closed", "description": "The road is closed near Finely Ridge Road.", "location": "In SC State Line / Both Directions", "severity": 3, "is_full_closure": null, "geom_kind": "line", "feed_status": "historical", "provenance": "real: NCDOT TIMS via ArcGIS FeatureServer", "source_url": "https://services.arcgis.com/NuWFvHYDMVmmxMeM/arcgis/rest/services/State_Maintained_Historical_TIMS_Incidents_Hurricane_Helene/FeatureServer/1"}}, {"type": "Feature", "geometry": {"type": "LineString", "coordinates": [[-82.48751, 35.2816], [-82.48741, 35.28137], [-82.48734, 35.28096], [-82.48737, 35.27989], [-82.48734, 35.2792], [-82.48737, 35.27991], [-82.48734, 35.28095], [-82.48741, 35.28138], [-82.48752, 35.28161]]}, "properties": {"id": "tims-714915", "tims_id": 714915, "road_name": "SR-1139 (Nelson Valley Ln)", "road": "SR-1139", "common_name": "Nelson Valley Ln", "county": "Henderson", "closed_at": "2024-10-03T21:55:00Z", "reopened_at": "2024-10-30T14:30:04.097000Z", "est_end_at": "2024-10-31T04:00:00Z", "last_update_at": "2024-10-14T19:47:15Z", "condition": "Road Closed", "description": "The road is closed near Kanuga Rd", "location": "Near Valley Hill / Both Directions", "severity": 2, "is_full_closure": null, "geom_kind": "line", "feed_status": "historical", "provenance": "real: NCDOT TIMS via ArcGIS FeatureServer", "source_url": "https://services.arcgis.com/NuWFvHYDMVmmxMeM/arcgis/rest/services/State_Maintained_Historical_TIMS_Incidents_Hurricane_Helene/FeatureServer/1"}}, {"type": "Feature", "geometry": {"type": "LineString", "coordinates": [[-82.55144, 35.3026], [-82.55084, 35.30315], [-82.55068, 35.30336], [-82.55075, 35.30352], [-82.55108, 35.30358]]}, "properties": {"id": "tims-714918", "tims_id": 714918, "road_name": "SR-1194 (Patterson Road)", "road": "SR-1194", "common_name": "Patterson Road", "county": "Henderson", "closed_at": "2024-10-03T22:36:00Z", "reopened_at": "2024-10-30T14:30:04.097000Z", "est_end_at": "2024-10-31T16:00:00Z", "last_update_at": "2024-10-14T19:47:40Z", "condition": "Road Closed", "description": "The Road is closed near Willow Creek Road.", "location": "Near Hendersonville / Both Directions", "severity": 3, "is_full_closure": null, "geom_kind": "line", "feed_status": "historical", "provenance": "real: NCDOT TIMS via ArcGIS FeatureServer", "source_url": "https://services.arcgis.com/NuWFvHYDMVmmxMeM/arcgis/rest/services/State_Maintained_Historical_TIMS_Incidents_Hurricane_Helene/FeatureServer/1"}}, {"type": "Feature", "geometry": {"type": "LineString", "coordinates": [[-82.35287, 35.33048], [-82.35316, 35.33075], [-82.35328, 35.33091], [-82.35423, 35.33082], [-82.35437, 35.33077], [-82.35475, 35.33089], [-82.35496, 35.33111], [-82.35523, 35.33142], [-82.35561, 35.33224]]}, "properties": {"id": "tims-714925", "tims_id": 714925, "road_name": "SR-1525 (Oleta Road)", "road": "SR-1525", "common_name": "Oleta Road", "county": "Henderson", "closed_at": "2024-10-03T22:41:00Z", "reopened_at": "2024-10-30T14:30:04.097000Z", "est_end_at": "2024-10-31T16:00:00Z", "last_update_at": "2024-10-14T19:48:06Z", "condition": "Road Closed", "description": "The Road is closed near Justice Hills Drive", "location": "Near Hendersonville / Both Directions", "severity": 3, "is_full_closure": null, "geom_kind": "line", "feed_status": "historical", "provenance": "real: NCDOT TIMS via ArcGIS FeatureServer", "source_url": "https://services.arcgis.com/NuWFvHYDMVmmxMeM/arcgis/rest/services/State_Maintained_Historical_TIMS_Incidents_Hurricane_Helene/FeatureServer/1"}}, {"type": "Feature", "geometry": {"type": "LineString", "coordinates": [[-82.24662, 35.43896], [-82.24674, 35.43877], [-82.24683, 35.43848], [-82.24691, 35.43832], [-82.24697, 35.43814]]}, "properties": {"id": "tims-714932", "tims_id": 714932, "road_name": "SR-1190 (SouthSide Drive)", "road": "SR-1190", "common_name": "SouthSide Drive", "county": "Rutherford", "closed_at": "2024-10-03T23:22:00Z", "reopened_at": "2024-11-25T14:50:03.704000Z", "est_end_at": "2024-12-01T01:22:00Z", "last_update_at": "2024-10-29T14:15:32Z", "condition": "Road Closed", "description": "The road is closed near US 64, bridge to Southside is washed away.", "location": "Near Lake Lure / Both Directions", "severity": 3, "is_full_closure": null, "geom_kind": "line", "feed_status": "historical", "provenance": "real: NCDOT TIMS via ArcGIS FeatureServer", "source_url": "https://services.arcgis.com/NuWFvHYDMVmmxMeM/arcgis/rest/services/State_Maintained_Historical_TIMS_Incidents_Hurricane_Helene/FeatureServer/1"}}, {"type": "Feature", "geometry": {"type": "LineString", "coordinates": [[-82.42317, 35.48325], [-82.42341, 35.48277], [-82.42345, 35.48253], [-82.42363, 35.48218]]}, "properties": {"id": "tims-714933", "tims_id": 714933, "road_name": "SR-3138 (Upper Brush Creek)", "road": "SR-3138", "common_name": "Upper Brush Creek", "county": "Buncombe", "closed_at": "2024-10-03T23:31:00Z", "reopened_at": "2024-10-16T00:10:04.347000Z", "est_end_at": "2024-10-31T16:00:00Z", "last_update_at": "2024-10-09T14:06:17Z", "condition": "Road Closed", "description": "The road is closed near Joe Bailey Road.", "location": "Near Asheville / Both Directions", "severity": 3, "is_full_closure": null, "geom_kind": "line", "feed_status": "historical", "provenance": "real: NCDOT TIMS via ArcGIS FeatureServer", "source_url": "https://services.arcgis.com/NuWFvHYDMVmmxMeM/arcgis/rest/services/State_Maintained_Historical_TIMS_Incidents_Hurricane_Helene/FeatureServer/1"}}, {"type": "Feature", "geometry": {"type": "LineString", "coordinates": [[-82.24858, 35.43983], [-82.2487, 35.4395], [-82.24882, 35.43916], [-82.2489, 35.43901]]}, "properties": {"id": "tims-714934", "tims_id": 714934, "road_name": "US-64 (US64/74A)", "road": "US-64", "common_name": "US64/74A", "county": "Rutherford", "closed_at": "2024-10-03T23:36:00Z", "reopened_at": "2024-12-12T15:50:04.994000Z", "est_end_at": "2024-12-30T17:00:00Z", "last_update_at": "2024-11-25T14:46:38Z", "condition": "Road Closed", "description": "The bridge going into the State Park is washed away.", "location": "Near Chimney Rock / Heading West", "severity": 3, "is_full_closure": null, "geom_kind": "line", "feed_status": "historical", "provenance": "real: NCDOT TIMS via ArcGIS FeatureServer", "source_url": "https://services.arcgis.com/NuWFvHYDMVmmxMeM/arcgis/rest/services/State_Maintained_Historical_TIMS_Incidents_Hurricane_Helene/FeatureServer/1"}}, {"type": "Feature", "geometry": {"type": "LineString", "coordinates": [[-82.28679, 35.45153], [-82.28584, 35.45123], [-82.28363, 35.45027], [-82.28179, 35.44953], [-82.28014, 35.44934], [-82.27863, 35.4492], [-82.2775, 35.4488], [-82.27683, 35.44841], [-82.27642, 35.44761], [-82.27597, 35.44693], [-82.27505, 35.44609], [-82.27443, 35.44572], [-82.27348, 35.44555], [-82.27226, 35.44581], [-82.27151, 35.44581], [-82.2708, 35.44543], [-82.27018, 35.44502], [-82.26799, 35.44436], [-82.26642, 35.44376], [-82.26512, 35.44275], [-82.26409, 35.44242], [-82.26321, 35.44259], [-82.26245, 35.44221], [-82.26145, 35.44256], [-82.26095, 35.44261], [-82.26012, 35.44237], [-82.25876, 35.44147], [-82.25829, 35.44146], [-82.25797, 35.44153], [-82.25743, 35.44123], [-82.25651, 35.44107], [-82.25604, 35.44097], [-82.25499, 35.44043], [-82.25441, 35.44036], [-82.2534, 35.44053], [-82.25256, 35.44083], [-82.25153, 35.44092], [-82.25063, 35.44078], [-82.24868, 35.43992], [-82.24632, 35.43897], [-82.24529, 35.43842], [-82.24417, 35.43814], [-82.24301, 35.43793], [-82.24203, 35.43768], [-82.24065, 35.43763], [-82.23992, 35.43749], [-82.23907, 35.43707], [-82.23748, 35.43684], [-82.23647, 35.43674], [-82.23563, 35.43635], [-82.23475, 35.43569]]}, "properties": {"id": "tims-715074", "tims_id": 715074, "road_name": "US-64 (Main Street)", "road": "US-64", "common_name": "Main Street", "county": "Rutherford", "closed_at": "2024-10-03T23:36:00Z", "reopened_at": "2026-03-28T10:10:03.304000Z", "est_end_at": "2026-03-28T10:00:00Z", "last_update_at": "2026-03-27T15:12:09Z", "condition": "Road Closed", "description": "The road is closed from the Henderson / Rutherford County line to Chimney Rock Scenic Road. LOCAL TRAFFIC ONLY may use this road.", "location": "Near Chimney Rock / Both Directions", "severity": 3, "is_full_closure": null, "geom_kind": "line", "feed_status": "historical", "provenance": "real: NCDOT TIMS via ArcGIS FeatureServer", "source_url": "https://services.arcgis.com/NuWFvHYDMVmmxMeM/arcgis/rest/services/State_Maintained_Historical_TIMS_Incidents_Hurricane_Helene/FeatureServer/1"}}, {"type": "Feature", "geometry": {"type": "LineString", "coordinates": [[-82.37505, 35.42317], [-82.37526, 35.42382], [-82.37543, 35.4242], [-82.37548, 35.42452], [-82.37552, 35.42463], [-82.37568, 35.42479]]}, "properties": {"id": "tims-714935", "tims_id": 714935, "road_name": "SR-1593 (Rhodes Road)", "road": "SR-1593", "common_name": "Rhodes Road", "county": "Henderson", "closed_at": "2024-10-03T23:44:00Z", "reopened_at": "2024-10-30T14:30:04.097000Z", "est_end_at": "2024-10-31T16:00:00Z", "last_update_at": "2024-10-14T19:48:22Z", "condition": "Ramp Closed", "description": "The road is closed near Bearswallow Road.", "location": "Near Hendersonville / Both Directions", "severity": 3, "is_full_closure": null, "geom_kind": "line", "feed_status": "historical", "provenance": "real: NCDOT TIMS via ArcGIS FeatureServer", "source_url": "https://services.arcgis.com/NuWFvHYDMVmmxMeM/arcgis/rest/services/State_Maintained_Historical_TIMS_Incidents_Hurricane_Helene/FeatureServer/1"}}, {"type": "Feature", "geometry": {"type": "LineString", "coordinates": [[-82.32244, 35.43649], [-82.3221, 35.43635], [-82.32101, 35.43598], [-82.32054, 35.43581], [-82.32006, 35.43564]]}, "properties": {"id": "tims-714937", "tims_id": 714937, "road_name": "SR-1636 (Bobs road)", "road": "SR-1636", "common_name": "Bobs road", "county": "Henderson", "closed_at": "2024-10-03T23:48:00Z", "reopened_at": "2024-10-30T14:40:04.903000Z", "est_end_at": "2024-10-31T16:00:00Z", "last_update_at": "2024-10-10T15:11:31Z", "condition": "Road Closed", "description": "The Road is closed near Grant Mountain Road", "location": "Near Hendersonville / Both Directions", "severity": 3, "is_full_closure": null, "geom_kind": "line", "feed_status": "historical", "provenance": "real: NCDOT TIMS via ArcGIS FeatureServer", "source_url": "https://services.arcgis.com/NuWFvHYDMVmmxMeM/arcgis/rest/services/State_Maintained_Historical_TIMS_Incidents_Hurricane_Helene/FeatureServer/1"}}, {"type": "Feature", "geometry": {"type": "LineString", "coordinates": [[-82.01102, 35.85086], [-82.01124, 35.85089], [-82.01133, 35.85094], [-82.01188, 35.85166], [-82.01192, 35.85181], [-82.0119, 35.85194], [-82.01167, 35.85245], [-82.01141, 35.85472], [-82.01122, 35.85615], [-82.01124, 35.85638], [-82.01134, 35.85698], [-82.01148, 35.85752], [-82.01161, 35.85787], [-82.01128, 35.85964], [-82.01109, 35.8609], [-82.01063, 35.86189], [-82.01059, 35.86213], [-82.01062, 35.8623], [-82.0113, 35.86634], [-82.01149, 35.86763], [-82.01133, 35.86855], [-82.01075, 35.86901], [-82.01043, 35.86926], [-82.01032, 35.86952], [-82.01037, 35.86972], [-82.01043, 35.86984], [-82.01058, 35.86989], [-82.01073, 35.86964], [-82.01077, 35.86945], [-82.01104, 35.86937], [-82.01193, 35.86942], [-82.01215, 35.86962], [-82.01235, 35.87024], [-82.01229, 35.87057], [-82.01188, 35.87076], [-82.01188, 35.87076], [-82.01172, 35.87108], [-82.01177, 35.87132], [-82.01246, 35.87185], [-82.01281, 35.87226], [-82.01394, 35.87257], [-82.01445, 35.87302], [-82.01519, 35.87308], [-82.01523, 35.87318], [-82.01503, 35.87345], [-82.01503, 35.8736], [-82.01553, 35.87398], [-82.01567, 35.87406], [-82.01548, 35.87468], [-82.01564, 35.87509], [-82.01581, 35.8753], [-82.0167, 35.87547], [-82.01706, 35.87545], [-82.0174, 35.87565], [-82.01787, 35.87573], [-82.01798, 35.87586], [-82.01783, 35.87607], [-82.01767, 35.87661], [-82.01767, 35.87697], [-82.01787, 35.87742], [-82.01859, 35.8784], [-82.01777, 35.88028], [-82.01751, 35.88076], [-82.01747, 35.88132], [-82.01702, 35.88226], [-82.01652, 35.8829], [-82.01622, 35.88321], [-82.01629, 35.88363], [-82.01524, 35.88337], [-82.01433, 35.88391], [-82.01355, 35.88461]]}, "properties": {"id": "tims-714971", "tims_id": 714971, "road_name": "SR-1566 (Peppers Creek Road)", "road": "SR-1566", "common_name": "Peppers Creek Road", "county": "McDowell", "closed_at": "2024-10-04T11:12:00Z", "reopened_at": "2024-12-12T19:00:06.392000Z", "est_end_at": "2024-12-20T17:00:00Z", "last_update_at": "2024-11-25T17:03:34Z", "condition": "Road Closed", "description": "The road is closed near Old Yellow Mountain Road to Blue Ridge Parkway.", "location": "North of Woodlawn / Both Directions", "severity": 1, "is_full_closure": null, "geom_kind": "line", "feed_status": "historical", "provenance": "real: NCDOT TIMS via ArcGIS FeatureServer", "source_url": "https://services.arcgis.com/NuWFvHYDMVmmxMeM/arcgis/rest/services/State_Maintained_Historical_TIMS_Incidents_Hurricane_Helene/FeatureServer/1"}}, {"type": "Feature", "geometry": {"type": "LineString", "coordinates": [[-82.00248, 35.83463], [-82.00169, 35.83416]]}, "properties": {"id": "tims-714972", "tims_id": 714972, "road_name": "SR-1573 (Pitts Station Road)", "road": "SR-1573", "common_name": "Pitts Station Road", "county": "McDowell", "closed_at": "2024-10-04T11:17:00Z", "reopened_at": "2025-02-28T17:10:04.416000Z", "est_end_at": "2025-02-28T17:00:00Z", "last_update_at": "2025-01-24T17:45:06Z", "condition": "Local Traffic Only", "description": "Temporary bridge is installed and road is open to local traffic.", "location": "North East of Woodlawn / Both Directions", "severity": 1, "is_full_closure": null, "geom_kind": "line", "feed_status": "historical", "provenance": "real: NCDOT TIMS via ArcGIS FeatureServer", "source_url": "https://services.arcgis.com/NuWFvHYDMVmmxMeM/arcgis/rest/services/State_Maintained_Historical_TIMS_Incidents_Hurricane_Helene/FeatureServer/1"}}, {"type": "Feature", "geometry": {"type": "LineString", "coordinates": [[-81.9434, 35.90479], [-81.94271, 35.90467], [-81.94218, 35.90469]]}, "properties": {"id": "tims-714973", "tims_id": 714973, "road_name": "SR-1571 (English Road)", "road": "SR-1571", "common_name": "English Road", "county": "McDowell", "closed_at": "2024-10-04T11:19:00Z", "reopened_at": "2024-10-21T18:00:04.783000Z", "est_end_at": "2024-10-31T16:00:00Z", "last_update_at": "2024-10-04T11:21:55Z", "condition": "Road Closed", "description": "The bridge is washed out over the North Fork Catawba River near US 221.", "location": "North East of Woodlawn / Both Directions", "severity": 1, "is_full_closure": null, "geom_kind": "line", "feed_status": "historical", "provenance": "real: NCDOT TIMS via ArcGIS FeatureServer", "source_url": "https://services.arcgis.com/NuWFvHYDMVmmxMeM/arcgis/rest/services/State_Maintained_Historical_TIMS_Incidents_Hurricane_Helene/FeatureServer/1"}}, {"type": "Feature", "geometry": {"type": "LineString", "coordinates": [[-82.4247, 35.49749], [-82.42847, 35.49456], [-82.43078, 35.49277], [-82.4313, 35.49216], [-82.4316, 35.49162], [-82.43263, 35.48932], [-82.43349, 35.48747], [-82.43387, 35.48697], [-82.43427, 35.48655], [-82.4356, 35.48562], [-82.43826, 35.48378], [-82.44207, 35.48117], [-82.44319, 35.48039], [-82.44437, 35.47965], [-82.44434, 35.47961], [-82.4431, 35.4804], [-82.44003, 35.48253], [-82.43794, 35.48398], [-82.43477, 35.48616], [-82.43428, 35.48652], [-82.43375, 35.48707], [-82.43346, 35.48748], [-82.43217, 35.49029], [-82.4315, 35.49177], [-82.4313, 35.4921], [-82.43071, 35.49279], [-82.42644, 35.49608], [-82.42466, 35.49745], [-82.42471, 35.49749]]}, "properties": {"id": "tims-715009", "tims_id": 715009, "road_name": "SR-3136 (Cane Creek Rd)", "road": "SR-3136", "common_name": "Cane Creek Rd", "county": "Buncombe", "closed_at": "2024-10-04T16:57:00Z", "reopened_at": "2024-10-16T00:20:04.359000Z", "est_end_at": "2024-10-31T16:00:00Z", "last_update_at": "2024-10-09T14:02:23Z", "condition": "Road Closed", "description": "The road is closed from Concord Road to Gap Creek Road.", "location": "Near Fairview / Both Directions", "severity": 3, "is_full_closure": null, "geom_kind": "line", "feed_status": "historical", "provenance": "real: NCDOT TIMS via ArcGIS FeatureServer", "source_url": "https://services.arcgis.com/NuWFvHYDMVmmxMeM/arcgis/rest/services/State_Maintained_Historical_TIMS_Incidents_Hurricane_Helene/FeatureServer/1"}}, {"type": "Feature", "geometry": {"type": "LineString", "coordinates": [[-82.25812, 35.9013], [-82.25781, 35.90298], [-82.25775, 35.90334], [-82.25776, 35.90372], [-82.25782, 35.90416], [-82.25787, 35.90463], [-82.25804, 35.90549], [-82.25811, 35.90577]]}, "properties": {"id": "tims-715023", "tims_id": 715023, "road_name": "SR-1142 (Georges Fork Rd)", "road": "SR-1142", "common_name": "Georges Fork Rd", "county": "Yancey", "closed_at": "2024-10-04T18:22:00Z", "reopened_at": "2024-12-13T13:50:19.769000Z", "est_end_at": "2025-01-31T17:00:00Z", "last_update_at": "2024-12-12T21:27:07Z", "condition": "Road Closed", "description": "The road is closed near Family Cir Dr.", "location": "Near Burnsville / Both Directions", "severity": 1, "is_full_closure": null, "geom_kind": "line", "feed_status": "historical", "provenance": "real: NCDOT TIMS via ArcGIS FeatureServer", "source_url": "https://services.arcgis.com/NuWFvHYDMVmmxMeM/arcgis/rest/services/State_Maintained_Historical_TIMS_Incidents_Hurricane_Helene/FeatureServer/1"}}, {"type": "Feature", "geometry": {"type": "LineString", "coordinates": [[-82.19274, 35.73648], [-82.19195, 35.73591], [-82.19181, 35.73581], [-82.19168, 35.73558], [-82.19154, 35.73537], [-82.19139, 35.73529], [-82.19124, 35.73518], [-82.19116, 35.73512], [-82.19106, 35.73504], [-82.19094, 35.73496], [-82.19089, 35.73488], [-82.19076, 35.73475], [-82.19073, 35.73464], [-82.1907, 35.73456], [-82.19067, 35.73432], [-82.19067, 35.73422], [-82.19067, 35.7341], [-82.19067, 35.73392], [-82.19065, 35.73379], [-82.19063, 35.73368], [-82.19061, 35.73355], [-82.19052, 35.73343], [-82.19043, 35.73325], [-82.19039, 35.73313], [-82.19034, 35.73303], [-82.19033, 35.73288], [-82.19033, 35.73276], [-82.19037, 35.73264], [-82.19043, 35.73248], [-82.19047, 35.73235], [-82.19051, 35.73224], [-82.19063, 35.73204], [-82.19067, 35.73196], [-82.19069, 35.73187], [-82.19069, 35.73179], [-82.19063, 35.7317], [-82.19054, 35.73148], [-82.19044, 35.73131], [-82.19034, 35.7311], [-82.19023, 35.73087], [-82.19017, 35.73069], [-82.19014, 35.73059], [-82.19012, 35.73048], [-82.19012, 35.73039], [-82.19012, 35.73024], [-82.1902, 35.73], [-82.1903, 35.72976], [-82.19039, 35.72964], [-82.19044, 35.72955], [-82.19051, 35.72948], [-82.19059, 35.72938], [-82.19066, 35.72932], [-82.1907, 35.72924], [-82.19073, 35.7292], [-82.19077, 35.72913], [-82.19077, 35.72904], [-82.1908, 35.72897], [-82.19077, 35.72888], [-82.19072, 35.72879], [-82.18978, 35.72855], [-82.18951, 35.72851], [-82.18935, 35.7285], [-82.18924, 35.72847], [-82.18916, 35.72845], [-82.18909, 35.7284], [-82.18899, 35.72836], [-82.18893, 35.72832], [-82.1886, 35.72818], [-82.18847, 35.72812], [-82.1882, 35.72812], [-82.18804, 35.72812], [-82.188, 35.7281], [-82.18799, 35.72808]]}, "properties": {"id": "tims-715024", "tims_id": 715024, "road_name": "SR-1227 (Curtis Creek Rd)", "road": "SR-1227", "common_name": "Curtis Creek Rd", "county": "McDowell", "closed_at": "2024-10-04T18:39:00Z", "reopened_at": "2024-10-21T18:00:04.783000Z", "est_end_at": "2025-01-01T10:00:00Z", "last_update_at": "2024-10-04T18:50:08Z", "condition": "Road Closed", "description": "The road is closed near Blue Ridge Pkwy.", "location": "Near Old Fort / Both Directions", "severity": 1, "is_full_closure": null, "geom_kind": "line", "feed_status": "historical", "provenance": "real: NCDOT TIMS via ArcGIS FeatureServer", "source_url": "https://services.arcgis.com/NuWFvHYDMVmmxMeM/arcgis/rest/services/State_Maintained_Historical_TIMS_Incidents_Hurricane_Helene/FeatureServer/1"}}, {"type": "Feature", "geometry": {"type": "LineString", "coordinates": [[-82.20727, 35.76358], [-82.2062, 35.76354]]}, "properties": {"id": "tims-715025", "tims_id": 715025, "road_name": "SR-1348 (Sweetwater Rd)", "road": "SR-1348", "common_name": "Sweetwater Rd", "county": "Yancey", "closed_at": "2024-10-04T18:50:00Z", "reopened_at": "2024-12-13T13:50:19.769000Z", "est_end_at": "2025-01-31T17:00:00Z", "last_update_at": "2024-12-12T21:27:35Z", "condition": "Road Closed", "description": "The road is closed near Goldfinch Ln.", "location": "Near Burnsville / Both Directions", "severity": 1, "is_full_closure": null, "geom_kind": "line", "feed_status": "historical", "provenance": "real: NCDOT TIMS via ArcGIS FeatureServer", "source_url": "https://services.arcgis.com/NuWFvHYDMVmmxMeM/arcgis/rest/services/State_Maintained_Historical_TIMS_Incidents_Hurricane_Helene/FeatureServer/1"}}, {"type": "Feature", "geometry": {"type": "LineString", "coordinates": [[-82.25725, 35.90668], [-82.25714, 35.90702], [-82.25709, 35.90743], [-82.25706, 35.90801], [-82.25697, 35.90867], [-82.25689, 35.9091], [-82.25665, 35.90983], [-82.25654, 35.91022], [-82.25647, 35.91055]]}, "properties": {"id": "tims-715026", "tims_id": 715026, "road_name": "SR-1142 (Lower Georges Fork Rd)", "road": "SR-1142", "common_name": "Lower Georges Fork Rd", "county": "Yancey", "closed_at": "2024-10-04T18:53:00Z", "reopened_at": "2024-12-13T14:30:15.632000Z", "est_end_at": "2025-01-31T17:00:00Z", "last_update_at": "2024-12-12T21:28:03Z", "condition": "Road Closed", "description": "The road is closed near Hilda Rd.", "location": "Near Burnsville / Both Directions", "severity": 1, "is_full_closure": null, "geom_kind": "line", "feed_status": "historical", "provenance": "real: NCDOT TIMS via ArcGIS FeatureServer", "source_url": "https://services.arcgis.com/NuWFvHYDMVmmxMeM/arcgis/rest/services/State_Maintained_Historical_TIMS_Incidents_Hurricane_Helene/FeatureServer/1"}}, {"type": "Feature", "geometry": {"type": "LineString", "coordinates": [[-82.60887, 35.56481], [-82.60824, 35.56461], [-82.60792, 35.56436], [-82.60776, 35.56419], [-82.60756, 35.56397], [-82.60762, 35.56362], [-82.60776, 35.56284]]}, "properties": {"id": "tims-715082", "tims_id": 715082, "road_name": "SR-3413 (South Bear Creek Road)", "road": "SR-3413", "common_name": "South Bear Creek Road", "county": "Buncombe", "closed_at": "2024-10-04T19:00:00Z", "reopened_at": "2024-10-16T00:20:04.359000Z", "est_end_at": "2024-10-31T16:00:00Z", "last_update_at": "2024-10-09T13:37:24Z", "condition": "Road Closed", "description": "The road is closed near Sand Hill Road", "location": "Near Asheville / Both Directions", "severity": 3, "is_full_closure": null, "geom_kind": "line", "feed_status": "historical", "provenance": "real: NCDOT TIMS via ArcGIS FeatureServer", "source_url": "https://services.arcgis.com/NuWFvHYDMVmmxMeM/arcgis/rest/services/State_Maintained_Historical_TIMS_Incidents_Hurricane_Helene/FeatureServer/1"}}, {"type": "Feature", "geometry": {"type": "LineString", "coordinates": [[-82.40672, 35.53167], [-82.40673, 35.53185]]}, "properties": {"id": "tims-715093", "tims_id": 715093, "road_name": "SR-2800 (Miller Road)", "road": "SR-2800", "common_name": "Miller Road", "county": "Buncombe", "closed_at": "2024-10-04T19:00:00Z", "reopened_at": "2024-10-30T11:40:04.689000Z", "est_end_at": "2024-11-30T17:00:00Z", "last_update_at": "2024-10-30T11:03:14Z", "condition": "Road Closed", "description": "The road is closed near Dode Whitaker Road for bridge repair.", "location": "Near Asheville / Both Directions", "severity": 3, "is_full_closure": null, "geom_kind": "line", "feed_status": "historical", "provenance": "real: NCDOT TIMS via ArcGIS FeatureServer", "source_url": "https://services.arcgis.com/NuWFvHYDMVmmxMeM/arcgis/rest/services/State_Maintained_Historical_TIMS_Incidents_Hurricane_Helene/FeatureServer/1"}}, {"type": "Feature", "geometry": {"type": "LineString", "coordinates": [[-82.32631, 35.46798], [-82.32599, 35.46812], [-82.32564, 35.46828], [-82.32556, 35.46832]]}, "properties": {"id": "tims-715084", "tims_id": 715084, "road_name": "SR-1602 (Grant mountain Road)", "road": "SR-1602", "common_name": "Grant mountain Road", "county": "Henderson", "closed_at": "2024-10-04T19:00:00Z", "reopened_at": "2024-10-30T14:40:04.903000Z", "est_end_at": "2024-10-31T16:00:00Z", "last_update_at": "2024-10-14T19:50:11Z", "condition": "Road Closed", "description": "The road is closed near Chimney View Road", "location": "Near Hendersonville / Both Directions", "severity": 3, "is_full_closure": null, "geom_kind": "line", "feed_status": "historical", "provenance": "real: NCDOT TIMS via ArcGIS FeatureServer", "source_url": "https://services.arcgis.com/NuWFvHYDMVmmxMeM/arcgis/rest/services/State_Maintained_Historical_TIMS_Incidents_Hurricane_Helene/FeatureServer/1"}}, {"type": "Feature", "geometry": {"type": "LineString", "coordinates": [[-82.39135, 35.99587], [-82.39276, 35.9948], [-82.39365, 35.99362]]}, "properties": {"id": "tims-715066", "tims_id": 715066, "road_name": "US-19", "road": "US-19", "common_name": "", "county": "Yancey", "closed_at": "2024-10-04T19:00:00Z", "reopened_at": "2024-12-13T14:30:15.632000Z", "est_end_at": "2025-01-31T17:00:00Z", "last_update_at": "2024-12-12T19:05:12Z", "condition": "Road Closed", "description": "The road is closed near Little Creek Road", "location": "Near Burnsville / Both Directions", "severity": 3, "is_full_closure": null, "geom_kind": "line", "feed_status": "historical", "provenance": "real: NCDOT TIMS via ArcGIS FeatureServer", "source_url": "https://services.arcgis.com/NuWFvHYDMVmmxMeM/arcgis/rest/services/State_Maintained_Historical_TIMS_Incidents_Hurricane_Helene/FeatureServer/1"}}, {"type": "Feature", "geometry": {"type": "LineString", "coordinates": [[-82.96697, 35.61417], [-82.96662, 35.6144], [-82.96627, 35.61472]]}, "properties": {"id": "tims-715089", "tims_id": 715089, "road_name": "SR-1363 (Iron Duff Road)", "road": "SR-1363", "common_name": "Iron Duff Road", "county": "Haywood", "closed_at": "2024-10-04T19:00:00Z", "reopened_at": "2024-12-13T18:10:04.253000Z", "est_end_at": "2025-01-31T17:00:00Z", "last_update_at": "2024-12-12T12:18:08Z", "condition": "Road Closed", "description": "The road is closed at Riverside Drive for bridge replacement.", "location": "Near Clyde / Both Directions", "severity": 3, "is_full_closure": null, "geom_kind": "line", "feed_status": "historical", "provenance": "real: NCDOT TIMS via ArcGIS FeatureServer", "source_url": "https://services.arcgis.com/NuWFvHYDMVmmxMeM/arcgis/rest/services/State_Maintained_Historical_TIMS_Incidents_Hurricane_Helene/FeatureServer/1"}}, {"type": "Feature", "geometry": {"type": "LineString", "coordinates": [[-82.34264, 35.90492], [-82.34228, 35.90505], [-82.34209, 35.90519], [-82.34168, 35.90554], [-82.34016, 35.90642], [-82.33994, 35.90652], [-82.33979, 35.90657], [-82.33954, 35.90662], [-82.33941, 35.90666], [-82.33922, 35.90667], [-82.33876, 35.90662], [-82.33829, 35.90653], [-82.338, 35.90648], [-82.33768, 35.90638], [-82.33733, 35.90628], [-82.3371, 35.90621], [-82.33678, 35.90607], [-82.33642, 35.90589]]}, "properties": {"id": "tims-715029", "tims_id": 715029, "road_name": "SR-1114 (Dam Rd)", "road": "SR-1114", "common_name": "Dam Rd", "county": "Yancey", "closed_at": "2024-10-04T19:04:00Z", "reopened_at": "2024-12-13T14:30:15.632000Z", "est_end_at": "2025-01-31T17:00:00Z", "last_update_at": "2024-12-12T21:29:25Z", "condition": "Road Closed", "description": "The road is closed near Bakers Creek Rd.", "location": "Near Burnsville / Both Directions", "severity": 1, "is_full_closure": null, "geom_kind": "line", "feed_status": "historical", "provenance": "real: NCDOT TIMS via ArcGIS FeatureServer", "source_url": "https://services.arcgis.com/NuWFvHYDMVmmxMeM/arcgis/rest/services/State_Maintained_Historical_TIMS_Incidents_Hurricane_Helene/FeatureServer/1"}}, {"type": "Feature", "geometry": {"type": "LineString", "coordinates": [[-82.40802, 35.87947], [-82.40861, 35.87964], [-82.40895, 35.87972], [-82.40911, 35.87978], [-82.40944, 35.87981], [-82.40973, 35.87984], [-82.41023, 35.87985], [-82.41076, 35.87986], [-82.41123, 35.87986], [-82.41182, 35.87988], [-82.41228, 35.87992], [-82.4126, 35.88], [-82.41307, 35.88015], [-82.4138, 35.88026], [-82.41445, 35.88034], [-82.41474, 35.88039], [-82.41528, 35.88035], [-82.41608, 35.88019], [-82.41686, 35.88001], [-82.41753, 35.87972], [-82.41776, 35.87958], [-82.41849, 35.8793], [-82.41894, 35.87901], [-82.41985, 35.87854], [-82.42054, 35.87837], [-82.42157, 35.87828], [-82.42226, 35.87816], [-82.42278, 35.87798], [-82.42322, 35.87773], [-82.42351, 35.87757], [-82.42407, 35.87757], [-82.42462, 35.87775], [-82.42541, 35.87798], [-82.42591, 35.87812], [-82.42692, 35.87818], [-82.42764, 35.87826], [-82.42846, 35.87818], [-82.42902, 35.87809], [-82.42932, 35.87791], [-82.42964, 35.87757], [-82.43002, 35.87713], [-82.43011, 35.87689], [-82.43086, 35.87641], [-82.43153, 35.87604]]}, "properties": {"id": "tims-715031", "tims_id": 715031, "road_name": "SR-1126 (Hortons Creek Rd)", "road": "SR-1126", "common_name": "Hortons Creek Rd", "county": "Yancey", "closed_at": "2024-10-04T19:09:00Z", "reopened_at": "2024-12-13T14:30:15.632000Z", "est_end_at": "2025-01-31T17:00:00Z", "last_update_at": "2024-12-12T21:30:33Z", "condition": "Road Closed", "description": "The road is closed near Prices Creek Rd.", "location": "Near Burnsville / Both Directions", "severity": 1, "is_full_closure": null, "geom_kind": "line", "feed_status": "historical", "provenance": "real: NCDOT TIMS via ArcGIS FeatureServer", "source_url": "https://services.arcgis.com/NuWFvHYDMVmmxMeM/arcgis/rest/services/State_Maintained_Historical_TIMS_Incidents_Hurricane_Helene/FeatureServer/1"}}, {"type": "Feature", "geometry": {"type": "LineString", "coordinates": [[-82.39166, 35.94206], [-82.39127, 35.94154]]}, "properties": {"id": "tims-715036", "tims_id": 715036, "road_name": "SR-1381 (Langford Branch Rd)", "road": "SR-1381", "common_name": "Langford Branch Rd", "county": "Yancey", "closed_at": "2024-10-04T19:40:00Z", "reopened_at": "2024-12-13T14:30:15.632000Z", "est_end_at": "2025-01-31T17:00:00Z", "last_update_at": "2024-12-12T19:04:25Z", "condition": "Road Closed", "description": "The road is closed near US 19W due to storm-related damage.", "location": "West of Burnsville / Both Directions", "severity": 2, "is_full_closure": null, "geom_kind": "line", "feed_status": "historical", "provenance": "real: NCDOT TIMS via ArcGIS FeatureServer", "source_url": "https://services.arcgis.com/NuWFvHYDMVmmxMeM/arcgis/rest/services/State_Maintained_Historical_TIMS_Incidents_Hurricane_Helene/FeatureServer/1"}}, {"type": "Feature", "geometry": {"type": "LineString", "coordinates": [[-82.34475, 35.47806], [-82.34525, 35.4776]]}, "properties": {"id": "tims-715055", "tims_id": 715055, "road_name": "SR-1598 (Konatoga Circle)", "road": "SR-1598", "common_name": "Konatoga Circle", "county": "Henderson", "closed_at": "2024-10-04T20:59:00Z", "reopened_at": "2024-10-30T14:40:04.903000Z", "est_end_at": "2024-10-31T16:00:00Z", "last_update_at": "2024-10-14T19:50:30Z", "condition": "Road Closed", "description": "The Road is closed near US 74 ALT.", "location": "Near Hendersonville / Both Directions", "severity": 3, "is_full_closure": null, "geom_kind": "line", "feed_status": "historical", "provenance": "real: NCDOT TIMS via ArcGIS FeatureServer", "source_url": "https://services.arcgis.com/NuWFvHYDMVmmxMeM/arcgis/rest/services/State_Maintained_Historical_TIMS_Incidents_Hurricane_Helene/FeatureServer/1"}}, {"type": "Feature", "geometry": {"type": "LineString", "coordinates": [[-82.34255, 35.47767], [-82.34278, 35.47672]]}, "properties": {"id": "tims-715057", "tims_id": 715057, "road_name": "SR-1599 (Kelly Hill Road)", "road": "SR-1599", "common_name": "Kelly Hill Road", "county": "Henderson", "closed_at": "2024-10-04T21:18:00Z", "reopened_at": "2024-10-30T14:40:04.903000Z", "est_end_at": "2024-10-31T16:00:00Z", "last_update_at": "2024-10-14T19:50:47Z", "condition": "Road Closed", "description": "The Road is closed near US 74", "location": "Near Hendersonville / Both Directions", "severity": 3, "is_full_closure": null, "geom_kind": "line", "feed_status": "historical", "provenance": "real: NCDOT TIMS via ArcGIS FeatureServer", "source_url": "https://services.arcgis.com/NuWFvHYDMVmmxMeM/arcgis/rest/services/State_Maintained_Historical_TIMS_Incidents_Hurricane_Helene/FeatureServer/1"}}, {"type": "Feature", "geometry": {"type": "LineString", "coordinates": [[-82.39701, 35.9472], [-82.39715, 35.94619], [-82.39707, 35.94537], [-82.39657, 35.94493], [-82.3953, 35.94475], [-82.39399, 35.94468], [-82.3932, 35.94455], [-82.39244, 35.9443], [-82.39091, 35.9438]]}, "properties": {"id": "tims-715067", "tims_id": 715067, "road_name": "US-19", "road": "US-19", "common_name": "", "county": "Yancey", "closed_at": "2024-10-04T22:02:00Z", "reopened_at": "2024-12-13T14:30:15.632000Z", "est_end_at": "2025-01-31T17:00:00Z", "last_update_at": "2024-12-12T19:05:35Z", "condition": "Road Closed", "description": "The road is closed near Cat Nip Dr due to storm-related damage.", "location": "South of TN State Line / Both Directions", "severity": 3, "is_full_closure": null, "geom_kind": "line", "feed_status": "historical", "provenance": "real: NCDOT TIMS via ArcGIS FeatureServer", "source_url": "https://services.arcgis.com/NuWFvHYDMVmmxMeM/arcgis/rest/services/State_Maintained_Historical_TIMS_Incidents_Hurricane_Helene/FeatureServer/1"}}, {"type": "Feature", "geometry": {"type": "LineString", "coordinates": [[-82.38957, 35.9973], [-82.38923, 35.99751], [-82.38878, 35.9977], [-82.38804, 35.99813]]}, "properties": {"id": "tims-715072", "tims_id": 715072, "road_name": "SR-1411 (Little Creek Rd)", "road": "SR-1411", "common_name": "Little Creek Rd", "county": "Yancey", "closed_at": "2024-10-04T22:14:00Z", "reopened_at": "2024-12-13T14:30:15.632000Z", "est_end_at": "2025-01-31T17:00:00Z", "last_update_at": "2024-12-12T19:06:26Z", "condition": "Road Closed", "description": "The road is closed at Phillips Rd.", "location": "North West of Burnsville / Both Directions", "severity": 2, "is_full_closure": null, "geom_kind": "line", "feed_status": "historical", "provenance": "real: NCDOT TIMS via ArcGIS FeatureServer", "source_url": "https://services.arcgis.com/NuWFvHYDMVmmxMeM/arcgis/rest/services/State_Maintained_Historical_TIMS_Incidents_Hurricane_Helene/FeatureServer/1"}}, {"type": "Feature", "geometry": {"type": "LineString", "coordinates": [[-82.38646, 35.99862], [-82.38506, 35.99951]]}, "properties": {"id": "tims-715073", "tims_id": 715073, "road_name": "US-19", "road": "US-19", "common_name": "", "county": "Yancey", "closed_at": "2024-10-04T22:19:00Z", "reopened_at": "2024-12-13T14:30:15.632000Z", "est_end_at": "2025-01-31T17:00:00Z", "last_update_at": "2024-12-12T19:06:46Z", "condition": "Road Closed", "description": "The road is closed at Piney Hill Rd.", "location": "South of TN State Line / Both Directions", "severity": 3, "is_full_closure": null, "geom_kind": "line", "feed_status": "historical", "provenance": "real: NCDOT TIMS via ArcGIS FeatureServer", "source_url": "https://services.arcgis.com/NuWFvHYDMVmmxMeM/arcgis/rest/services/State_Maintained_Historical_TIMS_Incidents_Hurricane_Helene/FeatureServer/1"}}, {"type": "Feature", "geometry": {"type": "LineString", "coordinates": [[-82.5731, 35.58932], [-82.57276, 35.58925], [-82.5723, 35.58932], [-82.5706, 35.58986]]}, "properties": {"id": "tims-715076", "tims_id": 715076, "road_name": "SR-3408 (Craven St)", "road": "SR-3408", "common_name": "Craven St", "county": "Buncombe", "closed_at": "2024-10-04T22:25:00Z", "reopened_at": "2025-02-17T20:00:04.361000Z", "est_end_at": "2025-02-28T17:00:00Z", "last_update_at": "2025-01-20T11:17:58Z", "condition": "Road Closed", "description": "The road is closed near Riverside Dr.", "location": "In Asheville / Both Directions", "severity": 3, "is_full_closure": null, "geom_kind": "line", "feed_status": "historical", "provenance": "real: NCDOT TIMS via ArcGIS FeatureServer", "source_url": "https://services.arcgis.com/NuWFvHYDMVmmxMeM/arcgis/rest/services/State_Maintained_Historical_TIMS_Incidents_Hurricane_Helene/FeatureServer/1"}}, {"type": "Feature", "geometry": {"type": "LineString", "coordinates": [[-82.44914, 35.28935], [-82.44865, 35.28917], [-82.4475, 35.28905], [-82.44697, 35.28911], [-82.44662, 35.2894]]}, "properties": {"id": "tims-715078", "tims_id": 715078, "road_name": "SR-1164 (Erkwood Drive)", "road": "SR-1164", "common_name": "Erkwood Drive", "county": "Henderson", "closed_at": "2024-10-04T22:34:00Z", "reopened_at": "2024-10-30T14:40:04.903000Z", "est_end_at": "2024-10-31T16:00:00Z", "last_update_at": "2024-10-14T19:51:18Z", "condition": "Road Closed", "description": "The Road is closed near Hood Heights", "location": "Near Hendersonville / Both Directions", "severity": 3, "is_full_closure": null, "geom_kind": "line", "feed_status": "historical", "provenance": "real: NCDOT TIMS via ArcGIS FeatureServer", "source_url": "https://services.arcgis.com/NuWFvHYDMVmmxMeM/arcgis/rest/services/State_Maintained_Historical_TIMS_Incidents_Hurricane_Helene/FeatureServer/1"}}, {"type": "Feature", "geometry": {"type": "LineString", "coordinates": [[-82.60919, 35.56488], [-82.60836, 35.56465], [-82.60794, 35.56437], [-82.60768, 35.56413]]}, "properties": {"id": "tims-715079", "tims_id": 715079, "road_name": "SR-3413 (S Bear Creek Rd)", "road": "SR-3413", "common_name": "S Bear Creek Rd", "county": "Buncombe", "closed_at": "2024-10-04T22:37:00Z", "reopened_at": "2024-10-08T17:31:31.986000Z", "est_end_at": "2024-10-21T16:00:00Z", "last_update_at": "2024-10-08T16:27:11Z", "condition": "Road Closed", "description": "The road is closed near Sand Hill Rd.", "location": "Near Asheville / Both Directions", "severity": 2, "is_full_closure": null, "geom_kind": "line", "feed_status": "historical", "provenance": "real: NCDOT TIMS via ArcGIS FeatureServer", "source_url": "https://services.arcgis.com/NuWFvHYDMVmmxMeM/arcgis/rest/services/State_Maintained_Historical_TIMS_Incidents_Hurricane_Helene/FeatureServer/1"}}, {"type": "Feature", "geometry": {"type": "LineString", "coordinates": [[-82.48176, 35.6337], [-82.48169, 35.63423], [-82.48199, 35.63477], [-82.48202, 35.63512], [-82.48148, 35.63556], [-82.48106, 35.63582]]}, "properties": {"id": "tims-715080", "tims_id": 715080, "road_name": "SR-2581 (Wendy Lane)", "road": "SR-2581", "common_name": "Wendy Lane", "county": "Buncombe", "closed_at": "2024-10-04T22:38:00Z", "reopened_at": "2024-10-30T11:40:04.689000Z", "est_end_at": "2024-11-30T17:00:00Z", "last_update_at": "2024-10-30T11:03:46Z", "condition": "Road Closed", "description": "The road is closed near Ashley Road", "location": "Near Asheville / Both Directions", "severity": 3, "is_full_closure": null, "geom_kind": "line", "feed_status": "historical", "provenance": "real: NCDOT TIMS via ArcGIS FeatureServer", "source_url": "https://services.arcgis.com/NuWFvHYDMVmmxMeM/arcgis/rest/services/State_Maintained_Historical_TIMS_Incidents_Hurricane_Helene/FeatureServer/1"}}, {"type": "Feature", "geometry": {"type": "LineString", "coordinates": [[-82.2465, 35.65381], [-82.24641, 35.65425], [-82.24636, 35.65464], [-82.24592, 35.65488], [-82.24585, 35.65487], [-82.24572, 35.65478], [-82.24561, 35.65472], [-82.24557, 35.65454], [-82.24558, 35.65433], [-82.24566, 35.65419], [-82.24591, 35.65374]]}, "properties": {"id": "tims-715100", "tims_id": 715100, "road_name": "SR-1407 (Mill Creek Rd)", "road": "SR-1407", "common_name": "Mill Creek Rd", "county": "McDowell", "closed_at": "2024-10-05T00:16:00Z", "reopened_at": "2024-10-07T15:53:58.199000Z", "est_end_at": "2024-10-10T16:00:00Z", "last_update_at": "2024-10-05T00:21:15Z", "condition": "Road Closed", "description": "The road is closed at Graphite Rd.", "location": "West of Old Fort / Both Directions", "severity": 2, "is_full_closure": null, "geom_kind": "line", "feed_status": "historical", "provenance": "real: NCDOT TIMS via ArcGIS FeatureServer", "source_url": "https://services.arcgis.com/NuWFvHYDMVmmxMeM/arcgis/rest/services/State_Maintained_Historical_TIMS_Incidents_Hurricane_Helene/FeatureServer/1"}}, {"type": "Feature", "geometry": {"type": "LineString", "coordinates": [[-82.51453, 35.31945], [-82.5135, 35.31978], [-82.51321, 35.31981], [-82.51307, 35.31984], [-82.51294, 35.31991], [-82.51294, 35.32008], [-82.51284, 35.32034], [-82.51202, 35.32101]]}, "properties": {"id": "tims-715103", "tims_id": 715103, "road_name": "SR-1188 (Davis Mountain Rd)", "road": "SR-1188", "common_name": "Davis Mountain Rd", "county": "Henderson", "closed_at": "2024-10-05T00:24:00Z", "reopened_at": "2024-12-12T14:40:03.775000Z", "est_end_at": "2024-12-20T17:00:00Z", "last_update_at": "2024-11-25T16:58:48Z", "condition": "Road Closed", "description": "The road is closed near Crescent Point Drive.", "location": "West of Hendersonville / Both Directions", "severity": 2, "is_full_closure": null, "geom_kind": "line", "feed_status": "historical", "provenance": "real: NCDOT TIMS via ArcGIS FeatureServer", "source_url": "https://services.arcgis.com/NuWFvHYDMVmmxMeM/arcgis/rest/services/State_Maintained_Historical_TIMS_Incidents_Hurricane_Helene/FeatureServer/1"}}, {"type": "Feature", "geometry": {"type": "LineString", "coordinates": [[-82.32134, 35.59569], [-82.3211, 35.59538], [-82.32099, 35.59505], [-82.32109, 35.59318], [-82.32165, 35.59238], [-82.32183, 35.59123], [-82.32182, 35.59122]]}, "properties": {"id": "tims-715183", "tims_id": 715183, "road_name": "SR-2714 (Holland Dr)", "road": "SR-2714", "common_name": "Holland Dr", "county": "Buncombe", "closed_at": "2024-10-06T13:59:00Z", "reopened_at": "2024-11-01T13:40:04.023000Z", "est_end_at": "2024-11-30T17:00:00Z", "last_update_at": "2024-10-30T11:01:50Z", "condition": "Road Closed", "description": "The road is closed near Pearson Lane.", "location": "Near Black Mountain / Both Directions", "severity": 2, "is_full_closure": null, "geom_kind": "line", "feed_status": "historical", "provenance": "real: NCDOT TIMS via ArcGIS FeatureServer", "source_url": "https://services.arcgis.com/NuWFvHYDMVmmxMeM/arcgis/rest/services/State_Maintained_Historical_TIMS_Incidents_Hurricane_Helene/FeatureServer/1"}}, {"type": "Feature", "geometry": {"type": "LineString", "coordinates": [[-82.15503, 35.64169], [-82.15463, 35.63931], [-82.15433, 35.63906], [-82.15408, 35.63893], [-82.15381, 35.6389], [-82.14887, 35.63906]]}, "properties": {"id": "tims-715184", "tims_id": 715184, "road_name": "SR-1217 (Greenlee rd)", "road": "SR-1217", "common_name": "Greenlee rd", "county": "McDowell", "closed_at": "2024-10-06T14:07:00Z", "reopened_at": "2024-10-21T17:10:04.710000Z", "est_end_at": "2024-10-31T16:00:00Z", "last_update_at": "2024-10-10T12:31:59Z", "condition": "Road Closed", "description": "The road is closed near Ebenezer Church Rd.", "location": "West of Marion / Both Directions", "severity": 2, "is_full_closure": null, "geom_kind": "line", "feed_status": "historical", "provenance": "real: NCDOT TIMS via ArcGIS FeatureServer", "source_url": "https://services.arcgis.com/NuWFvHYDMVmmxMeM/arcgis/rest/services/State_Maintained_Historical_TIMS_Incidents_Hurricane_Helene/FeatureServer/1"}}, {"type": "Feature", "geometry": {"type": "Point", "coordinates": [-82.0036267673131, 35.8357215743746]}, "properties": {"id": "tims-715226", "tims_id": 715226, "road_name": "SR-1566 (Peppers Creek Road)", "road": "SR-1566", "common_name": "Peppers Creek Road", "county": "McDowell", "closed_at": "2024-10-07T10:37:00Z", "reopened_at": null, "est_end_at": "2024-10-21T19:30:00Z", "last_update_at": "2024-10-07T10:42:53Z", "condition": "Open", "description": "Peppers Creek Road has narrowed lanes due to damage from Hurricane Helene.", "location": "Near Marion / Both Directions", "severity": null, "is_full_closure": null, "geom_kind": "point", "feed_status": "historical", "provenance": "real: NCDOT TIMS via ArcGIS FeatureServer", "source_url": "https://services.arcgis.com/NuWFvHYDMVmmxMeM/arcgis/rest/services/State_Maintained_Historical_TIMS_Incidents_Hurricane_Helene/FeatureServer/0"}}, {"type": "Feature", "geometry": {"type": "LineString", "coordinates": [[-82.48487, 35.23779], [-82.48512, 35.23796], [-82.48544, 35.23815], [-82.48561, 35.23828], [-82.48576, 35.23848], [-82.48599, 35.23901]]}, "properties": {"id": "tims-715241", "tims_id": 715241, "road_name": "SR-2140 (Holiday Drive)", "road": "SR-2140", "common_name": "Holiday Drive", "county": "Henderson", "closed_at": "2024-10-07T12:11:00Z", "reopened_at": "2024-10-30T14:50:04.233000Z", "est_end_at": "2024-10-31T18:45:00Z", "last_update_at": "2024-10-14T19:52:03Z", "condition": "Road Impassable", "description": "Holiday Drive is closed near Pinnacle Mountain Road.", "location": "Near Hendersonville / Both Directions", "severity": 2, "is_full_closure": null, "geom_kind": "line", "feed_status": "historical", "provenance": "real: NCDOT TIMS via ArcGIS FeatureServer", "source_url": "https://services.arcgis.com/NuWFvHYDMVmmxMeM/arcgis/rest/services/State_Maintained_Historical_TIMS_Incidents_Hurricane_Helene/FeatureServer/1"}}, {"type": "Feature", "geometry": {"type": "LineString", "coordinates": [[-82.49055, 35.25402], [-82.49034, 35.25358], [-82.48996, 35.25328], [-82.48968, 35.25306], [-82.48966, 35.25278], [-82.4897, 35.25232], [-82.48988, 35.25174], [-82.49001, 35.25137], [-82.49008, 35.25123], [-82.49044, 35.25088], [-82.49054, 35.25072], [-82.49055, 35.25052], [-82.49046, 35.25025], [-82.49038, 35.25008], [-82.49023, 35.2499]]}, "properties": {"id": "tims-715242", "tims_id": 715242, "road_name": "SR-2140 (Holiday Drive)", "road": "SR-2140", "common_name": "Holiday Drive", "county": "Henderson", "closed_at": "2024-10-07T12:11:00Z", "reopened_at": "2024-10-30T14:50:04.233000Z", "est_end_at": "2024-10-31T18:45:00Z", "last_update_at": "2024-10-14T19:51:48Z", "condition": "Road Impassable", "description": "Holiday Drive is closed near Berea Church Road.", "location": "Near Hendersonville / Both Directions", "severity": 2, "is_full_closure": null, "geom_kind": "line", "feed_status": "historical", "provenance": "real: NCDOT TIMS via ArcGIS FeatureServer", "source_url": "https://services.arcgis.com/NuWFvHYDMVmmxMeM/arcgis/rest/services/State_Maintained_Historical_TIMS_Incidents_Hurricane_Helene/FeatureServer/1"}}, {"type": "Feature", "geometry": {"type": "Point", "coordinates": [-82.3941549815086, 35.8948773865797]}, "properties": {"id": "tims-715256", "tims_id": 715256, "road_name": "SR-1126 (Prices Creek Road)", "road": "SR-1126", "common_name": "Prices Creek Road", "county": "Yancey", "closed_at": "2024-10-07T13:50:00Z", "reopened_at": null, "est_end_at": "2024-10-21T20:00:00Z", "last_update_at": "2024-10-07T13:56:04Z", "condition": "Open", "description": "Lanes on Prices Creek Road are narrowed after a landslide.", "location": "Near Burnsville / Both Directions", "severity": null, "is_full_closure": null, "geom_kind": "point", "feed_status": "historical", "provenance": "real: NCDOT TIMS via ArcGIS FeatureServer", "source_url": "https://services.arcgis.com/NuWFvHYDMVmmxMeM/arcgis/rest/services/State_Maintained_Historical_TIMS_Incidents_Hurricane_Helene/FeatureServer/0"}}, {"type": "Feature", "geometry": {"type": "LineString", "coordinates": [[-81.94222, 35.87526], [-81.94146, 35.87579], [-81.94083, 35.87651], [-81.94031, 35.87799], [-81.93969, 35.87933], [-81.93806, 35.88121], [-81.93703, 35.88461], [-81.93548, 35.89045], [-81.93583, 35.89253], [-81.93754, 35.89552], [-81.93887, 35.89758], [-81.9407, 35.90223], [-81.94125, 35.90925], [-81.94017, 35.91332], [-81.93946, 35.91399], [-81.93899, 35.91439], [-81.93761, 35.9165], [-81.93744, 35.91724], [-81.93661, 35.92234], [-81.93712, 35.92338], [-81.93798, 35.92456], [-81.93892, 35.92811], [-81.93944, 35.93137], [-81.93817, 35.93246], [-81.93737, 35.93452], [-81.93784, 35.9366], [-81.93879, 35.93751], [-81.9393, 35.93886], [-81.94033, 35.94029], [-81.94085, 35.94164], [-81.94138, 35.9425], [-81.94108, 35.94375], [-81.94093, 35.94456], [-81.94108, 35.94521], [-81.94031, 35.94635], [-81.94064, 35.94795], [-81.94109, 35.94836], [-81.94176, 35.94913], [-81.94189, 35.94952], [-81.9419, 35.95003], [-81.94198, 35.95044], [-81.94216, 35.95068], [-81.94245, 35.95081], [-81.94348, 35.95101], [-81.94382, 35.95129], [-81.94443, 35.95238], [-81.94442, 35.95351], [-81.94395, 35.95419], [-81.94398, 35.95457], [-81.94446, 35.95504], [-81.94469, 35.95549], [-81.94476, 35.95618], [-81.94453, 35.95662], [-81.94358, 35.95702], [-81.94324, 35.95728], [-81.94318, 35.95801], [-81.9427, 35.95864]]}, "properties": {"id": "tims-715332", "tims_id": 715332, "road_name": "US-221", "road": "US-221", "common_name": "", "county": "McDowell", "closed_at": "2024-10-08T11:57:00Z", "reopened_at": "2024-10-10T23:30:08.773000Z", "est_end_at": "2024-10-14T14:57:00Z", "last_update_at": "2024-10-10T12:46:29Z", "condition": "Road Closed", "description": "Closed Due to Slides and broken pavement", "location": "North of Woodlawn / Both Directions", "severity": 2, "is_full_closure": null, "geom_kind": "line", "feed_status": "historical", "provenance": "real: NCDOT TIMS via ArcGIS FeatureServer", "source_url": "https://services.arcgis.com/NuWFvHYDMVmmxMeM/arcgis/rest/services/State_Maintained_Historical_TIMS_Incidents_Hurricane_Helene/FeatureServer/1"}}, {"type": "Feature", "geometry": {"type": "LineString", "coordinates": [[-81.94288, 35.87482], [-81.94269, 35.87495]]}, "properties": {"id": "tims-715334", "tims_id": 715334, "road_name": "US-221 (US 221 N)", "road": "US-221", "common_name": "US 221 N", "county": "McDowell", "closed_at": "2024-10-08T12:15:00Z", "reopened_at": "2024-10-14T13:20:06.270000Z", "est_end_at": "2024-10-14T13:15:00Z", "last_update_at": "2024-10-10T12:31:25Z", "condition": "Road Impassable", "description": "Bridge # 580119 washed out", "location": "North of Woodlawn / Both Directions", "severity": 2, "is_full_closure": null, "geom_kind": "line", "feed_status": "historical", "provenance": "real: NCDOT TIMS via ArcGIS FeatureServer", "source_url": "https://services.arcgis.com/NuWFvHYDMVmmxMeM/arcgis/rest/services/State_Maintained_Historical_TIMS_Incidents_Hurricane_Helene/FeatureServer/1"}}, {"type": "Feature", "geometry": {"type": "LineString", "coordinates": [[-82.74267, 35.93422], [-82.743, 35.93435], [-82.74326, 35.93451], [-82.74372, 35.93474]]}, "properties": {"id": "tims-715341", "tims_id": 715341, "road_name": "SR-1318 (Gunter Town Road)", "road": "SR-1318", "common_name": "Gunter Town Road", "county": "Madison", "closed_at": "2024-10-08T12:49:00Z", "reopened_at": "2025-04-24T00:00:06.095000Z", "est_end_at": "2025-12-31T22:00:00Z", "last_update_at": "2025-03-24T15:56:46Z", "condition": "Road Closed", "description": "The road is closed near NC 208. Local traffic only in this area.", "location": "North West of Hot Springs / Both Directions", "severity": 2, "is_full_closure": null, "geom_kind": "line", "feed_status": "historical", "provenance": "real: NCDOT TIMS via ArcGIS FeatureServer", "source_url": "https://services.arcgis.com/NuWFvHYDMVmmxMeM/arcgis/rest/services/State_Maintained_Historical_TIMS_Incidents_Hurricane_Helene/FeatureServer/1"}}, {"type": "Feature", "geometry": {"type": "LineString", "coordinates": [[-82.7488, 35.89349], [-82.749, 35.89348], [-82.74944, 35.89342], [-82.74958, 35.89339], [-82.74979, 35.89335], [-82.75007, 35.89337]]}, "properties": {"id": "tims-715344", "tims_id": 715344, "road_name": "SR-1319 (Lonesome Mountain Road)", "road": "SR-1319", "common_name": "Lonesome Mountain Road", "county": "Madison", "closed_at": "2024-10-08T12:55:00Z", "reopened_at": "2025-04-24T00:00:06.095000Z", "est_end_at": "2025-12-31T22:00:00Z", "last_update_at": "2025-03-24T15:56:28Z", "condition": "Road Closed", "description": "The road is closed near US 25/70. Local traffic only in this area.", "location": "East of Hot Springs / Both Directions", "severity": 3, "is_full_closure": null, "geom_kind": "line", "feed_status": "historical", "provenance": "real: NCDOT TIMS via ArcGIS FeatureServer", "source_url": "https://services.arcgis.com/NuWFvHYDMVmmxMeM/arcgis/rest/services/State_Maintained_Historical_TIMS_Incidents_Hurricane_Helene/FeatureServer/1"}}, {"type": "Feature", "geometry": {"type": "LineString", "coordinates": [[-82.75701, 35.91425], [-82.75702, 35.91499], [-82.75692, 35.91549], [-82.75708, 35.91636], [-82.7575, 35.91707], [-82.75792, 35.91726], [-82.75822, 35.91733], [-82.75894, 35.91737], [-82.7594, 35.9175], [-82.75979, 35.91764], [-82.76024, 35.91808], [-82.76093, 35.91893], [-82.76107, 35.91921], [-82.7613, 35.91995], [-82.76132, 35.92064], [-82.76111, 35.92145], [-82.76079, 35.92195], [-82.76045, 35.92226], [-82.75995, 35.92244], [-82.75912, 35.92253], [-82.75775, 35.9226], [-82.75691, 35.92271], [-82.75616, 35.9229], [-82.75586, 35.92293], [-82.75497, 35.92285], [-82.75424, 35.92273], [-82.75291, 35.92253], [-82.75221, 35.92253], [-82.75182, 35.9226], [-82.75153, 35.92289], [-82.75149, 35.92309], [-82.7517, 35.9234], [-82.75265, 35.92436], [-82.75269, 35.92489], [-82.75257, 35.92543], [-82.75258, 35.92574], [-82.75289, 35.92701], [-82.75318, 35.92727], [-82.75358, 35.92741], [-82.75395, 35.9274], [-82.75433, 35.92729], [-82.75571, 35.92651], [-82.75604, 35.92642], [-82.75642, 35.9265], [-82.75668, 35.92675], [-82.75677, 35.92701], [-82.75667, 35.92752], [-82.7565, 35.92802], [-82.75634, 35.92862], [-82.75618, 35.92882], [-82.75578, 35.92897], [-82.7552, 35.929], [-82.75089, 35.92905], [-82.75044, 35.92885], [-82.7502, 35.92861], [-82.75012, 35.92821], [-82.75017, 35.92793], [-82.75039, 35.92745], [-82.75046, 35.92695], [-82.75034, 35.92665], [-82.74989, 35.92626], [-82.74803, 35.92524], [-82.74759, 35.9251], [-82.74731, 35.92515], [-82.74697, 35.92539], [-82.74638, 35.92633], [-82.74619, 35.92702], [-82.74594, 35.92723], [-82.7445, 35.92767], [-82.74422, 35.92793], [-82.74405, 35.92827], [-82.74406, 35.92872], [-82.7444, 35.92919], [-82.74492, 35.92974], [-82.74545, 35.93], [-82.74595, 35.93027], [-82.74618, 35.9306], [-82.74626, 35.93092], [-82.74589, 35.93126], [-82.7453, 35.93171], [-82.7446, 35.93231], [-82.74444, 35.93264], [-82.74414, 35.9339], [-82.74382, 35.93461], [-82.74333, 35.93524]]}, "properties": {"id": "tims-715346", "tims_id": 715346, "road_name": "NC-208", "road": "NC-208", "common_name": "", "county": "Madison", "closed_at": "2024-10-08T12:59:00Z", "reopened_at": "2024-10-30T00:00:04.301000Z", "est_end_at": "2024-10-31T16:00:00Z", "last_update_at": "2024-10-22T22:04:37Z", "condition": "Road Closed", "description": "The road is closed near US 25/70. Local traffic only in this area.", "location": "East of Hot Springs / Both Directions", "severity": 3, "is_full_closure": null, "geom_kind": "line", "feed_status": "historical", "provenance": "real: NCDOT TIMS via ArcGIS FeatureServer", "source_url": "https://services.arcgis.com/NuWFvHYDMVmmxMeM/arcgis/rest/services/State_Maintained_Historical_TIMS_Incidents_Hurricane_Helene/FeatureServer/1"}}, {"type": "Feature", "geometry": {"type": "LineString", "coordinates": [[-83.01215, 35.60725], [-83.01166, 35.60747], [-83.01154, 35.60766], [-83.01142, 35.60819], [-83.01144, 35.60903], [-83.01144, 35.60923], [-83.01151, 35.60941], [-83.01159, 35.60951], [-83.01172, 35.60955], [-83.01183, 35.60958], [-83.01201, 35.60954], [-83.01221, 35.60954], [-83.01243, 35.6096], [-83.01318, 35.60972], [-83.0135, 35.60996], [-83.01374, 35.61031], [-83.01385, 35.61059], [-83.01371, 35.61103], [-83.01368, 35.6115], [-83.01374, 35.61227], [-83.01385, 35.61259], [-83.01405, 35.61279], [-83.01451, 35.61307], [-83.01487, 35.61342], [-83.01502, 35.61366], [-83.01519, 35.61414], [-83.01529, 35.6147], [-83.01515, 35.61583], [-83.0151, 35.61671], [-83.01514, 35.61718], [-83.01508, 35.61732], [-83.01486, 35.61761], [-83.01447, 35.61785], [-83.01327, 35.61841], [-83.01288, 35.6187], [-83.01251, 35.6189], [-83.01151, 35.61894], [-83.00978, 35.61894], [-83.0088, 35.61874], [-83.00772, 35.61832], [-83.00668, 35.61786], [-83.00631, 35.61756], [-83.00613, 35.61735], [-83.00595, 35.6171], [-83.00578, 35.61698], [-83.00556, 35.61688], [-83.00532, 35.61693], [-83.00508, 35.6171], [-83.00485, 35.61733], [-83.00479, 35.61749], [-83.00462, 35.61814], [-83.00442, 35.61848], [-83.00425, 35.61863], [-83.00409, 35.61901], [-83.00407, 35.61933], [-83.00413, 35.62039], [-83.00427, 35.62064], [-83.00445, 35.62082], [-83.00474, 35.62102], [-83.005, 35.62111], [-83.00597, 35.62135], [-83.00617, 35.62139], [-83.00652, 35.62145], [-83.00687, 35.62162], [-83.00704, 35.62185], [-83.0071, 35.62214], [-83.00715, 35.62254], [-83.00739, 35.62324], [-83.00766, 35.62356], [-83.00818, 35.62458], [-83.00824, 35.62474], [-83.00835, 35.62513], [-83.00861, 35.62533], [-83.00881, 35.62558], [-83.00902, 35.62597], [-83.00909, 35.62618], [-83.00902, 35.62643], [-83.00876, 35.62679], [-83.00851, 35.62701], [-83.00812, 35.62729], [-83.00747, 35.62762], [-83.00692, 35.62786], [-83.00648, 35.628], [-83.00606, 35.62807], [-83.00535, 35.62812], [-83.00325, 35.62825], [-83.00234, 35.62828], [-83.00175, 35.62838], [-83.00126, 35.62855], [-83.00044, 35.62899], [-82.99965, 35.62959], [-82.99811, 35.63079], [-82.99679, 35.63183], [-82.99573, 35.63268], [-82.99479, 35.6334], [-82.99336, 35.63434], [-82.99211, 35.63514], [-82.9918, 35.63548], [-82.99172, 35.63571], [-82.99173, 35.63593], [-82.9918, 35.63616], [-82.99204, 35.63647], [-82.99403, 35.63761], [-82.99445, 35.6378], [-82.99476, 35.638], [-82.99589, 35.6384], [-82.99652, 35.63885], [-82.99656, 35.63894], [-82.99653, 35.63902], [-82.9963, 35.63909], [-82.9961, 35.63906], [-82.99574, 35.63919], [-82.99553, 35.63917], [-82.99535, 35.63911], [-82.99427, 35.6393]]}, "properties": {"id": "tims-715387", "tims_id": 715387, "road_name": "SR-1338 (White Oak Road)", "road": "SR-1338", "common_name": "White Oak Road", "county": "Haywood", "closed_at": "2024-10-08T20:00:00Z", "reopened_at": "2025-04-24T00:00:06.095000Z", "est_end_at": "2025-10-31T21:00:00Z", "last_update_at": "2025-03-24T15:56:04Z", "condition": "Road Closed", "description": "The road is closed near Cove Creek Road, per truck restrictions.", "location": "North of Lake Junaluska / Both Directions", "severity": 2, "is_full_closure": null, "geom_kind": "line", "feed_status": "historical", "provenance": "real: NCDOT TIMS via ArcGIS FeatureServer", "source_url": "https://services.arcgis.com/NuWFvHYDMVmmxMeM/arcgis/rest/services/State_Maintained_Historical_TIMS_Incidents_Hurricane_Helene/FeatureServer/1"}}, {"type": "Feature", "geometry": {"type": "Point", "coordinates": [-82.4753579914017, 35.6549881528846]}, "properties": {"id": "tims-715393", "tims_id": 715393, "road_name": "SR-2419 (Bull Creek Rd)", "road": "SR-2419", "common_name": "Bull Creek Rd", "county": "Buncombe", "closed_at": "2024-10-08T20:21:00Z", "reopened_at": null, "est_end_at": "2024-10-31T16:00:00Z", "last_update_at": "2024-10-09T17:38:36Z", "condition": "Partial Access", "description": "There is a lane closed near Cuddly Rd. Motorists should exercise caution when traveling in the area.", "location": "In Asheville / Heading North", "severity": null, "is_full_closure": null, "geom_kind": "point", "feed_status": "historical", "provenance": "real: NCDOT TIMS via ArcGIS FeatureServer", "source_url": "https://services.arcgis.com/NuWFvHYDMVmmxMeM/arcgis/rest/services/State_Maintained_Historical_TIMS_Incidents_Hurricane_Helene/FeatureServer/0"}}, {"type": "Feature", "geometry": {"type": "Point", "coordinates": [-82.4718943476677, 35.6068448354332]}, "properties": {"id": "tims-715395", "tims_id": 715395, "road_name": "SR-2408 (Old Farm School Rd)", "road": "SR-2408", "common_name": "Old Farm School Rd", "county": "Buncombe", "closed_at": "2024-10-08T20:48:00Z", "reopened_at": null, "est_end_at": "2024-11-30T17:00:00Z", "last_update_at": "2024-10-30T11:01:04Z", "condition": "Partial Access", "description": "There is a lane closed near Old Farm School Rd.  Motorists should exercise caution when traveling in the area.", "location": "In Asheville / Heading East", "severity": null, "is_full_closure": null, "geom_kind": "point", "feed_status": "historical", "provenance": "real: NCDOT TIMS via ArcGIS FeatureServer", "source_url": "https://services.arcgis.com/NuWFvHYDMVmmxMeM/arcgis/rest/services/State_Maintained_Historical_TIMS_Incidents_Hurricane_Helene/FeatureServer/0"}}, {"type": "Feature", "geometry": {"type": "LineString", "coordinates": [[-82.9089, 35.53795], [-82.90887, 35.53787], [-82.90874, 35.53779], [-82.90843, 35.53777], [-82.90829, 35.53783], [-82.90818, 35.5379], [-82.90812, 35.53798], [-82.90804, 35.53818], [-82.90788, 35.539]]}, "properties": {"id": "tims-715419", "tims_id": 715419, "road_name": "SR-1642 (Spencer St)", "road": "SR-1642", "common_name": "Spencer St", "county": "Haywood", "closed_at": "2024-10-09T00:14:00Z", "reopened_at": "2024-10-17T10:50:04.249000Z", "est_end_at": "2024-10-31T16:00:00Z", "last_update_at": "2024-10-15T14:19:20Z", "condition": "Road Closed", "description": "The road is closed near Pinecrest Way.", "location": "Near Clyde / Both Directions", "severity": 2, "is_full_closure": null, "geom_kind": "line", "feed_status": "historical", "provenance": "real: NCDOT TIMS via ArcGIS FeatureServer", "source_url": "https://services.arcgis.com/NuWFvHYDMVmmxMeM/arcgis/rest/services/State_Maintained_Historical_TIMS_Incidents_Hurricane_Helene/FeatureServer/1"}}, {"type": "Feature", "geometry": {"type": "Point", "coordinates": [-82.9096648693085, 35.5385244318244]}, "properties": {"id": "tims-715420", "tims_id": 715420, "road_name": "SR-1642 (Spencer St)", "road": "SR-1642", "common_name": "Spencer St", "county": "Haywood", "closed_at": "2024-10-09T00:18:00Z", "reopened_at": null, "est_end_at": "2024-10-31T16:00:00Z", "last_update_at": "2024-10-09T18:24:51Z", "condition": "Partial Access", "description": "A lane is closed near Pinecrest Way.", "location": "Near Clyde / Both Directions", "severity": null, "is_full_closure": null, "geom_kind": "point", "feed_status": "historical", "provenance": "real: NCDOT TIMS via ArcGIS FeatureServer", "source_url": "https://services.arcgis.com/NuWFvHYDMVmmxMeM/arcgis/rest/services/State_Maintained_Historical_TIMS_Incidents_Hurricane_Helene/FeatureServer/0"}}, {"type": "Feature", "geometry": {"type": "LineString", "coordinates": [[-82.84699, 35.54321], [-82.84662, 35.54349], [-82.84633, 35.54378], [-82.84621, 35.54384]]}, "properties": {"id": "tims-715423", "tims_id": 715423, "road_name": "SR-1591 (Clark Ln)", "road": "SR-1591", "common_name": "Clark Ln", "county": "Haywood", "closed_at": "2024-10-09T00:31:00Z", "reopened_at": "2024-10-14T14:50:06.097000Z", "est_end_at": "2024-10-31T16:00:00Z", "last_update_at": "2024-10-09T00:34:06Z", "condition": "Road Closed", "description": "The road is closed at Pandora Cir.", "location": "Near Canton / Both Directions", "severity": 2, "is_full_closure": null, "geom_kind": "line", "feed_status": "historical", "provenance": "real: NCDOT TIMS via ArcGIS FeatureServer", "source_url": "https://services.arcgis.com/NuWFvHYDMVmmxMeM/arcgis/rest/services/State_Maintained_Historical_TIMS_Incidents_Hurricane_Helene/FeatureServer/1"}}, {"type": "Feature", "geometry": {"type": "LineString", "coordinates": [[-82.84704, 35.54316], [-82.84691, 35.54296], [-82.84651, 35.5426]]}, "properties": {"id": "tims-715425", "tims_id": 715425, "road_name": "SR-1590 (Pandora Cir)", "road": "SR-1590", "common_name": "Pandora Cir", "county": "Haywood", "closed_at": "2024-10-09T00:34:00Z", "reopened_at": "2024-10-14T14:50:06.097000Z", "est_end_at": "2024-10-31T16:00:00Z", "last_update_at": "2024-10-09T00:36:36Z", "condition": "Road Impassable", "description": "The road is impassable at Clark Ln.", "location": "Near Canton / Both Directions", "severity": 2, "is_full_closure": null, "geom_kind": "line", "feed_status": "historical", "provenance": "real: NCDOT TIMS via ArcGIS FeatureServer", "source_url": "https://services.arcgis.com/NuWFvHYDMVmmxMeM/arcgis/rest/services/State_Maintained_Historical_TIMS_Incidents_Hurricane_Helene/FeatureServer/1"}}, {"type": "Feature", "geometry": {"type": "LineString", "coordinates": [[-82.10411, 35.6661], [-82.10283, 35.66544], [-82.10254, 35.66522], [-82.10214, 35.6648], [-82.10152, 35.66392]]}, "properties": {"id": "tims-715433", "tims_id": 715433, "road_name": "SR-1214 (Old Greenlee Rd)", "road": "SR-1214", "common_name": "Old Greenlee Rd", "county": "McDowell", "closed_at": "2024-10-09T01:03:00Z", "reopened_at": "2024-10-21T17:10:04.710000Z", "est_end_at": "2024-10-31T16:00:00Z", "last_update_at": "2024-10-09T01:06:45Z", "condition": "Road Impassable", "description": "The road is impassable near Henry Mc Call Rd.", "location": "West of Marion / Both Directions", "severity": 2, "is_full_closure": null, "geom_kind": "line", "feed_status": "historical", "provenance": "real: NCDOT TIMS via ArcGIS FeatureServer", "source_url": "https://services.arcgis.com/NuWFvHYDMVmmxMeM/arcgis/rest/services/State_Maintained_Historical_TIMS_Incidents_Hurricane_Helene/FeatureServer/1"}}, {"type": "Feature", "geometry": {"type": "Point", "coordinates": [-82.1267676591873, 35.6398892602022]}, "properties": {"id": "tims-715437", "tims_id": 715437, "road_name": "I-40", "road": "I-40", "common_name": "", "county": "McDowell", "closed_at": "2024-10-09T01:09:00Z", "reopened_at": null, "est_end_at": "2024-10-31T16:00:00Z", "last_update_at": "2024-10-09T01:12:51Z", "condition": "Partial Access", "description": "A lane is closed 1 mile after Exit 75 (Parker Padgett Rd).", "location": "East of Old Fort / Mile Marker 76 Heading East", "severity": null, "is_full_closure": null, "geom_kind": "point", "feed_status": "historical", "provenance": "real: NCDOT TIMS via ArcGIS FeatureServer", "source_url": "https://services.arcgis.com/NuWFvHYDMVmmxMeM/arcgis/rest/services/State_Maintained_Historical_TIMS_Incidents_Hurricane_Helene/FeatureServer/0"}}, {"type": "Feature", "geometry": {"type": "Point", "coordinates": [-82.3676941394806, 35.6096745351254]}, "properties": {"id": "tims-715445", "tims_id": 715445, "road_name": "SR-2468 (Lake Eden Rd)", "road": "SR-2468", "common_name": "Lake Eden Rd", "county": "Buncombe", "closed_at": "2024-10-09T01:25:00Z", "reopened_at": null, "est_end_at": "2024-10-31T16:00:00Z", "last_update_at": "2024-10-09T01:28:01Z", "condition": "Partial Access", "description": "A lane is closed near Old US Hwy 70.", "location": "Near Black Mountain / Both Directions", "severity": null, "is_full_closure": null, "geom_kind": "point", "feed_status": "historical", "provenance": "real: NCDOT TIMS via ArcGIS FeatureServer", "source_url": "https://services.arcgis.com/NuWFvHYDMVmmxMeM/arcgis/rest/services/State_Maintained_Historical_TIMS_Incidents_Hurricane_Helene/FeatureServer/0"}}, {"type": "Feature", "geometry": {"type": "LineString", "coordinates": [[-82.19573, 35.63308], [-82.19452, 35.63383], [-82.19394, 35.63412], [-82.19359, 35.63442]]}, "properties": {"id": "tims-715447", "tims_id": 715447, "road_name": "SR-1401 (Simmons Rd)", "road": "SR-1401", "common_name": "Simmons Rd", "county": "McDowell", "closed_at": "2024-10-09T01:28:00Z", "reopened_at": "2024-10-11T13:30:06.021000Z", "est_end_at": "2024-10-31T16:00:00Z", "last_update_at": "2024-10-09T01:31:13Z", "condition": "Road Impassable", "description": "The road is impassable near Old US Hwy 70 W.", "location": "Near Old Fort / Both Directions", "severity": 2, "is_full_closure": null, "geom_kind": "line", "feed_status": "historical", "provenance": "real: NCDOT TIMS via ArcGIS FeatureServer", "source_url": "https://services.arcgis.com/NuWFvHYDMVmmxMeM/arcgis/rest/services/State_Maintained_Historical_TIMS_Incidents_Hurricane_Helene/FeatureServer/1"}}, {"type": "Feature", "geometry": {"type": "LineString", "coordinates": [[-82.18124, 35.62702], [-82.18127, 35.62752]]}, "properties": {"id": "tims-715449", "tims_id": 715449, "road_name": "SR-1103 (Catawba Ave)", "road": "SR-1103", "common_name": "Catawba Ave", "county": "McDowell", "closed_at": "2024-10-09T01:31:00Z", "reopened_at": "2025-02-28T17:10:04.416000Z", "est_end_at": "2025-02-28T17:00:00Z", "last_update_at": "2025-01-24T18:12:39Z", "condition": "Local Traffic Only", "description": "Local Traffic", "location": "Near Old Fort / Both Directions", "severity": 2, "is_full_closure": null, "geom_kind": "line", "feed_status": "historical", "provenance": "real: NCDOT TIMS via ArcGIS FeatureServer", "source_url": "https://services.arcgis.com/NuWFvHYDMVmmxMeM/arcgis/rest/services/State_Maintained_Historical_TIMS_Incidents_Hurricane_Helene/FeatureServer/1"}}, {"type": "Feature", "geometry": {"type": "LineString", "coordinates": [[-82.51231, 35.32082], [-82.51281, 35.32034], [-82.51293, 35.31997], [-82.51304, 35.31982], [-82.51334, 35.31976], [-82.51389, 35.31973], [-82.51468, 35.3194]]}, "properties": {"id": "tims-715117", "tims_id": 715117, "road_name": "SR-1188 (Davis Mountain. Road)", "road": "SR-1188", "common_name": "Davis Mountain. Road", "county": "Henderson", "closed_at": "2024-10-09T05:26:00Z", "reopened_at": "2024-10-30T14:50:04.233000Z", "est_end_at": "2024-10-31T16:00:00Z", "last_update_at": "2024-10-14T19:52:21Z", "condition": "Road Closed", "description": "The road is closed near Crescent Point Drive", "location": "Near Mills River / Both Directions", "severity": 3, "is_full_closure": null, "geom_kind": "line", "feed_status": "historical", "provenance": "real: NCDOT TIMS via ArcGIS FeatureServer", "source_url": "https://services.arcgis.com/NuWFvHYDMVmmxMeM/arcgis/rest/services/State_Maintained_Historical_TIMS_Incidents_Hurricane_Helene/FeatureServer/1"}}, {"type": "Feature", "geometry": {"type": "LineString", "coordinates": [[-82.94302, 35.67532], [-82.94287, 35.67473], [-82.94264, 35.67408], [-82.9424, 35.6737], [-82.94206, 35.67333], [-82.94195, 35.67312], [-82.94179, 35.6702], [-82.9417, 35.66806], [-82.94143, 35.66689], [-82.94084, 35.66501], [-82.94079, 35.66455], [-82.94079, 35.66408], [-82.94119, 35.66252], [-82.94203, 35.65972], [-82.94217, 35.65779], [-82.94227, 35.65652], [-82.94267, 35.65528], [-82.94297, 35.65455], [-82.9434, 35.6533], [-82.94324, 35.6516], [-82.94293, 35.64865], [-82.94096, 35.64526], [-82.94085, 35.64493], [-82.94078, 35.64455], [-82.94076, 35.64385], [-82.94141, 35.63994], [-82.94211, 35.6347], [-82.94305, 35.62877], [-82.94228, 35.62615], [-82.93983, 35.62353], [-82.93656, 35.62056], [-82.93609, 35.61976], [-82.93585, 35.61877], [-82.93544, 35.61643], [-82.93433, 35.61427], [-82.93477, 35.61323], [-82.93569, 35.6123], [-82.93721, 35.61016], [-82.93839, 35.60466], [-82.93826, 35.60407], [-82.93755, 35.60353], [-82.93665, 35.60293], [-82.936, 35.60175], [-82.93446, 35.60007], [-82.93364, 35.59887], [-82.93388, 35.59751], [-82.93489, 35.59631], [-82.93622, 35.5943]]}, "properties": {"id": "tims-715486", "tims_id": 715486, "road_name": "NC-209 (Rush Fork Road)", "road": "NC-209", "common_name": "Rush Fork Road", "county": "Haywood", "closed_at": "2024-10-09T12:21:00Z", "reopened_at": "2025-06-30T16:30:04.350000Z", "est_end_at": "2025-07-01T10:00:00Z", "last_update_at": "2025-06-18T23:26:21Z", "condition": "Road Closed", "description": "The road is closed from Betsy's Gap Road to Susie Noland Road.", "location": "North of Clyde / Both Directions", "severity": 3, "is_full_closure": null, "geom_kind": "line", "feed_status": "historical", "provenance": "real: NCDOT TIMS via ArcGIS FeatureServer", "source_url": "https://services.arcgis.com/NuWFvHYDMVmmxMeM/arcgis/rest/services/State_Maintained_Historical_TIMS_Incidents_Hurricane_Helene/FeatureServer/1"}}, {"type": "Feature", "geometry": {"type": "LineString", "coordinates": [[-82.30307, 35.85929], [-82.30422, 35.85911]]}, "properties": {"id": "tims-715528", "tims_id": 715528, "road_name": "SR-1184 (Riverview Rd)", "road": "SR-1184", "common_name": "Riverview Rd", "county": "Yancey", "closed_at": "2024-10-09T14:37:00Z", "reopened_at": "2024-12-13T14:40:08.744000Z", "est_end_at": "2025-01-31T17:00:00Z", "last_update_at": "2024-12-12T19:14:39Z", "condition": "Road Closed", "description": "The road is closed at NC 197.", "location": "South of Burnsville / Both Directions", "severity": 1, "is_full_closure": null, "geom_kind": "line", "feed_status": "historical", "provenance": "real: NCDOT TIMS via ArcGIS FeatureServer", "source_url": "https://services.arcgis.com/NuWFvHYDMVmmxMeM/arcgis/rest/services/State_Maintained_Historical_TIMS_Incidents_Hurricane_Helene/FeatureServer/1"}}, {"type": "Feature", "geometry": {"type": "LineString", "coordinates": [[-82.30756, 35.8478], [-82.30803, 35.84799], [-82.30817, 35.84813], [-82.30833, 35.84875]]}, "properties": {"id": "tims-715527", "tims_id": 715527, "road_name": "SR-1106 (Pensacola School Rd)", "road": "SR-1106", "common_name": "Pensacola School Rd", "county": "Yancey", "closed_at": "2024-10-09T14:37:00Z", "reopened_at": "2024-12-13T14:40:08.744000Z", "est_end_at": "2025-01-31T17:00:00Z", "last_update_at": "2024-12-12T19:13:35Z", "condition": "Road Closed", "description": "The road is closed at NC 197.", "location": "South of Burnsville / Both Directions", "severity": 1, "is_full_closure": null, "geom_kind": "line", "feed_status": "historical", "provenance": "real: NCDOT TIMS via ArcGIS FeatureServer", "source_url": "https://services.arcgis.com/NuWFvHYDMVmmxMeM/arcgis/rest/services/State_Maintained_Historical_TIMS_Incidents_Hurricane_Helene/FeatureServer/1"}}, {"type": "Feature", "geometry": {"type": "LineString", "coordinates": [[-82.319, 35.82968], [-82.319, 35.82986], [-82.31895, 35.82997], [-82.31866, 35.83023]]}, "properties": {"id": "tims-715520", "tims_id": 715520, "road_name": "SR-1101 (Sharp Top Rd)", "road": "SR-1101", "common_name": "Sharp Top Rd", "county": "Yancey", "closed_at": "2024-10-09T14:37:00Z", "reopened_at": "2024-12-13T14:40:08.744000Z", "est_end_at": "2025-01-31T17:00:00Z", "last_update_at": "2024-12-12T19:11:39Z", "condition": "Road Closed", "description": "The road is closed at NC 197.", "location": "South of Burnsville / Both Directions", "severity": 1, "is_full_closure": null, "geom_kind": "line", "feed_status": "historical", "provenance": "real: NCDOT TIMS via ArcGIS FeatureServer", "source_url": "https://services.arcgis.com/NuWFvHYDMVmmxMeM/arcgis/rest/services/State_Maintained_Historical_TIMS_Incidents_Hurricane_Helene/FeatureServer/1"}}, {"type": "Feature", "geometry": {"type": "LineString", "coordinates": [[-82.30749, 35.84768], [-82.30707, 35.84717], [-82.3062, 35.8465], [-82.30492, 35.84566]]}, "properties": {"id": "tims-715525", "tims_id": 715525, "road_name": "SR-1102 (Cattail Creek Rd)", "road": "SR-1102", "common_name": "Cattail Creek Rd", "county": "Yancey", "closed_at": "2024-10-09T14:37:00Z", "reopened_at": "2025-01-28T16:00:04.437000Z", "est_end_at": "2025-01-31T17:00:00Z", "last_update_at": "2024-12-12T19:12:33Z", "condition": "Road Closed", "description": "The road is closed at NC 197.", "location": "South of Burnsville / Both Directions", "severity": 1, "is_full_closure": null, "geom_kind": "line", "feed_status": "historical", "provenance": "real: NCDOT TIMS via ArcGIS FeatureServer", "source_url": "https://services.arcgis.com/NuWFvHYDMVmmxMeM/arcgis/rest/services/State_Maintained_Historical_TIMS_Incidents_Hurricane_Helene/FeatureServer/1"}}, {"type": "Feature", "geometry": {"type": "LineString", "coordinates": [[-82.29283, 35.90821], [-82.29297, 35.90781], [-82.29314, 35.90625], [-82.2932, 35.90554], [-82.29312, 35.90534], [-82.29282, 35.90498], [-82.29237, 35.9045], [-82.29198, 35.90434], [-82.29166, 35.90425], [-82.29127, 35.90406], [-82.29102, 35.90398], [-82.29072, 35.90399], [-82.2903, 35.90406], [-82.29002, 35.90407], [-82.28978, 35.90398], [-82.28962, 35.9038], [-82.28946, 35.90354], [-82.28939, 35.90332], [-82.28939, 35.90313], [-82.28941, 35.90284], [-82.28946, 35.90268], [-82.28955, 35.90251], [-82.28957, 35.90226], [-82.28958, 35.90205], [-82.28962, 35.90182], [-82.28975, 35.90163], [-82.29005, 35.90116], [-82.29016, 35.9008], [-82.29044, 35.90027], [-82.29073, 35.89981], [-82.29107, 35.89959], [-82.29156, 35.89943], [-82.29261, 35.89874], [-82.2923, 35.89836], [-82.29203, 35.89789], [-82.29222, 35.89761]]}, "properties": {"id": "tims-715517", "tims_id": 715517, "road_name": "SR-1182 (Wild Smith Rd)", "road": "SR-1182", "common_name": "Wild Smith Rd", "county": "Yancey", "closed_at": "2024-10-09T14:56:00Z", "reopened_at": "2024-12-13T14:40:08.744000Z", "est_end_at": "2025-01-31T17:00:00Z", "last_update_at": "2024-12-12T19:12:14Z", "condition": "Road Closed", "description": "The road is impassable due to storm damage.", "location": "Near Burnsville / Both Directions", "severity": 1, "is_full_closure": null, "geom_kind": "line", "feed_status": "historical", "provenance": "real: NCDOT TIMS via ArcGIS FeatureServer", "source_url": "https://services.arcgis.com/NuWFvHYDMVmmxMeM/arcgis/rest/services/State_Maintained_Historical_TIMS_Incidents_Hurricane_Helene/FeatureServer/1"}}, {"type": "Feature", "geometry": {"type": "LineString", "coordinates": [[-82.31164, 35.91278], [-82.31142, 35.91244], [-82.31097, 35.91207], [-82.31048, 35.91174], [-82.31025, 35.9115], [-82.30984, 35.91074], [-82.30942, 35.90984], [-82.30943, 35.90959], [-82.30941, 35.90935], [-82.30935, 35.90924], [-82.30926, 35.90911], [-82.30888, 35.90884], [-82.30874, 35.90847], [-82.3087, 35.90831], [-82.30851, 35.90808], [-82.30845, 35.90791], [-82.30838, 35.9077], [-82.30845, 35.90752], [-82.30858, 35.90742], [-82.30874, 35.90733], [-82.30909, 35.90718], [-82.30913, 35.90709], [-82.30916, 35.90699], [-82.3089, 35.90631], [-82.3089, 35.906], [-82.30889, 35.90586], [-82.30869, 35.90562], [-82.30854, 35.90559], [-82.30817, 35.90571], [-82.30755, 35.90606], [-82.3074, 35.90622], [-82.30713, 35.9066], [-82.30704, 35.90667], [-82.30692, 35.90667], [-82.30685, 35.9066], [-82.30683, 35.90648], [-82.30693, 35.90587], [-82.30717, 35.9056], [-82.30756, 35.9053], [-82.3077, 35.90515], [-82.30787, 35.90491], [-82.30804, 35.90459], [-82.30815, 35.9044], [-82.30815, 35.90426], [-82.30811, 35.90414], [-82.30799, 35.90405], [-82.30754, 35.90386], [-82.30749, 35.9038]]}, "properties": {"id": "tims-715532", "tims_id": 715532, "road_name": "SR-1139 (Ferguson Hill Rd)", "road": "SR-1139", "common_name": "Ferguson Hill Rd", "county": "Yancey", "closed_at": "2024-10-09T15:07:00Z", "reopened_at": "2024-12-13T14:40:08.744000Z", "est_end_at": "2025-01-31T17:00:00Z", "last_update_at": "2024-12-12T19:26:41Z", "condition": "Road Closed", "description": "The road is impassable due to storm damage.", "location": "Near Burnsville / Both Directions", "severity": 1, "is_full_closure": null, "geom_kind": "line", "feed_status": "historical", "provenance": "real: NCDOT TIMS via ArcGIS FeatureServer", "source_url": "https://services.arcgis.com/NuWFvHYDMVmmxMeM/arcgis/rest/services/State_Maintained_Historical_TIMS_Incidents_Hurricane_Helene/FeatureServer/1"}}, {"type": "Feature", "geometry": {"type": "LineString", "coordinates": [[-82.31957, 35.87402], [-82.32022, 35.87366], [-82.32009, 35.87347], [-82.31998, 35.87327], [-82.31998, 35.87309], [-82.32008, 35.8729], [-82.32036, 35.87273], [-82.32098, 35.87246], [-82.32151, 35.87221], [-82.32219, 35.87174], [-82.32224, 35.87165], [-82.32224, 35.87152], [-82.32209, 35.87125], [-82.32198, 35.871], [-82.32197, 35.87085], [-82.32204, 35.8707], [-82.32232, 35.87036], [-82.32249, 35.87015], [-82.32263, 35.86998], [-82.32294, 35.86982], [-82.32348, 35.86961], [-82.32426, 35.86931], [-82.3245, 35.8692], [-82.32469, 35.86907], [-82.32489, 35.86878], [-82.32527, 35.86825], [-82.32538, 35.86801], [-82.32543, 35.86785], [-82.32546, 35.8676], [-82.32553, 35.86729], [-82.3261, 35.86647], [-82.32693, 35.86539], [-82.328, 35.86395], [-82.3289, 35.86266], [-82.32963, 35.86148], [-82.33001, 35.86082], [-82.33053, 35.86014], [-82.33116, 35.85935], [-82.33135, 35.8592], [-82.33173, 35.85908], [-82.33218, 35.85903]]}, "properties": {"id": "tims-715535", "tims_id": 715535, "road_name": "SR-1112 (Toodies Creek Rd)", "road": "SR-1112", "common_name": "Toodies Creek Rd", "county": "Yancey", "closed_at": "2024-10-09T15:19:00Z", "reopened_at": "2025-01-28T16:00:04.437000Z", "est_end_at": "2025-01-31T17:00:00Z", "last_update_at": "2024-12-12T19:27:47Z", "condition": "Road Closed", "description": "The road is impassable due to storm damage.", "location": "Near Burnsville / Both Directions", "severity": 1, "is_full_closure": null, "geom_kind": "line", "feed_status": "historical", "provenance": "real: NCDOT TIMS via ArcGIS FeatureServer", "source_url": "https://services.arcgis.com/NuWFvHYDMVmmxMeM/arcgis/rest/services/State_Maintained_Historical_TIMS_Incidents_Hurricane_Helene/FeatureServer/1"}}, {"type": "Feature", "geometry": {"type": "LineString", "coordinates": [[-82.31956, 35.87402], [-82.32023, 35.87365], [-82.32053, 35.87398], [-82.32065, 35.87407], [-82.32084, 35.87413], [-82.32113, 35.8742], [-82.32133, 35.87435], [-82.32146, 35.8746], [-82.32153, 35.87483], [-82.32154, 35.87499], [-82.32147, 35.87546], [-82.32142, 35.87561], [-82.32143, 35.87582], [-82.32147, 35.87635], [-82.32165, 35.87673], [-82.3219, 35.87721], [-82.322, 35.87736], [-82.32206, 35.87764], [-82.32204, 35.87802], [-82.32232, 35.87871], [-82.32268, 35.87955], [-82.32285, 35.87975], [-82.32325, 35.88014]]}, "properties": {"id": "tims-715536", "tims_id": 715536, "road_name": "SR-1113 (Concord Church Rd)", "road": "SR-1113", "common_name": "Concord Church Rd", "county": "Yancey", "closed_at": "2024-10-09T15:22:00Z", "reopened_at": "2024-12-13T14:50:09.402000Z", "est_end_at": "2025-01-31T17:00:00Z", "last_update_at": "2024-12-12T19:28:12Z", "condition": "Road Closed", "description": "The road is impassable due to storm damage.", "location": "Near Burnsville / Both Directions", "severity": 1, "is_full_closure": null, "geom_kind": "line", "feed_status": "historical", "provenance": "real: NCDOT TIMS via ArcGIS FeatureServer", "source_url": "https://services.arcgis.com/NuWFvHYDMVmmxMeM/arcgis/rest/services/State_Maintained_Historical_TIMS_Incidents_Hurricane_Helene/FeatureServer/1"}}, {"type": "Feature", "geometry": {"type": "LineString", "coordinates": [[-82.31169, 35.86906], [-82.31107, 35.86894], [-82.31123, 35.86861], [-82.31134, 35.86834], [-82.3114, 35.86815], [-82.31144, 35.86798], [-82.31139, 35.86788], [-82.3113, 35.8678], [-82.31031, 35.86773], [-82.31004, 35.8678], [-82.30933, 35.86796], [-82.30903, 35.86808], [-82.30885, 35.8682], [-82.30872, 35.86831], [-82.30865, 35.86839], [-82.30858, 35.86843], [-82.30849, 35.86841], [-82.30845, 35.86834], [-82.30833, 35.86824], [-82.30808, 35.86818], [-82.30784, 35.86799], [-82.30763, 35.86793], [-82.30722, 35.86789]]}, "properties": {"id": "tims-715540", "tims_id": 715540, "road_name": "SR-1179 (Powell Rd)", "road": "SR-1179", "common_name": "Powell Rd", "county": "Yancey", "closed_at": "2024-10-09T15:32:00Z", "reopened_at": "2024-12-13T14:50:09.402000Z", "est_end_at": "2025-01-31T17:00:00Z", "last_update_at": "2024-12-12T19:29:25Z", "condition": "Road Closed", "description": "The road is impassable due to storm damage.", "location": "Near Burnsville / Both Directions", "severity": 1, "is_full_closure": null, "geom_kind": "line", "feed_status": "historical", "provenance": "real: NCDOT TIMS via ArcGIS FeatureServer", "source_url": "https://services.arcgis.com/NuWFvHYDMVmmxMeM/arcgis/rest/services/State_Maintained_Historical_TIMS_Incidents_Hurricane_Helene/FeatureServer/1"}}, {"type": "Feature", "geometry": {"type": "LineString", "coordinates": [[-82.33122, 35.60103], [-82.33105, 35.601], [-82.3309, 35.601], [-82.33074, 35.60102]]}, "properties": {"id": "tims-715567", "tims_id": 715567, "road_name": "SR-2713 (Old Lakey Gap Road)", "road": "SR-2713", "common_name": "Old Lakey Gap Road", "county": "Buncombe", "closed_at": "2024-10-09T18:56:00Z", "reopened_at": "2024-10-17T14:00:04.992000Z", "est_end_at": "2024-10-17T21:00:00Z", "last_update_at": "2024-10-16T15:47:46Z", "condition": "Road Closed", "description": "The road is closed near Cement Road.", "location": "In Black Mountain / Both Directions", "severity": 2, "is_full_closure": null, "geom_kind": "line", "feed_status": "historical", "provenance": "real: NCDOT TIMS via ArcGIS FeatureServer", "source_url": "https://services.arcgis.com/NuWFvHYDMVmmxMeM/arcgis/rest/services/State_Maintained_Historical_TIMS_Incidents_Hurricane_Helene/FeatureServer/1"}}, {"type": "Feature", "geometry": {"type": "LineString", "coordinates": [[-82.13297, 35.47799], [-82.13334, 35.47852], [-82.13374, 35.4786], [-82.13455, 35.4786], [-82.13421, 35.47831], [-82.13406, 35.47816], [-82.13391, 35.47784], [-82.13368, 35.47753], [-82.13394, 35.47788], [-82.13409, 35.4782], [-82.13458, 35.47862], [-82.13563, 35.47928], [-82.13597, 35.47943], [-82.13645, 35.47977], [-82.13739, 35.48024], [-82.13759, 35.48073], [-82.13748, 35.48113], [-82.13729, 35.48199], [-82.13702, 35.48232], [-82.13643, 35.48289], [-82.13585, 35.4833], [-82.13558, 35.48354], [-82.13541, 35.48385], [-82.13517, 35.48462], [-82.1351, 35.48488], [-82.13501, 35.4852], [-82.13514, 35.48605], [-82.13505, 35.48629], [-82.13429, 35.48681], [-82.13416, 35.48693], [-82.13413, 35.48737], [-82.13392, 35.48819], [-82.13398, 35.48858], [-82.13436, 35.48932], [-82.13493, 35.48984], [-82.13566, 35.49037], [-82.1357, 35.49068], [-82.1356, 35.49183], [-82.13526, 35.49209], [-82.13493, 35.49253], [-82.13466, 35.49319], [-82.13435, 35.49395], [-82.13399, 35.49468], [-82.13386, 35.49498], [-82.1335, 35.49622], [-82.13352, 35.4968], [-82.13376, 35.49733], [-82.13452, 35.49789], [-82.13503, 35.4987], [-82.13562, 35.49877], [-82.13683, 35.49885], [-82.13711, 35.49906], [-82.13709, 35.49928], [-82.13786, 35.49944], [-82.1388, 35.49952], [-82.14011, 35.49941], [-82.14043, 35.49946], [-82.14074, 35.49984], [-82.14108, 35.49992], [-82.14148, 35.49993], [-82.1423, 35.49989], [-82.14251, 35.49993], [-82.14348, 35.49984], [-82.14378, 35.49996], [-82.14403, 35.50026], [-82.14495, 35.50045], [-82.14565, 35.50035], [-82.14614, 35.50037], [-82.14728, 35.50062], [-82.14816, 35.5012], [-82.14872, 35.50144], [-82.14917, 35.50148], [-82.14959, 35.50134], [-82.15012, 35.50147], [-82.15077, 35.50164], [-82.15148, 35.50165], [-82.15177, 35.50192], [-82.152, 35.50243], [-82.15254, 35.50264], [-82.15302, 35.50292], [-82.15369, 35.50313], [-82.15429, 35.5034], [-82.15597, 35.50496], [-82.15646, 35.50602], [-82.15765, 35.50634], [-82.15801, 35.50694], [-82.15838, 35.50694], [-82.15871, 35.50687], [-82.15907, 35.50706], [-82.15933, 35.50742], [-82.15958, 35.50755], [-82.16063, 35.50784], [-82.16131, 35.50811], [-82.16173, 35.5082], [-82.16267, 35.50829]]}, "properties": {"id": "tims-715604", "tims_id": 715604, "road_name": "SR-1312 (Cedar Creek Road)", "road": "SR-1312", "common_name": "Cedar Creek Road", "county": "Rutherford", "closed_at": "2024-10-09T22:00:00Z", "reopened_at": "2024-10-21T12:00:04.360000Z", "est_end_at": "2024-10-31T16:00:00Z", "last_update_at": "2024-10-09T22:29:03Z", "condition": "Road Closed", "description": "The road is closed near Bills Creek Road.", "location": "North East of Lake Lure / Both Directions", "severity": 2, "is_full_closure": null, "geom_kind": "line", "feed_status": "historical", "provenance": "real: NCDOT TIMS via ArcGIS FeatureServer", "source_url": "https://services.arcgis.com/NuWFvHYDMVmmxMeM/arcgis/rest/services/State_Maintained_Historical_TIMS_Incidents_Hurricane_Helene/FeatureServer/1"}}, {"type": "Feature", "geometry": {"type": "LineString", "coordinates": [[-82.1982, 35.53992], [-82.19846, 35.53965], [-82.19869, 35.53944], [-82.19881, 35.53923], [-82.19918, 35.53895], [-82.19931, 35.5386], [-82.19957, 35.53846], [-82.19991, 35.53846], [-82.20031, 35.53861], [-82.20041, 35.53853], [-82.2002, 35.53835], [-82.19985, 35.53817], [-82.19932, 35.53818], [-82.1991, 35.53813], [-82.19902, 35.53781], [-82.19834, 35.53638], [-82.19784, 35.5355], [-82.19756, 35.53517], [-82.19749, 35.53439], [-82.19745, 35.53417], [-82.19709, 35.53401], [-82.19619, 35.53402], [-82.19547, 35.53389], [-82.19481, 35.5339], [-82.19363, 35.53343], [-82.19303, 35.53282], [-82.19279, 35.53229], [-82.19196, 35.53186], [-82.19138, 35.5317], [-82.19058, 35.53176], [-82.18992, 35.53188], [-82.1897, 35.5319], [-82.18937, 35.53148], [-82.18869, 35.53087], [-82.18768, 35.5304], [-82.18686, 35.53037], [-82.18639, 35.5299], [-82.18596, 35.52965], [-82.18535, 35.52915], [-82.18493, 35.52899], [-82.18455, 35.52859], [-82.18409, 35.52835], [-82.18291, 35.52794], [-82.18193, 35.5279], [-82.1812, 35.52743], [-82.18083, 35.52725], [-82.1803, 35.52683], [-82.1801, 35.52657], [-82.17947, 35.52654], [-82.17883, 35.52661], [-82.17796, 35.52643], [-82.17683, 35.52677], [-82.17632, 35.52669], [-82.17521, 35.52702], [-82.17467, 35.52705], [-82.17425, 35.52683]]}, "properties": {"id": "tims-715606", "tims_id": 715606, "road_name": "SR-2793 (Cedar Creek Road)", "road": "SR-2793", "common_name": "Cedar Creek Road", "county": "Buncombe", "closed_at": "2024-10-09T22:30:00Z", "reopened_at": "2024-11-18T13:58:43.405000Z", "est_end_at": "2024-11-30T17:00:00Z", "last_update_at": "2024-10-30T10:58:10Z", "condition": "Road Closed", "description": "The road is closed near Bat Cave Road.", "location": "Near Black Mountain / Both Directions", "severity": 2, "is_full_closure": null, "geom_kind": "line", "feed_status": "historical", "provenance": "real: NCDOT TIMS via ArcGIS FeatureServer", "source_url": "https://services.arcgis.com/NuWFvHYDMVmmxMeM/arcgis/rest/services/State_Maintained_Historical_TIMS_Incidents_Hurricane_Helene/FeatureServer/1"}}, {"type": "Feature", "geometry": {"type": "LineString", "coordinates": [[-83.10818, 35.52083], [-83.1096, 35.52137], [-83.11045, 35.52159], [-83.11178, 35.52222], [-83.11238, 35.5229], [-83.11288, 35.52314], [-83.11353, 35.52335], [-83.11419, 35.52339], [-83.11506, 35.52324], [-83.1181, 35.52232], [-83.1208, 35.52124], [-83.12235, 35.52038], [-83.12425, 35.51902], [-83.12553, 35.51787], [-83.12657, 35.51671], [-83.12808, 35.51497], [-83.12967, 35.51379], [-83.13063, 35.51309], [-83.13151, 35.51262], [-83.13231, 35.5125], [-83.1333, 35.51269], [-83.13394, 35.51281], [-83.13642, 35.51239], [-83.13795, 35.51138], [-83.13986, 35.50988], [-83.14134, 35.50965], [-83.14213, 35.50927], [-83.14376, 35.50707], [-83.14509, 35.50635], [-83.14551, 35.50585], [-83.14585, 35.50423], [-83.14765, 35.50283], [-83.14828, 35.50091], [-83.15112, 35.49989], [-83.15251, 35.49961], [-83.15751, 35.49483]]}, "properties": {"id": "tims-715607", "tims_id": 715607, "road_name": "US-19 (Soco Road)", "road": "US-19", "common_name": "Soco Road", "county": "Haywood", "closed_at": "2024-10-09T22:30:00Z", "reopened_at": "2025-03-17T23:20:03.680000Z", "est_end_at": "2025-10-31T16:00:00Z", "last_update_at": "2024-10-22T20:23:31Z", "condition": "Road Closed", "description": "The road is closed per truck restrictions.", "location": "Near Maggie Valley / Heading South", "severity": 3, "is_full_closure": null, "geom_kind": "line", "feed_status": "historical", "provenance": "real: NCDOT TIMS via ArcGIS FeatureServer", "source_url": "https://services.arcgis.com/NuWFvHYDMVmmxMeM/arcgis/rest/services/State_Maintained_Historical_TIMS_Incidents_Hurricane_Helene/FeatureServer/1"}}, {"type": "Feature", "geometry": {"type": "LineString", "coordinates": [[-82.033, 35.79778], [-82.03794, 35.80174], [-82.03807, 35.80227], [-82.03785, 35.80317], [-82.03794, 35.80449], [-82.03871, 35.80596], [-82.03907, 35.80602], [-82.0398, 35.80672], [-82.03998, 35.80726], [-82.04028, 35.80778], [-82.04066, 35.80815], [-82.04124, 35.80834], [-82.0415, 35.80851], [-82.04154, 35.80921], [-82.0418, 35.80982], [-82.04227, 35.81024], [-82.04302, 35.81097], [-82.04352, 35.81125], [-82.04369, 35.81154], [-82.04373, 35.81186], [-82.04379, 35.81216], [-82.04324, 35.81285], [-82.04276, 35.8131], [-82.04201, 35.81355], [-82.04146, 35.81444], [-82.04128, 35.81478], [-82.04066, 35.81543], [-82.0401, 35.81593], [-82.0398, 35.81726], [-82.03972, 35.81799], [-82.03995, 35.81893], [-82.04032, 35.81952], [-82.04066, 35.82007], [-82.04165, 35.82103], [-82.04242, 35.8218], [-82.0442, 35.82312], [-82.04719, 35.82575], [-82.04755, 35.82609], [-82.048, 35.82698], [-82.04794, 35.82804], [-82.04696, 35.83005], [-82.04644, 35.83096], [-82.04609, 35.83216], [-82.04599, 35.83291], [-82.04611, 35.8336], [-82.04605, 35.83416], [-82.04526, 35.83539], [-82.04488, 35.83593], [-82.04459, 35.83634], [-82.04421, 35.83661], [-82.04396, 35.83677], [-82.04389, 35.8369], [-82.04398, 35.83704], [-82.04413, 35.83716], [-82.04432, 35.83716], [-82.04461, 35.8372]]}, "properties": {"id": "tims-715625", "tims_id": 715625, "road_name": "NC-226 (Coxes Creek Road)", "road": "NC-226", "common_name": "Coxes Creek Road", "county": "McDowell", "closed_at": "2024-10-10T00:10:00Z", "reopened_at": "2024-10-15T15:30:05.140000Z", "est_end_at": "2024-10-31T16:00:00Z", "last_update_at": "2024-10-11T11:00:30Z", "condition": "Road Closed", "description": "The road is closed between US 221 and NC 226 Alt.", "location": "Near Woodlawn / Both Directions", "severity": 3, "is_full_closure": null, "geom_kind": "line", "feed_status": "historical", "provenance": "real: NCDOT TIMS via ArcGIS FeatureServer", "source_url": "https://services.arcgis.com/NuWFvHYDMVmmxMeM/arcgis/rest/services/State_Maintained_Historical_TIMS_Incidents_Hurricane_Helene/FeatureServer/1"}}, {"type": "Feature", "geometry": {"type": "LineString", "coordinates": [[-82.04376, 35.81159], [-82.0438, 35.81186], [-82.04377, 35.8122], [-82.04358, 35.81251], [-82.04338, 35.81271], [-82.04314, 35.81285], [-82.04275, 35.81312], [-82.0422, 35.81345], [-82.04199, 35.81368], [-82.04175, 35.81399], [-82.04168, 35.81398], [-82.04212, 35.81347], [-82.04338, 35.81267], [-82.04363, 35.81237], [-82.04372, 35.81211], [-82.0437, 35.8116], [-82.04376, 35.81161]]}, "properties": {"id": "tims-715629", "tims_id": 715629, "road_name": "NC-226 (Coxes Creek Road)", "road": "NC-226", "common_name": "Coxes Creek Road", "county": "McDowell", "closed_at": "2024-10-10T00:47:00Z", "reopened_at": "2024-10-15T15:30:05.140000Z", "est_end_at": "2024-10-31T16:00:00Z", "last_update_at": "2024-10-10T01:06:23Z", "condition": "Road Closed", "description": "The road is closed between NC 226 Alt and Stones Throw Path.", "location": "Near Woodlawn / Both Directions", "severity": 3, "is_full_closure": null, "geom_kind": "line", "feed_status": "historical", "provenance": "real: NCDOT TIMS via ArcGIS FeatureServer", "source_url": "https://services.arcgis.com/NuWFvHYDMVmmxMeM/arcgis/rest/services/State_Maintained_Historical_TIMS_Incidents_Hurricane_Helene/FeatureServer/1"}}, {"type": "Feature", "geometry": {"type": "LineString", "coordinates": [[-82.53415, 35.7898], [-82.53386, 35.78976], [-82.53377, 35.7897], [-82.53364, 35.78966]]}, "properties": {"id": "tims-715634", "tims_id": 715634, "road_name": "SR-2150 (Hobson Branch Rd)", "road": "SR-2150", "common_name": "Hobson Branch Rd", "county": "Buncombe", "closed_at": "2024-10-10T01:02:00Z", "reopened_at": "2024-10-16T13:50:04.693000Z", "est_end_at": "2024-10-31T21:00:00Z", "last_update_at": "2024-10-10T01:23:29Z", "condition": "Road Closed", "description": "The road is closed near Bartlett Rd.", "location": "Near Leicester / Both Directions", "severity": 3, "is_full_closure": null, "geom_kind": "line", "feed_status": "historical", "provenance": "real: NCDOT TIMS via ArcGIS FeatureServer", "source_url": "https://services.arcgis.com/NuWFvHYDMVmmxMeM/arcgis/rest/services/State_Maintained_Historical_TIMS_Incidents_Hurricane_Helene/FeatureServer/1"}}, {"type": "Feature", "geometry": {"type": "LineString", "coordinates": [[-82.51627, 35.31548], [-82.51617, 35.31543], [-82.51585, 35.31543], [-82.51569, 35.31557], [-82.51561, 35.31585], [-82.51565, 35.31609], [-82.51576, 35.31621]]}, "properties": {"id": "tims-715636", "tims_id": 715636, "road_name": "SR-1188 (Davis Mountain Rd)", "road": "SR-1188", "common_name": "Davis Mountain Rd", "county": "Henderson", "closed_at": "2024-10-10T01:27:00Z", "reopened_at": "2024-10-30T14:50:04.233000Z", "est_end_at": "2024-10-31T16:00:00Z", "last_update_at": "2024-10-14T19:53:39Z", "condition": "Road Closed", "description": "The road is closed near Evenstar Crescent", "location": "Near Hendersonville / Both Directions", "severity": 2, "is_full_closure": null, "geom_kind": "line", "feed_status": "historical", "provenance": "real: NCDOT TIMS via ArcGIS FeatureServer", "source_url": "https://services.arcgis.com/NuWFvHYDMVmmxMeM/arcgis/rest/services/State_Maintained_Historical_TIMS_Incidents_Hurricane_Helene/FeatureServer/1"}}, {"type": "Feature", "geometry": {"type": "LineString", "coordinates": [[-82.52082, 35.31586], [-82.52069, 35.31564], [-82.52043, 35.31545], [-82.52027, 35.31545], [-82.51971, 35.31563], [-82.5195, 35.31592]]}, "properties": {"id": "tims-715638", "tims_id": 715638, "road_name": "SR-1188 (Davis Mountain Rd)", "road": "SR-1188", "common_name": "Davis Mountain Rd", "county": "Henderson", "closed_at": "2024-10-10T01:35:00Z", "reopened_at": "2024-10-30T14:50:04.233000Z", "est_end_at": "2024-10-31T16:00:00Z", "last_update_at": "2024-10-14T19:53:56Z", "condition": "Road Closed", "description": "The road is closed near James Estate Ln", "location": "Near Laurel Park / Both Directions", "severity": 2, "is_full_closure": null, "geom_kind": "line", "feed_status": "historical", "provenance": "real: NCDOT TIMS via ArcGIS FeatureServer", "source_url": "https://services.arcgis.com/NuWFvHYDMVmmxMeM/arcgis/rest/services/State_Maintained_Historical_TIMS_Incidents_Hurricane_Helene/FeatureServer/1"}}, {"type": "Feature", "geometry": {"type": "LineString", "coordinates": [[-82.03986, 35.81717], [-82.04015, 35.81592], [-82.04035, 35.81561], [-82.04055, 35.81542], [-82.04107, 35.81511], [-82.04169, 35.81412], [-82.04162, 35.81411], [-82.04105, 35.8151], [-82.04052, 35.8154], [-82.04034, 35.81556], [-82.04012, 35.81591], [-82.03981, 35.81714], [-82.03987, 35.81714]]}, "properties": {"id": "tims-715642", "tims_id": 715642, "road_name": "NC-226 (Coxes Creek Road)", "road": "NC-226", "common_name": "Coxes Creek Road", "county": "McDowell", "closed_at": "2024-10-10T01:38:00Z", "reopened_at": "2024-10-15T15:20:05.108000Z", "est_end_at": "2024-10-31T16:00:00Z", "last_update_at": "2024-10-10T01:44:00Z", "condition": "Road Closed", "description": "The road is closed near Evergreen Drive and Stones Throw Path.", "location": "Near Woodlawn / Both Directions", "severity": 3, "is_full_closure": null, "geom_kind": "line", "feed_status": "historical", "provenance": "real: NCDOT TIMS via ArcGIS FeatureServer", "source_url": "https://services.arcgis.com/NuWFvHYDMVmmxMeM/arcgis/rest/services/State_Maintained_Historical_TIMS_Incidents_Hurricane_Helene/FeatureServer/1"}}, {"type": "Feature", "geometry": {"type": "LineString", "coordinates": [[-82.17054, 35.58858], [-82.17115, 35.58728], [-82.17201, 35.58671], [-82.17297, 35.58613]]}, "properties": {"id": "tims-715651", "tims_id": 715651, "road_name": "SR-1103 (Bat Cave Rd)", "road": "SR-1103", "common_name": "Bat Cave Rd", "county": "McDowell", "closed_at": "2024-10-10T04:10:00Z", "reopened_at": "2024-10-18T23:00:04.418000Z", "est_end_at": "2024-10-31T16:00:00Z", "last_update_at": "2024-10-10T04:09:22Z", "condition": "Road Closed", "description": "The road is closed near Silvers Welch Rd.", "location": "Near Old Fort / Both Directions", "severity": 3, "is_full_closure": null, "geom_kind": "line", "feed_status": "historical", "provenance": "real: NCDOT TIMS via ArcGIS FeatureServer", "source_url": "https://services.arcgis.com/NuWFvHYDMVmmxMeM/arcgis/rest/services/State_Maintained_Historical_TIMS_Incidents_Hurricane_Helene/FeatureServer/1"}}, {"type": "Feature", "geometry": {"type": "LineString", "coordinates": [[-82.59321, 35.50068], [-82.59302, 35.50016], [-82.59294, 35.49977], [-82.59306, 35.49899]]}, "properties": {"id": "tims-715654", "tims_id": 715654, "road_name": "NC-191", "road": "NC-191", "common_name": "", "county": "Buncombe", "closed_at": "2024-10-10T04:49:00Z", "reopened_at": "2024-10-16T15:50:04.742000Z", "est_end_at": "2024-10-31T16:00:00Z", "last_update_at": "2024-10-10T04:52:58Z", "condition": "Road Closed", "description": "The road is closed near Blue Ridge Pkwy.", "location": "Near Arden / Both Directions", "severity": 3, "is_full_closure": null, "geom_kind": "line", "feed_status": "historical", "provenance": "real: NCDOT TIMS via ArcGIS FeatureServer", "source_url": "https://services.arcgis.com/NuWFvHYDMVmmxMeM/arcgis/rest/services/State_Maintained_Historical_TIMS_Incidents_Hurricane_Helene/FeatureServer/1"}}, {"type": "Feature", "geometry": {"type": "LineString", "coordinates": [[-82.29841, 35.38277], [-82.2978, 35.38316], [-82.29721, 35.38352], [-82.29708, 35.38366], [-82.29699, 35.3838], [-82.2969, 35.38424], [-82.29683, 35.38451]]}, "properties": {"id": "tims-715656", "tims_id": 715656, "road_name": "SR-1714 (Kerr Rd)", "road": "SR-1714", "common_name": "Kerr Rd", "county": "Henderson", "closed_at": "2024-10-10T06:27:00Z", "reopened_at": "2024-12-12T14:30:04.254000Z", "est_end_at": "2024-12-20T17:00:00Z", "last_update_at": "2024-11-25T16:32:35Z", "condition": "Road Closed", "description": "The road is closed near Roland Jones Rd.", "location": "Near Hendersonville / Both Directions", "severity": 2, "is_full_closure": null, "geom_kind": "line", "feed_status": "historical", "provenance": "real: NCDOT TIMS via ArcGIS FeatureServer", "source_url": "https://services.arcgis.com/NuWFvHYDMVmmxMeM/arcgis/rest/services/State_Maintained_Historical_TIMS_Incidents_Hurricane_Helene/FeatureServer/1"}}, {"type": "Feature", "geometry": {"type": "LineString", "coordinates": [[-82.2878, 35.45022], [-82.28777, 35.45006], [-82.2878, 35.44988], [-82.28782, 35.44973], [-82.28784, 35.44967], [-82.28785, 35.44958], [-82.28788, 35.44948]]}, "properties": {"id": "tims-715657", "tims_id": 715657, "road_name": "SR-1701 (Rock Broad River Road)", "road": "SR-1701", "common_name": "Rock Broad River Road", "county": "Henderson", "closed_at": "2024-10-10T06:48:00Z", "reopened_at": "2024-10-30T15:30:05.187000Z", "est_end_at": "2024-10-31T16:00:00Z", "last_update_at": "2024-10-10T06:51:36Z", "condition": "Road Closed", "description": "The road is closed near US 64.", "location": "North East of Hendersonville / Both Directions", "severity": 2, "is_full_closure": null, "geom_kind": "line", "feed_status": "historical", "provenance": "real: NCDOT TIMS via ArcGIS FeatureServer", "source_url": "https://services.arcgis.com/NuWFvHYDMVmmxMeM/arcgis/rest/services/State_Maintained_Historical_TIMS_Incidents_Hurricane_Helene/FeatureServer/1"}}, {"type": "Feature", "geometry": {"type": "LineString", "coordinates": [[-82.8214, 35.89358], [-82.82154, 35.89381], [-82.82169, 35.89409], [-82.82185, 35.89435], [-82.82211, 35.89442], [-82.82235, 35.89444], [-82.82251, 35.89473], [-82.82349, 35.89644], [-82.82402, 35.89698], [-82.8264, 35.89839], [-82.82737, 35.8989], [-82.82781, 35.89928], [-82.82891, 35.89967], [-82.83005, 35.89974], [-82.83094, 35.89966], [-82.83163, 35.89948], [-82.83194, 35.89933], [-82.8338, 35.89819], [-82.83423, 35.89807], [-82.83454, 35.89808], [-82.83501, 35.8982], [-82.83574, 35.89852], [-82.83741, 35.89931], [-82.83861, 35.90032], [-82.8401, 35.90154], [-82.84086, 35.90236], [-82.84187, 35.9039], [-82.84407, 35.90712], [-82.84607, 35.90948], [-82.8496, 35.91454], [-82.85088, 35.91627], [-82.85493, 35.91989], [-82.85804, 35.92298], [-82.86063, 35.92459], [-82.86239, 35.92495], [-82.86411, 35.92506], [-82.86763, 35.92457], [-82.87057, 35.92179], [-82.87143, 35.92078], [-82.87296, 35.92043], [-82.87467, 35.92083], [-82.87791, 35.92265], [-82.88098, 35.92901], [-82.8886, 35.93641], [-82.89058, 35.93798], [-82.8931, 35.94086], [-82.89481, 35.9424], [-82.89594, 35.94354], [-82.89672, 35.94399], [-82.8986, 35.94478], [-82.89878, 35.94486]]}, "properties": {"id": "tims-715685", "tims_id": 715685, "road_name": "SR-1304 (River Road)", "road": "SR-1304", "common_name": "River Road", "county": "Madison", "closed_at": "2024-10-10T14:53:00Z", "reopened_at": "2025-04-24T00:10:04.451000Z", "est_end_at": "2025-12-31T22:00:00Z", "last_update_at": "2025-03-24T15:55:25Z", "condition": "Road Closed", "description": "The road is closed at US 25/70, per truck restrictions.", "location": "In Hot Springs / Both Directions", "severity": 1, "is_full_closure": null, "geom_kind": "line", "feed_status": "historical", "provenance": "real: NCDOT TIMS via ArcGIS FeatureServer", "source_url": "https://services.arcgis.com/NuWFvHYDMVmmxMeM/arcgis/rest/services/State_Maintained_Historical_TIMS_Incidents_Hurricane_Helene/FeatureServer/1"}}, {"type": "Feature", "geometry": {"type": "LineString", "coordinates": [[-82.48858, 35.43528], [-82.48889, 35.43543], [-82.48927, 35.43558], [-82.48949, 35.43571], [-82.48985, 35.43584], [-82.49014, 35.43594], [-82.49068, 35.43614]]}, "properties": {"id": "tims-715688", "tims_id": 715688, "road_name": "SR-1551 (Mills Gap Road)", "road": "SR-1551", "common_name": "Mills Gap Road", "county": "Henderson", "closed_at": "2024-10-10T15:31:00Z", "reopened_at": "2024-10-30T15:00:04.904000Z", "est_end_at": "2024-11-10T17:31:00Z", "last_update_at": "2024-10-10T15:34:51Z", "condition": "Road Closed", "description": "The road is closed just before Cane Creek Road.", "location": "North East of Fletcher / Both Directions", "severity": 1, "is_full_closure": null, "geom_kind": "line", "feed_status": "historical", "provenance": "real: NCDOT TIMS via ArcGIS FeatureServer", "source_url": "https://services.arcgis.com/NuWFvHYDMVmmxMeM/arcgis/rest/services/State_Maintained_Historical_TIMS_Incidents_Hurricane_Helene/FeatureServer/1"}}, {"type": "Feature", "geometry": {"type": "Point", "coordinates": [-82.3194333678464, 35.5998684923926]}, "properties": {"id": "tims-715689", "tims_id": 715689, "road_name": "SR-2713 (Old Lakey Gap Road)", "road": "SR-2713", "common_name": "Old Lakey Gap Road", "county": "Buncombe", "closed_at": "2024-10-10T15:39:00Z", "reopened_at": null, "est_end_at": "2024-10-17T21:00:00Z", "last_update_at": "2024-10-16T15:47:27Z", "condition": "Open", "description": "The road is down to one lane near Lynch Cove Road, due to storm damage.", "location": "In Black Mountain / Both Directions", "severity": null, "is_full_closure": null, "geom_kind": "point", "feed_status": "historical", "provenance": "real: NCDOT TIMS via ArcGIS FeatureServer", "source_url": "https://services.arcgis.com/NuWFvHYDMVmmxMeM/arcgis/rest/services/State_Maintained_Historical_TIMS_Incidents_Hurricane_Helene/FeatureServer/0"}}, {"type": "Feature", "geometry": {"type": "LineString", "coordinates": [[-82.06727, 35.81018], [-82.06678, 35.81032], [-82.06653, 35.81029], [-82.06637, 35.81025], [-82.06619, 35.81005], [-82.06611, 35.80992], [-82.06604, 35.80966], [-82.06596, 35.80939], [-82.0659, 35.80916], [-82.06584, 35.80886], [-82.0656, 35.80841], [-82.06542, 35.80803], [-82.06515, 35.80759], [-82.065, 35.80735], [-82.0647, 35.80693], [-82.0644, 35.8067], [-82.0642, 35.80657], [-82.06372, 35.80654], [-82.06351, 35.80661], [-82.06288, 35.80673], [-82.06244, 35.80684], [-82.06174, 35.80688], [-82.06054, 35.80694], [-82.0601, 35.80706], [-82.05973, 35.80727], [-82.05946, 35.80756], [-82.0593, 35.80775], [-82.05875, 35.80798], [-82.05836, 35.80831], [-82.05784, 35.80872], [-82.05671, 35.80957], [-82.05638, 35.80995], [-82.05606, 35.81029], [-82.05564, 35.81082], [-82.05522, 35.8113], [-82.05491, 35.81168], [-82.05441, 35.81218], [-82.05415, 35.81241], [-82.05366, 35.81268], [-82.0532, 35.81273], [-82.05285, 35.81273], [-82.05256, 35.81252], [-82.05247, 35.81231], [-82.05243, 35.81216], [-82.05225, 35.81196], [-82.05172, 35.81176], [-82.05097, 35.81145], [-82.05035, 35.8114], [-82.04939, 35.81159], [-82.04862, 35.81176], [-82.04811, 35.81212], [-82.04792, 35.8122], [-82.04773, 35.81219], [-82.0474, 35.81199], [-82.04689, 35.81172], [-82.04636, 35.81151], [-82.04589, 35.81147], [-82.04546, 35.81156], [-82.04511, 35.81171], [-82.04488, 35.81182], [-82.04436, 35.81164], [-82.04407, 35.81152], [-82.04382, 35.81147]]}, "properties": {"id": "tims-715699", "tims_id": 715699, "road_name": "NC-226 ALT", "road": "NC-226 ALT", "common_name": "", "county": "McDowell", "closed_at": "2024-10-10T18:24:00Z", "reopened_at": "2025-02-28T17:10:04.416000Z", "est_end_at": "2025-02-28T17:00:00Z", "last_update_at": "2025-01-24T17:46:23Z", "condition": "Local Traffic Only", "description": "Local Traffic", "location": "North of Woodlawn / Both Directions", "severity": 2, "is_full_closure": null, "geom_kind": "line", "feed_status": "historical", "provenance": "real: NCDOT TIMS via ArcGIS FeatureServer", "source_url": "https://services.arcgis.com/NuWFvHYDMVmmxMeM/arcgis/rest/services/State_Maintained_Historical_TIMS_Incidents_Hurricane_Helene/FeatureServer/1"}}, {"type": "Feature", "geometry": {"type": "LineString", "coordinates": [[-82.98152, 35.4534], [-82.98106, 35.45295], [-82.98049, 35.45262], [-82.97982, 35.45227], [-82.9793, 35.45195], [-82.97873, 35.45145], [-82.97837, 35.45092], [-82.97811, 35.45034], [-82.97787, 35.44981], [-82.97748, 35.4493], [-82.97685, 35.44871], [-82.97574, 35.44736], [-82.97541, 35.44688], [-82.97441, 35.4466], [-82.97346, 35.44653]]}, "properties": {"id": "tims-715704", "tims_id": 715704, "road_name": "SR-1138 (Camp Branch Road)", "road": "SR-1138", "common_name": "Camp Branch Road", "county": "Haywood", "closed_at": "2024-10-10T18:33:00Z", "reopened_at": "2024-11-24T18:40:04.171000Z", "est_end_at": "2024-11-30T17:00:00Z", "last_update_at": "2024-10-31T10:40:26Z", "condition": "Road Closed", "description": "The road is closed near Wolfpen Road. Motorists should use caution while traveling in the area.", "location": "Near Waynesville / Both Directions", "severity": 1, "is_full_closure": null, "geom_kind": "line", "feed_status": "historical", "provenance": "real: NCDOT TIMS via ArcGIS FeatureServer", "source_url": "https://services.arcgis.com/NuWFvHYDMVmmxMeM/arcgis/rest/services/State_Maintained_Historical_TIMS_Incidents_Hurricane_Helene/FeatureServer/1"}}, {"type": "Feature", "geometry": {"type": "LineString", "coordinates": [[-82.43352, 35.76564], [-82.43278, 35.76579]]}, "properties": {"id": "tims-715703", "tims_id": 715703, "road_name": "SR-2174 (Williams Branch Rd)", "road": "SR-2174", "common_name": "Williams Branch Rd", "county": "Buncombe", "closed_at": "2024-10-10T18:34:00Z", "reopened_at": "2024-10-16T13:50:04.693000Z", "est_end_at": "2024-10-31T16:00:00Z", "last_update_at": "2024-10-10T18:36:57Z", "condition": "Road Impassable", "description": "The road is impassable between Dillingham Rd and Worley Rd.", "location": "South East of Barnardsville / Both Directions", "severity": 2, "is_full_closure": null, "geom_kind": "line", "feed_status": "historical", "provenance": "real: NCDOT TIMS via ArcGIS FeatureServer", "source_url": "https://services.arcgis.com/NuWFvHYDMVmmxMeM/arcgis/rest/services/State_Maintained_Historical_TIMS_Incidents_Hurricane_Helene/FeatureServer/1"}}, {"type": "Feature", "geometry": {"type": "LineString", "coordinates": [[-82.27911, 35.9243], [-82.27914, 35.92381], [-82.27907, 35.92329], [-82.27865, 35.92241], [-82.27827, 35.92151]]}, "properties": {"id": "tims-715705", "tims_id": 715705, "road_name": "NC-197", "road": "NC-197", "common_name": "", "county": "Yancey", "closed_at": "2024-10-10T18:37:00Z", "reopened_at": "2024-10-16T14:50:08.779000Z", "est_end_at": "2024-10-31T16:00:00Z", "last_update_at": "2024-10-10T18:39:43Z", "condition": "Road Impassable", "description": "The road is impassable near Roland Hills Rd.", "location": "Near Burnsville / Both Directions", "severity": 2, "is_full_closure": null, "geom_kind": "line", "feed_status": "historical", "provenance": "real: NCDOT TIMS via ArcGIS FeatureServer", "source_url": "https://services.arcgis.com/NuWFvHYDMVmmxMeM/arcgis/rest/services/State_Maintained_Historical_TIMS_Incidents_Hurricane_Helene/FeatureServer/1"}}, {"type": "Feature", "geometry": {"type": "LineString", "coordinates": [[-82.37801, 35.55091], [-82.37825, 35.55063], [-82.3783, 35.55051], [-82.37839, 35.55026], [-82.37885, 35.54993], [-82.37945, 35.54967], [-82.37989, 35.54933], [-82.37994, 35.54926], [-82.37999, 35.54902], [-82.38021, 35.54876], [-82.38071, 35.54832], [-82.38084, 35.54815]]}, "properties": {"id": "tims-715707", "tims_id": 715707, "road_name": "SR-2783 (Rocky Fork Rd)", "road": "SR-2783", "common_name": "Rocky Fork Rd", "county": "Buncombe", "closed_at": "2024-10-10T18:54:00Z", "reopened_at": "2024-10-16T00:30:04.598000Z", "est_end_at": "2024-10-31T16:00:00Z", "last_update_at": "2024-10-10T18:57:23Z", "condition": "Road Impassable", "description": "The road is impassable near Buck Ridge Rd.", "location": "North East of Fairview / Both Directions", "severity": 2, "is_full_closure": null, "geom_kind": "line", "feed_status": "historical", "provenance": "real: NCDOT TIMS via ArcGIS FeatureServer", "source_url": "https://services.arcgis.com/NuWFvHYDMVmmxMeM/arcgis/rest/services/State_Maintained_Historical_TIMS_Incidents_Hurricane_Helene/FeatureServer/1"}}, {"type": "Feature", "geometry": {"type": "LineString", "coordinates": [[-82.86936, 35.45807], [-82.86968, 35.45725]]}, "properties": {"id": "tims-715708", "tims_id": 715708, "road_name": "SR-1106 (Dix Creek Road)", "road": "SR-1106", "common_name": "Dix Creek Road", "county": "Haywood", "closed_at": "2024-10-10T18:57:00Z", "reopened_at": "2024-11-24T18:40:04.171000Z", "est_end_at": "2024-11-30T17:00:00Z", "last_update_at": "2024-10-31T10:37:30Z", "condition": "Road Closed", "description": "The road is closed near Mundy Field Road. Motorists should use caution while traveling in the area.", "location": "East of Waynesville / Both Directions", "severity": 1, "is_full_closure": null, "geom_kind": "line", "feed_status": "historical", "provenance": "real: NCDOT TIMS via ArcGIS FeatureServer", "source_url": "https://services.arcgis.com/NuWFvHYDMVmmxMeM/arcgis/rest/services/State_Maintained_Historical_TIMS_Incidents_Hurricane_Helene/FeatureServer/1"}}, {"type": "Feature", "geometry": {"type": "LineString", "coordinates": [[-82.28704, 35.45157], [-82.28641, 35.45142], [-82.28586, 35.45118], [-82.28536, 35.45097], [-82.28401, 35.4504], [-82.28237, 35.44975]]}, "properties": {"id": "tims-715709", "tims_id": 715709, "road_name": "US-64", "road": "US-64", "common_name": "", "county": "Henderson", "closed_at": "2024-10-10T19:04:00Z", "reopened_at": "2024-10-30T15:00:04.904000Z", "est_end_at": "2024-10-31T16:00:00Z", "last_update_at": "2024-10-10T19:09:55Z", "condition": "Road Impassable", "description": "The road is impassable near Rockwood Inn Dr", "location": "North East of Hendersonville / Both Directions", "severity": 2, "is_full_closure": null, "geom_kind": "line", "feed_status": "historical", "provenance": "real: NCDOT TIMS via ArcGIS FeatureServer", "source_url": "https://services.arcgis.com/NuWFvHYDMVmmxMeM/arcgis/rest/services/State_Maintained_Historical_TIMS_Incidents_Hurricane_Helene/FeatureServer/1"}}, {"type": "Feature", "geometry": {"type": "LineString", "coordinates": [[-82.04683, 35.83016], [-82.04767, 35.82864], [-82.04803, 35.82761], [-82.04811, 35.82697], [-82.04789, 35.82637], [-82.04724, 35.82577], [-82.04588, 35.82462]]}, "properties": {"id": "tims-715713", "tims_id": 715713, "road_name": "NC-226", "road": "NC-226", "common_name": "", "county": "McDowell", "closed_at": "2024-10-10T19:21:00Z", "reopened_at": "2024-10-15T15:20:05.108000Z", "est_end_at": "2024-10-31T16:00:00Z", "last_update_at": "2024-10-10T19:26:29Z", "condition": "Road Impassable", "description": "The road is impassable from Maces Park Dr to Miracle Dr.", "location": "North of Woodlawn / Both Directions", "severity": 3, "is_full_closure": null, "geom_kind": "line", "feed_status": "historical", "provenance": "real: NCDOT TIMS via ArcGIS FeatureServer", "source_url": "https://services.arcgis.com/NuWFvHYDMVmmxMeM/arcgis/rest/services/State_Maintained_Historical_TIMS_Incidents_Hurricane_Helene/FeatureServer/1"}}, {"type": "Feature", "geometry": {"type": "LineString", "coordinates": [[-82.04565, 35.83864], [-82.04546, 35.83845], [-82.04546, 35.8383], [-82.04567, 35.83776], [-82.04562, 35.8376], [-82.04559, 35.8375], [-82.04526, 35.83736], [-82.04467, 35.83719], [-82.04408, 35.83711], [-82.04395, 35.837], [-82.0439, 35.83691], [-82.04397, 35.83681], [-82.04408, 35.83671], [-82.04424, 35.8366], [-82.04444, 35.83652], [-82.04471, 35.83623], [-82.04496, 35.83587]]}, "properties": {"id": "tims-715715", "tims_id": 715715, "road_name": "NC-226", "road": "NC-226", "common_name": "", "county": "McDowell", "closed_at": "2024-10-10T19:31:00Z", "reopened_at": "2024-10-15T15:20:05.108000Z", "est_end_at": "2024-10-31T16:00:00Z", "last_update_at": "2024-10-10T19:33:43Z", "condition": "Road Impassable", "description": "The road is impassable north of John Sr Dr.", "location": "North of Woodlawn / Both Directions", "severity": 3, "is_full_closure": null, "geom_kind": "line", "feed_status": "historical", "provenance": "real: NCDOT TIMS via ArcGIS FeatureServer", "source_url": "https://services.arcgis.com/NuWFvHYDMVmmxMeM/arcgis/rest/services/State_Maintained_Historical_TIMS_Incidents_Hurricane_Helene/FeatureServer/1"}}, {"type": "Feature", "geometry": {"type": "LineString", "coordinates": [[-82.33341, 35.9047], [-82.33284, 35.90401], [-82.33236, 35.90363], [-82.33172, 35.903], [-82.33123, 35.90279], [-82.33108, 35.90263], [-82.33109, 35.9022]]}, "properties": {"id": "tims-715717", "tims_id": 715717, "road_name": "SR-1114 (Dam Road)", "road": "SR-1114", "common_name": "Dam Road", "county": "Yancey", "closed_at": "2024-10-10T19:35:00Z", "reopened_at": "2024-12-13T14:50:09.402000Z", "est_end_at": "2025-01-31T17:00:00Z", "last_update_at": "2024-12-12T19:31:54Z", "condition": "Road Closed", "description": "The Road is closed near Shull Farm Road", "location": "Near Burnsville / Both Directions", "severity": 3, "is_full_closure": null, "geom_kind": "line", "feed_status": "historical", "provenance": "real: NCDOT TIMS via ArcGIS FeatureServer", "source_url": "https://services.arcgis.com/NuWFvHYDMVmmxMeM/arcgis/rest/services/State_Maintained_Historical_TIMS_Incidents_Hurricane_Helene/FeatureServer/1"}}, {"type": "Feature", "geometry": {"type": "LineString", "coordinates": [[-82.05685, 35.80951], [-82.05869, 35.80808], [-82.05939, 35.80768], [-82.05981, 35.8072], [-82.06049, 35.80696], [-82.06224, 35.80689], [-82.06386, 35.80655], [-82.06439, 35.80664], [-82.06478, 35.80701], [-82.06556, 35.80826], [-82.06581, 35.80878], [-82.06597, 35.80959], [-82.06626, 35.81019], [-82.0667, 35.8103], [-82.0673, 35.81018], [-82.06834, 35.80968], [-82.06895, 35.80975], [-82.07015, 35.81096], [-82.07142, 35.81143], [-82.07301, 35.81145], [-82.07343, 35.81158], [-82.07384, 35.8122], [-82.07438, 35.81246], [-82.07519, 35.81242], [-82.07604, 35.81281], [-82.07766, 35.81324], [-82.07798, 35.81352], [-82.07839, 35.81446], [-82.07828, 35.81477], [-82.07698, 35.81555], [-82.07697, 35.81645], [-82.07649, 35.81766], [-82.07647, 35.81813], [-82.07679, 35.8194], [-82.07617, 35.81995], [-82.07618, 35.81993]]}, "properties": {"id": "tims-715721", "tims_id": 715721, "road_name": "NC-226 ALT", "road": "NC-226 ALT", "common_name": "", "county": "McDowell", "closed_at": "2024-10-10T20:07:00Z", "reopened_at": "2025-02-28T17:10:04.416000Z", "est_end_at": "2025-02-28T17:00:00Z", "last_update_at": "2025-01-24T17:47:11Z", "condition": "Local Traffic Only", "description": "Road is open to local traffic.", "location": "North of Marion / Both Directions", "severity": 3, "is_full_closure": null, "geom_kind": "line", "feed_status": "historical", "provenance": "real: NCDOT TIMS via ArcGIS FeatureServer", "source_url": "https://services.arcgis.com/NuWFvHYDMVmmxMeM/arcgis/rest/services/State_Maintained_Historical_TIMS_Incidents_Hurricane_Helene/FeatureServer/1"}}, {"type": "Feature", "geometry": {"type": "LineString", "coordinates": [[-82.14343, 35.63605], [-82.14296, 35.63611], [-82.14258, 35.63618], [-82.14033, 35.63671], [-82.13903, 35.63734], [-82.13817, 35.63766], [-82.13695, 35.63775], [-82.13637, 35.63755]]}, "properties": {"id": "tims-715725", "tims_id": 715725, "road_name": "SR-1240 (Parker Padgett Rd)", "road": "SR-1240", "common_name": "Parker Padgett Rd", "county": "McDowell", "closed_at": "2024-10-10T20:22:00Z", "reopened_at": "2024-10-18T23:00:04.418000Z", "est_end_at": "2024-10-31T16:00:00Z", "last_update_at": "2024-10-10T20:29:02Z", "condition": "Road Impassable", "description": "The road is impassable near Oakdale Rd.", "location": "Near Old Fort / Both Directions", "severity": 2, "is_full_closure": null, "geom_kind": "line", "feed_status": "historical", "provenance": "real: NCDOT TIMS via ArcGIS FeatureServer", "source_url": "https://services.arcgis.com/NuWFvHYDMVmmxMeM/arcgis/rest/services/State_Maintained_Historical_TIMS_Incidents_Hurricane_Helene/FeatureServer/1"}}, {"type": "Feature", "geometry": {"type": "LineString", "coordinates": [[-82.34826, 35.91032], [-82.34717, 35.90914], [-82.34667, 35.90818], [-82.34596, 35.90617]]}, "properties": {"id": "tims-715738", "tims_id": 715738, "road_name": "SR-1115 (Bakers Creek Rd)", "road": "SR-1115", "common_name": "Bakers Creek Rd", "county": "Yancey", "closed_at": "2024-10-10T21:41:00Z", "reopened_at": "2024-10-16T19:50:04.543000Z", "est_end_at": "2024-10-30T16:00:00Z", "last_update_at": "2024-10-10T21:43:49Z", "condition": "Road Closed", "description": "The road is closed near Maintenance road", "location": "Near Burnsville / Both Directions", "severity": 3, "is_full_closure": null, "geom_kind": "line", "feed_status": "historical", "provenance": "real: NCDOT TIMS via ArcGIS FeatureServer", "source_url": "https://services.arcgis.com/NuWFvHYDMVmmxMeM/arcgis/rest/services/State_Maintained_Historical_TIMS_Incidents_Hurricane_Helene/FeatureServer/1"}}, {"type": "Feature", "geometry": {"type": "LineString", "coordinates": [[-82.29214, 35.92448], [-82.2919, 35.92448], [-82.29174, 35.92451], [-82.29132, 35.92494]]}, "properties": {"id": "tims-715784", "tims_id": 715784, "road_name": "SR-1369 (Green Mt Dr)", "road": "SR-1369", "common_name": "Green Mt Dr", "county": "Yancey", "closed_at": "2024-10-11T02:27:00Z", "reopened_at": "2024-12-13T14:50:09.402000Z", "est_end_at": "2025-01-31T17:00:00Z", "last_update_at": "2024-12-12T19:33:15Z", "condition": "Road Closed", "description": "The road is closed near Aunt Effie Road.", "location": "Near Burnsville / Both Directions", "severity": 2, "is_full_closure": null, "geom_kind": "line", "feed_status": "historical", "provenance": "real: NCDOT TIMS via ArcGIS FeatureServer", "source_url": "https://services.arcgis.com/NuWFvHYDMVmmxMeM/arcgis/rest/services/State_Maintained_Historical_TIMS_Incidents_Hurricane_Helene/FeatureServer/1"}}, {"type": "Feature", "geometry": {"type": "LineString", "coordinates": [[-82.32726, 35.91432], [-82.32641, 35.91383], [-82.32619, 35.91378]]}, "properties": {"id": "tims-715785", "tims_id": 715785, "road_name": "SR-1438 (Charlie Brown Rd)", "road": "SR-1438", "common_name": "Charlie Brown Rd", "county": "Yancey", "closed_at": "2024-10-11T02:38:00Z", "reopened_at": "2024-12-13T14:50:09.402000Z", "est_end_at": "2025-01-31T17:00:00Z", "last_update_at": "2024-12-12T19:33:37Z", "condition": "Road Closed", "description": "The road is closed near Genes Ln.", "location": "Near Burnsville / Both Directions", "severity": 2, "is_full_closure": null, "geom_kind": "line", "feed_status": "historical", "provenance": "real: NCDOT TIMS via ArcGIS FeatureServer", "source_url": "https://services.arcgis.com/NuWFvHYDMVmmxMeM/arcgis/rest/services/State_Maintained_Historical_TIMS_Incidents_Hurricane_Helene/FeatureServer/1"}}, {"type": "Feature", "geometry": {"type": "Point", "coordinates": [-82.3296766281128, 35.9210492672821]}, "properties": {"id": "tims-715787", "tims_id": 715787, "road_name": "SR-1437 (Mountain View Rd)", "road": "SR-1437", "common_name": "Mountain View Rd", "county": "Yancey", "closed_at": "2024-10-11T02:48:00Z", "reopened_at": null, "est_end_at": "2025-01-31T17:00:00Z", "last_update_at": "2024-12-12T19:34:09Z", "condition": "Open", "description": "The shoulder is closed near Charlie Brown Rd.", "location": "Near Burnsville / Both Directions", "severity": null, "is_full_closure": null, "geom_kind": "point", "feed_status": "historical", "provenance": "real: NCDOT TIMS via ArcGIS FeatureServer", "source_url": "https://services.arcgis.com/NuWFvHYDMVmmxMeM/arcgis/rest/services/State_Maintained_Historical_TIMS_Incidents_Hurricane_Helene/FeatureServer/0"}}, {"type": "Feature", "geometry": {"type": "LineString", "coordinates": [[-82.36879, 35.79868], [-82.36851, 35.79902], [-82.36851, 35.79922], [-82.36865, 35.79928], [-82.36884, 35.79918], [-82.36909, 35.7986]]}, "properties": {"id": "tims-715788", "tims_id": 715788, "road_name": "NC-197 (North Fork Road)", "road": "NC-197", "common_name": "North Fork Road", "county": "Buncombe", "closed_at": "2024-10-11T03:05:00Z", "reopened_at": "2024-12-03T13:30:05.207000Z", "est_end_at": "2024-12-31T17:00:00Z", "last_update_at": "2024-11-18T14:04:53Z", "condition": "Road Closed", "description": "The road is closed near Howard Stines Lane.", "location": "East of Barnardsville / Both Directions", "severity": 3, "is_full_closure": null, "geom_kind": "line", "feed_status": "historical", "provenance": "real: NCDOT TIMS via ArcGIS FeatureServer", "source_url": "https://services.arcgis.com/NuWFvHYDMVmmxMeM/arcgis/rest/services/State_Maintained_Historical_TIMS_Incidents_Hurricane_Helene/FeatureServer/1"}}, {"type": "Feature", "geometry": {"type": "LineString", "coordinates": [[-82.097, 35.83104], [-82.09722, 35.83104], [-82.09732, 35.83095], [-82.09734, 35.83075], [-82.09713, 35.83039]]}, "properties": {"id": "tims-715791", "tims_id": 715791, "road_name": "NC-226 ALT", "road": "NC-226 ALT", "common_name": "", "county": "McDowell", "closed_at": "2024-10-11T03:51:00Z", "reopened_at": "2025-02-28T17:10:04.416000Z", "est_end_at": "2025-02-28T17:00:00Z", "last_update_at": "2025-01-24T17:48:45Z", "condition": "Local Traffic Only", "description": "The road is closed near Athliegh Ln.", "location": "North of Marion / Both Directions", "severity": 3, "is_full_closure": null, "geom_kind": "line", "feed_status": "historical", "provenance": "real: NCDOT TIMS via ArcGIS FeatureServer", "source_url": "https://services.arcgis.com/NuWFvHYDMVmmxMeM/arcgis/rest/services/State_Maintained_Historical_TIMS_Incidents_Hurricane_Helene/FeatureServer/1"}}, {"type": "Feature", "geometry": {"type": "LineString", "coordinates": [[-82.18578, 35.89072], [-82.18547, 35.89026], [-82.18505, 35.89005], [-82.18431, 35.89], [-82.18408, 35.88992], [-82.18379, 35.88996], [-82.18355, 35.8901], [-82.18293, 35.89011], [-82.18251, 35.89038], [-82.18225, 35.89053], [-82.18195, 35.8905], [-82.18196, 35.89026], [-82.18258, 35.88962], [-82.18287, 35.88941]]}, "properties": {"id": "tims-715792", "tims_id": 715792, "road_name": "SR-1194 (Ossie Gouge Rd)", "road": "SR-1194", "common_name": "Ossie Gouge Rd", "county": "Yancey", "closed_at": "2024-10-11T04:00:00Z", "reopened_at": "2024-12-13T14:50:09.402000Z", "est_end_at": "2025-01-31T17:00:00Z", "last_update_at": "2024-12-12T19:35:13Z", "condition": "Road Closed", "description": "The road is closed near Blue Rock Rd.", "location": "Near Burnsville / Both Directions", "severity": 2, "is_full_closure": null, "geom_kind": "line", "feed_status": "historical", "provenance": "real: NCDOT TIMS via ArcGIS FeatureServer", "source_url": "https://services.arcgis.com/NuWFvHYDMVmmxMeM/arcgis/rest/services/State_Maintained_Historical_TIMS_Incidents_Hurricane_Helene/FeatureServer/1"}}, {"type": "Feature", "geometry": {"type": "LineString", "coordinates": [[-82.10079, 35.8416], [-82.10021, 35.84164], [-82.09995, 35.84165], [-82.09974, 35.84164], [-82.09958, 35.84164], [-82.09944, 35.84167], [-82.09932, 35.84174], [-82.09927, 35.84184], [-82.09915, 35.84207], [-82.09901, 35.84236], [-82.09897, 35.84259], [-82.09897, 35.84271], [-82.09903, 35.84282], [-82.09915, 35.84293], [-82.09921, 35.84299], [-82.09925, 35.84311], [-82.09926, 35.84329], [-82.09926, 35.84341], [-82.09919, 35.84355], [-82.0991, 35.84364], [-82.09904, 35.84377], [-82.09901, 35.84386], [-82.09904, 35.84398], [-82.09902, 35.84411], [-82.09871, 35.84452], [-82.09834, 35.84509], [-82.09811, 35.84548], [-82.09792, 35.84576], [-82.09777, 35.84595], [-82.09767, 35.84607], [-82.09753, 35.84613], [-82.0972, 35.84614], [-82.09671, 35.84616], [-82.09601, 35.84619], [-82.09562, 35.8462], [-82.09545, 35.84625], [-82.09523, 35.84635], [-82.09512, 35.84643], [-82.09512, 35.84658], [-82.09514, 35.84666], [-82.09519, 35.8467], [-82.09526, 35.84673], [-82.09536, 35.84683], [-82.09543, 35.84691], [-82.09544, 35.84697], [-82.09545, 35.84702], [-82.09545, 35.84705], [-82.09541, 35.8471], [-82.09536, 35.84714], [-82.09522, 35.84717], [-82.09464, 35.84721], [-82.09421, 35.84735]]}, "properties": {"id": "tims-715802", "tims_id": 715802, "road_name": "SR-1446 (Bear Wallow)", "road": "SR-1446", "common_name": "Bear Wallow", "county": "McDowell", "closed_at": "2024-10-11T11:14:00Z", "reopened_at": "2025-02-25T21:20:04.344000Z", "est_end_at": "2025-02-28T17:00:00Z", "last_update_at": "2025-01-24T17:49:41Z", "condition": "Local Traffic Only", "description": "Local Traffic only", "location": "Near Woodlawn / Both Directions", "severity": 1, "is_full_closure": null, "geom_kind": "line", "feed_status": "historical", "provenance": "real: NCDOT TIMS via ArcGIS FeatureServer", "source_url": "https://services.arcgis.com/NuWFvHYDMVmmxMeM/arcgis/rest/services/State_Maintained_Historical_TIMS_Incidents_Hurricane_Helene/FeatureServer/1"}}, {"type": "Feature", "geometry": {"type": "LineString", "coordinates": [[-82.26706, 35.51243], [-82.26759, 35.51255], [-82.26786, 35.51258], [-82.26821, 35.51258], [-82.26859, 35.51259], [-82.26904, 35.5126], [-82.26964, 35.51259], [-82.27008, 35.51252], [-82.27036, 35.51244], [-82.2706, 35.51235], [-82.271, 35.51216], [-82.27114, 35.51205], [-82.27133, 35.5119], [-82.27144, 35.51179], [-82.27151, 35.51168], [-82.27162, 35.51151]]}, "properties": {"id": "tims-715803", "tims_id": 715803, "road_name": "NC-9 (NC-9)", "road": "NC-9", "common_name": "NC-9", "county": "Buncombe", "closed_at": "2024-10-11T11:20:00Z", "reopened_at": "2024-11-21T12:40:03.797000Z", "est_end_at": "2024-12-31T17:00:00Z", "last_update_at": "2024-11-18T13:49:11Z", "condition": "Road Closed", "description": "The road is closed near Lower Sand Branch Rd.", "location": "Near Fairview / Both Directions", "severity": 3, "is_full_closure": null, "geom_kind": "line", "feed_status": "historical", "provenance": "real: NCDOT TIMS via ArcGIS FeatureServer", "source_url": "https://services.arcgis.com/NuWFvHYDMVmmxMeM/arcgis/rest/services/State_Maintained_Historical_TIMS_Incidents_Hurricane_Helene/FeatureServer/1"}}, {"type": "Feature", "geometry": {"type": "LineString", "coordinates": [[-82.27268, 35.49462], [-82.2741, 35.49514], [-82.27424, 35.49517], [-82.27466, 35.49517], [-82.27489, 35.49518], [-82.27522, 35.49517], [-82.27548, 35.49512], [-82.27571, 35.49514], [-82.27643, 35.49526], [-82.27677, 35.49531], [-82.27708, 35.49526], [-82.27724, 35.49521], [-82.2775, 35.49511], [-82.27771, 35.49507], [-82.2778, 35.49504], [-82.27842, 35.49512], [-82.27894, 35.49523], [-82.27951, 35.49541], [-82.28001, 35.49567], [-82.28026, 35.49593], [-82.28052, 35.49634], [-82.28062, 35.49649], [-82.2808, 35.49659], [-82.28116, 35.49675], [-82.28137, 35.49689], [-82.28164, 35.49703], [-82.28192, 35.49719], [-82.28215, 35.49734], [-82.28231, 35.4974], [-82.28366, 35.49786]]}, "properties": {"id": "tims-715812", "tims_id": 715812, "road_name": "SR-2802 (Lower Flat Creek Rd)", "road": "SR-2802", "common_name": "Lower Flat Creek Rd", "county": "Buncombe", "closed_at": "2024-10-11T13:23:00Z", "reopened_at": "2025-02-17T20:00:04.361000Z", "est_end_at": "2025-02-28T17:00:00Z", "last_update_at": "2025-01-20T12:39:13Z", "condition": "Road Closed", "description": "The road is closed near Lambert Ln.", "location": "Near Fairview / Both Directions", "severity": 1, "is_full_closure": null, "geom_kind": "line", "feed_status": "historical", "provenance": "real: NCDOT TIMS via ArcGIS FeatureServer", "source_url": "https://services.arcgis.com/NuWFvHYDMVmmxMeM/arcgis/rest/services/State_Maintained_Historical_TIMS_Incidents_Hurricane_Helene/FeatureServer/1"}}, {"type": "Feature", "geometry": {"type": "LineString", "coordinates": [[-82.38099, 36.01287], [-82.38193, 36.01295], [-82.38217, 36.01292]]}, "properties": {"id": "tims-715813", "tims_id": 715813, "road_name": "SR-1413 (Bent Creek Road)", "road": "SR-1413", "common_name": "Bent Creek Road", "county": "Yancey", "closed_at": "2024-10-11T13:27:00Z", "reopened_at": "2025-01-28T16:10:04.389000Z", "est_end_at": "2025-01-31T17:00:00Z", "last_update_at": "2024-12-12T19:35:41Z", "condition": "Road Closed", "description": "The road is closed near US19W.", "location": "Near TN State Line / Both Directions", "severity": 1, "is_full_closure": null, "geom_kind": "line", "feed_status": "historical", "provenance": "real: NCDOT TIMS via ArcGIS FeatureServer", "source_url": "https://services.arcgis.com/NuWFvHYDMVmmxMeM/arcgis/rest/services/State_Maintained_Historical_TIMS_Incidents_Hurricane_Helene/FeatureServer/1"}}, {"type": "Feature", "geometry": {"type": "LineString", "coordinates": [[-82.01986, 35.79666], [-82.01998, 35.79612], [-82.01995, 35.79587], [-82.01979, 35.79554]]}, "properties": {"id": "tims-715814", "tims_id": 715814, "road_name": "SR-1556 (American Thread Road)", "road": "SR-1556", "common_name": "American Thread Road", "county": "McDowell", "closed_at": "2024-10-11T13:32:00Z", "reopened_at": "2024-10-26T19:40:04.664000Z", "est_end_at": "2024-10-31T16:00:00Z", "last_update_at": "2024-10-11T13:35:07Z", "condition": "Road Closed", "description": "The road is closed near Old US 221 North.", "location": "Near Woodlawn / Both Directions", "severity": 2, "is_full_closure": null, "geom_kind": "line", "feed_status": "historical", "provenance": "real: NCDOT TIMS via ArcGIS FeatureServer", "source_url": "https://services.arcgis.com/NuWFvHYDMVmmxMeM/arcgis/rest/services/State_Maintained_Historical_TIMS_Incidents_Hurricane_Helene/FeatureServer/1"}}, {"type": "Feature", "geometry": {"type": "LineString", "coordinates": [[-82.18752, 35.62894], [-82.18829, 35.62912]]}, "properties": {"id": "tims-715816", "tims_id": 715816, "road_name": "SR-1116 (Commerce St)", "road": "SR-1116", "common_name": "Commerce St", "county": "McDowell", "closed_at": "2024-10-11T13:33:00Z", "reopened_at": "2025-01-24T18:10:06.559000Z", "est_end_at": "2025-01-31T17:00:00Z", "last_update_at": "2024-12-12T19:16:55Z", "condition": "Road Closed", "description": "The road is closed near Orchard St.", "location": "Near Marion / Both Directions", "severity": 2, "is_full_closure": null, "geom_kind": "line", "feed_status": "historical", "provenance": "real: NCDOT TIMS via ArcGIS FeatureServer", "source_url": "https://services.arcgis.com/NuWFvHYDMVmmxMeM/arcgis/rest/services/State_Maintained_Historical_TIMS_Incidents_Hurricane_Helene/FeatureServer/1"}}, {"type": "Feature", "geometry": {"type": "LineString", "coordinates": [[-82.17128, 35.50914], [-82.17153, 35.5094], [-82.1719, 35.50985], [-82.17202, 35.51007], [-82.1721, 35.5104]]}, "properties": {"id": "tims-715817", "tims_id": 715817, "road_name": "SR-1314 (Cedar Creek Road)", "road": "SR-1314", "common_name": "Cedar Creek Road", "county": "Rutherford", "closed_at": "2024-10-11T13:47:00Z", "reopened_at": "2024-10-21T12:00:04.360000Z", "est_end_at": "2024-10-31T16:00:00Z", "last_update_at": "2024-10-15T21:13:39Z", "condition": "Road Closed", "description": "The road is closed near 3 Creeks Road.", "location": "North of Lake Lure / Both Directions", "severity": 1, "is_full_closure": null, "geom_kind": "line", "feed_status": "historical", "provenance": "real: NCDOT TIMS via ArcGIS FeatureServer", "source_url": "https://services.arcgis.com/NuWFvHYDMVmmxMeM/arcgis/rest/services/State_Maintained_Historical_TIMS_Incidents_Hurricane_Helene/FeatureServer/1"}}, {"type": "Feature", "geometry": {"type": "LineString", "coordinates": [[-82.30578, 35.48275], [-82.30562, 35.48277]]}, "properties": {"id": "tims-715818", "tims_id": 715818, "road_name": "SR-1605 (Toms Falls Rd)", "road": "SR-1605", "common_name": "Toms Falls Rd", "county": "Henderson", "closed_at": "2024-10-11T13:48:00Z", "reopened_at": "2024-10-30T15:00:04.904000Z", "est_end_at": "2024-10-31T16:00:00Z", "last_update_at": "2024-10-11T14:19:35Z", "condition": "Road Closed", "description": "The road is closed near High Falls Rd.", "location": "Near Hendersonville / Both Directions", "severity": 2, "is_full_closure": null, "geom_kind": "line", "feed_status": "historical", "provenance": "real: NCDOT TIMS via ArcGIS FeatureServer", "source_url": "https://services.arcgis.com/NuWFvHYDMVmmxMeM/arcgis/rest/services/State_Maintained_Historical_TIMS_Incidents_Hurricane_Helene/FeatureServer/1"}}, {"type": "Feature", "geometry": {"type": "LineString", "coordinates": [[-82.30625, 35.48004], [-82.30622, 35.47981], [-82.30606, 35.47967], [-82.30602, 35.4796], [-82.30604, 35.47941], [-82.30608, 35.47928], [-82.30613, 35.47918], [-82.30613, 35.479]]}, "properties": {"id": "tims-715820", "tims_id": 715820, "road_name": "SR-1605 (Toms Falls Rd)", "road": "SR-1605", "common_name": "Toms Falls Rd", "county": "Henderson", "closed_at": "2024-10-11T14:01:00Z", "reopened_at": "2024-10-30T15:00:04.904000Z", "est_end_at": "2024-10-31T16:00:00Z", "last_update_at": "2024-10-11T14:23:20Z", "condition": "Road Closed", "description": "The road is closed near High Falls Rd.", "location": "Near Hendersonville / Both Directions", "severity": 2, "is_full_closure": null, "geom_kind": "line", "feed_status": "historical", "provenance": "real: NCDOT TIMS via ArcGIS FeatureServer", "source_url": "https://services.arcgis.com/NuWFvHYDMVmmxMeM/arcgis/rest/services/State_Maintained_Historical_TIMS_Incidents_Hurricane_Helene/FeatureServer/1"}}, {"type": "Feature", "geometry": {"type": "LineString", "coordinates": [[-82.30568, 35.47376], [-82.30535, 35.47368], [-82.30462, 35.47322], [-82.30454, 35.47298], [-82.305, 35.47242], [-82.30534, 35.4718], [-82.30561, 35.47165], [-82.3063, 35.47151], [-82.30652, 35.47141], [-82.3072, 35.4705], [-82.30731, 35.47018], [-82.30772, 35.46944], [-82.30779, 35.46921], [-82.30779, 35.46889], [-82.30748, 35.46835], [-82.30741, 35.46789], [-82.30684, 35.46727], [-82.30679, 35.46685], [-82.30643, 35.46645], [-82.30644, 35.46611], [-82.30652, 35.46585], [-82.30676, 35.4655], [-82.30684, 35.46533], [-82.30681, 35.46423], [-82.30667, 35.46379], [-82.30681, 35.46358], [-82.30705, 35.46351], [-82.30765, 35.46367], [-82.30783, 35.46363], [-82.30792, 35.46355], [-82.30786, 35.46301], [-82.30771, 35.46299], [-82.30766, 35.46306], [-82.30769, 35.46335], [-82.30755, 35.46341], [-82.30733, 35.46335], [-82.30691, 35.46317], [-82.30665, 35.46319], [-82.30597, 35.46343]]}, "properties": {"id": "tims-715826", "tims_id": 715826, "road_name": "SR-1605 (Middle Fork Rd)", "road": "SR-1605", "common_name": "Middle Fork Rd", "county": "Henderson", "closed_at": "2024-10-11T14:25:00Z", "reopened_at": "2024-10-30T15:00:04.904000Z", "est_end_at": "2024-10-31T16:00:00Z", "last_update_at": "2024-10-11T14:50:45Z", "condition": "Road Closed", "description": "The road is closed near Old Pl Blf Dr.", "location": "Near Hendersonville / Both Directions", "severity": 2, "is_full_closure": null, "geom_kind": "line", "feed_status": "historical", "provenance": "real: NCDOT TIMS via ArcGIS FeatureServer", "source_url": "https://services.arcgis.com/NuWFvHYDMVmmxMeM/arcgis/rest/services/State_Maintained_Historical_TIMS_Incidents_Hurricane_Helene/FeatureServer/1"}}, {"type": "Feature", "geometry": {"type": "LineString", "coordinates": [[-82.40981, 35.53635], [-82.41005, 35.53656], [-82.41028, 35.53674], [-82.41053, 35.53693], [-82.41072, 35.53707], [-82.41091, 35.53726]]}, "properties": {"id": "tims-715825", "tims_id": 715825, "road_name": "SR-2800 (Miller Road)", "road": "SR-2800", "common_name": "Miller Road", "county": "Buncombe", "closed_at": "2024-10-11T14:39:00Z", "reopened_at": "2024-10-30T11:40:04.689000Z", "est_end_at": "2024-11-30T17:00:00Z", "last_update_at": "2024-10-30T10:54:40Z", "condition": "Road Closed", "description": "The road is closed near The Old Run Road.", "location": "North of Fairview / Both Directions", "severity": 1, "is_full_closure": null, "geom_kind": "line", "feed_status": "historical", "provenance": "real: NCDOT TIMS via ArcGIS FeatureServer", "source_url": "https://services.arcgis.com/NuWFvHYDMVmmxMeM/arcgis/rest/services/State_Maintained_Historical_TIMS_Incidents_Hurricane_Helene/FeatureServer/1"}}, {"type": "Feature", "geometry": {"type": "LineString", "coordinates": [[-82.98679, 35.45589], [-82.98621, 35.45572], [-82.98594, 35.45549], [-82.98526, 35.45521], [-82.98507, 35.45517]]}, "properties": {"id": "tims-715830", "tims_id": 715830, "road_name": "SR-1138 (Camp Branch Road)", "road": "SR-1138", "common_name": "Camp Branch Road", "county": "Haywood", "closed_at": "2024-10-11T14:48:00Z", "reopened_at": "2024-11-24T18:40:04.171000Z", "est_end_at": "2024-11-30T17:00:00Z", "last_update_at": "2024-10-31T10:36:14Z", "condition": "Lane Closed", "description": "A lane is closed near Hickory Drive.", "location": "South of Waynesville / Both Directions", "severity": 2, "is_full_closure": null, "geom_kind": "line", "feed_status": "historical", "provenance": "real: NCDOT TIMS via ArcGIS FeatureServer", "source_url": "https://services.arcgis.com/NuWFvHYDMVmmxMeM/arcgis/rest/services/State_Maintained_Historical_TIMS_Incidents_Hurricane_Helene/FeatureServer/1"}}, {"type": "Feature", "geometry": {"type": "LineString", "coordinates": [[-82.21177, 35.79167], [-82.21109, 35.79225], [-82.21068, 35.79257], [-82.21042, 35.79277], [-82.21012, 35.79311]]}, "properties": {"id": "tims-715829", "tims_id": 715829, "road_name": "SR-1159 (Rock Creek Road)", "road": "SR-1159", "common_name": "Rock Creek Road", "county": "Yancey", "closed_at": "2024-10-11T14:54:00Z", "reopened_at": "2024-12-13T15:00:03.741000Z", "est_end_at": "2025-01-31T17:00:00Z", "last_update_at": "2024-12-12T19:37:24Z", "condition": "Road Closed", "description": "The road is closed near Barking Dog Lane.", "location": "South of Burnsville / Both Directions", "severity": 1, "is_full_closure": null, "geom_kind": "line", "feed_status": "historical", "provenance": "real: NCDOT TIMS via ArcGIS FeatureServer", "source_url": "https://services.arcgis.com/NuWFvHYDMVmmxMeM/arcgis/rest/services/State_Maintained_Historical_TIMS_Incidents_Hurricane_Helene/FeatureServer/1"}}, {"type": "Feature", "geometry": {"type": "LineString", "coordinates": [[-82.47502, 35.91156], [-82.47527, 35.91188], [-82.47536, 35.91204], [-82.47571, 35.9124], [-82.47613, 35.91258], [-82.47666, 35.91279]]}, "properties": {"id": "tims-715831", "tims_id": 715831, "road_name": "SR-1421 (Windy Gap road)", "road": "SR-1421", "common_name": "Windy Gap road", "county": "Yancey", "closed_at": "2024-10-11T15:06:00Z", "reopened_at": "2024-12-13T15:00:03.741000Z", "est_end_at": "2025-01-31T17:00:00Z", "last_update_at": "2024-12-12T19:37:45Z", "condition": "Road Closed", "description": "The road is closed near Grey Wolf Road.", "location": "West of Burnsville / Both Directions", "severity": 1, "is_full_closure": null, "geom_kind": "line", "feed_status": "historical", "provenance": "real: NCDOT TIMS via ArcGIS FeatureServer", "source_url": "https://services.arcgis.com/NuWFvHYDMVmmxMeM/arcgis/rest/services/State_Maintained_Historical_TIMS_Incidents_Hurricane_Helene/FeatureServer/1"}}, {"type": "Feature", "geometry": {"type": "LineString", "coordinates": [[-82.37492, 35.5053], [-82.37456, 35.50574], [-82.37409, 35.50622], [-82.37356, 35.5068], [-82.37313, 35.50724]]}, "properties": {"id": "tims-715832", "tims_id": 715832, "road_name": "SR-2810 (Hollywood Road)", "road": "SR-2810", "common_name": "Hollywood Road", "county": "Buncombe", "closed_at": "2024-10-11T15:11:00Z", "reopened_at": "2025-02-18T11:40:04.430000Z", "est_end_at": "2025-02-28T17:00:00Z", "last_update_at": "2025-01-20T13:06:58Z", "condition": "Road Closed", "description": "The road is closed near US 74 Alt (Charlotte Highway).", "location": "Near Fairview / Both Directions", "severity": 1, "is_full_closure": null, "geom_kind": "line", "feed_status": "historical", "provenance": "real: NCDOT TIMS via ArcGIS FeatureServer", "source_url": "https://services.arcgis.com/NuWFvHYDMVmmxMeM/arcgis/rest/services/State_Maintained_Historical_TIMS_Incidents_Hurricane_Helene/FeatureServer/1"}}, {"type": "Feature", "geometry": {"type": "LineString", "coordinates": [[-82.89394, 35.445], [-82.89369, 35.44463], [-82.89359, 35.44443], [-82.89341, 35.44418]]}, "properties": {"id": "tims-715836", "tims_id": 715836, "road_name": "SR-1120 (Rocky Branch Road)", "road": "SR-1120", "common_name": "Rocky Branch Road", "county": "Haywood", "closed_at": "2024-10-11T15:28:00Z", "reopened_at": "2024-11-24T16:20:03.748000Z", "est_end_at": "2024-11-30T17:00:00Z", "last_update_at": "2024-10-31T10:33:50Z", "condition": "Lane Closed", "description": "A lane is closed near Cypress Lane.", "location": "East of Waynesville / Both Directions", "severity": 2, "is_full_closure": null, "geom_kind": "line", "feed_status": "historical", "provenance": "real: NCDOT TIMS via ArcGIS FeatureServer", "source_url": "https://services.arcgis.com/NuWFvHYDMVmmxMeM/arcgis/rest/services/State_Maintained_Historical_TIMS_Incidents_Hurricane_Helene/FeatureServer/1"}}, {"type": "Feature", "geometry": {"type": "LineString", "coordinates": [[-82.46865, 35.42875], [-82.46817, 35.42926]]}, "properties": {"id": "tims-715837", "tims_id": 715837, "road_name": "SR-1539 (Jackson Road)", "road": "SR-1539", "common_name": "Jackson Road", "county": "Henderson", "closed_at": "2024-10-11T15:29:00Z", "reopened_at": "2024-10-14T16:30:09.566000Z", "est_end_at": "2024-10-14T16:30:00Z", "last_update_at": "2024-10-11T15:37:04Z", "condition": "Road Impassable", "description": "The road is closed near Hutch Mountain Road, due to bridge washout.", "location": "Near Fletcher / Both Directions", "severity": 2, "is_full_closure": null, "geom_kind": "line", "feed_status": "historical", "provenance": "real: NCDOT TIMS via ArcGIS FeatureServer", "source_url": "https://services.arcgis.com/NuWFvHYDMVmmxMeM/arcgis/rest/services/State_Maintained_Historical_TIMS_Incidents_Hurricane_Helene/FeatureServer/1"}}, {"type": "Feature", "geometry": {"type": "LineString", "coordinates": [[-82.07597, 35.82036], [-82.07587, 35.82062], [-82.07488, 35.82111], [-82.07473, 35.82156], [-82.07617, 35.82216], [-82.07638, 35.82264], [-82.07638, 35.82323], [-82.07597, 35.82397], [-82.07565, 35.82464], [-82.07591, 35.82543], [-82.07728, 35.82671], [-82.07835, 35.82737], [-82.07835, 35.82796], [-82.07818, 35.82879], [-82.07842, 35.82952], [-82.07827, 35.83006], [-82.07887, 35.83072], [-82.07902, 35.831], [-82.07934, 35.83107], [-82.07945, 35.83085], [-82.07949, 35.83055], [-82.07908, 35.83006], [-82.07913, 35.82973], [-82.07941, 35.82956], [-82.07986, 35.82965], [-82.08048, 35.83052], [-82.08181, 35.83125], [-82.08228, 35.83121], [-82.08284, 35.83104], [-82.08342, 35.83111], [-82.08451, 35.83175], [-82.08516, 35.83173], [-82.08632, 35.83196], [-82.08846, 35.83279], [-82.08878, 35.83318], [-82.08917, 35.83332], [-82.08956, 35.8333], [-82.0896, 35.83311], [-82.08908, 35.83224], [-82.08861, 35.83179], [-82.0881, 35.83175], [-82.08784, 35.83132], [-82.08717, 35.83078], [-82.08689, 35.83027], [-82.08627, 35.82984], [-82.08627, 35.82949], [-82.08726, 35.82905], [-82.08752, 35.82885], [-82.08741, 35.82853], [-82.08745, 35.82806], [-82.0873, 35.82704], [-82.08747, 35.82688], [-82.08761, 35.82686], [-82.08855, 35.82723], [-82.08889, 35.82764], [-82.08984, 35.82744], [-82.09016, 35.82752], [-82.09033, 35.82801], [-82.09083, 35.82846], [-82.091, 35.82881], [-82.09078, 35.82975], [-82.09106, 35.83011], [-82.09158, 35.83022], [-82.09334, 35.82982], [-82.09492, 35.82968], [-82.0954, 35.8297], [-82.09576, 35.82991], [-82.0963, 35.83057], [-82.09679, 35.83097], [-82.09711, 35.83109], [-82.09737, 35.83097], [-82.09726, 35.83067], [-82.0969, 35.83008], [-82.09705, 35.82956], [-82.09705, 35.82871], [-82.09681, 35.82827], [-82.09686, 35.82738]]}, "properties": {"id": "tims-715838", "tims_id": 715838, "road_name": "NC-226 ALT", "road": "NC-226 ALT", "common_name": "", "county": "McDowell", "closed_at": "2024-10-11T15:35:00Z", "reopened_at": "2024-11-15T17:20:04.764000Z", "est_end_at": "2024-11-30T17:00:00Z", "last_update_at": "2024-10-31T10:53:47Z", "condition": "Road Closed", "description": "The road is closed near Wild Acres Rd.", "location": "Near Marion / Both Directions", "severity": 2, "is_full_closure": null, "geom_kind": "line", "feed_status": "historical", "provenance": "real: NCDOT TIMS via ArcGIS FeatureServer", "source_url": "https://services.arcgis.com/NuWFvHYDMVmmxMeM/arcgis/rest/services/State_Maintained_Historical_TIMS_Incidents_Hurricane_Helene/FeatureServer/1"}}, {"type": "Feature", "geometry": {"type": "LineString", "coordinates": [[-82.83374, 35.44417], [-82.83362, 35.44387], [-82.83326, 35.44346], [-82.83306, 35.44313], [-82.83292, 35.44288], [-82.83261, 35.4425], [-82.83202, 35.44223], [-82.83184, 35.44187]]}, "properties": {"id": "tims-715847", "tims_id": 715847, "road_name": "SR-1104 (Burnette Cove Road)", "road": "SR-1104", "common_name": "Burnette Cove Road", "county": "Haywood", "closed_at": "2024-10-11T16:05:00Z", "reopened_at": "2024-11-24T18:48:38.025000Z", "est_end_at": "2024-11-30T17:00:00Z", "last_update_at": "2024-10-31T10:31:33Z", "condition": "Lane Closed", "description": "A lane is closed near McKay Farm Road.", "location": "South of Canton / Both Directions", "severity": 2, "is_full_closure": null, "geom_kind": "line", "feed_status": "historical", "provenance": "real: NCDOT TIMS via ArcGIS FeatureServer", "source_url": "https://services.arcgis.com/NuWFvHYDMVmmxMeM/arcgis/rest/services/State_Maintained_Historical_TIMS_Incidents_Hurricane_Helene/FeatureServer/1"}}, {"type": "Feature", "geometry": {"type": "LineString", "coordinates": [[-82.25848, 35.53206], [-82.25966, 35.53187], [-82.25982, 35.53189], [-82.2601, 35.53206], [-82.26024, 35.53211], [-82.26052, 35.53215], [-82.261, 35.53238], [-82.26126, 35.53241], [-82.26158, 35.53236], [-82.26242, 35.53208]]}, "properties": {"id": "tims-715840", "tims_id": 715840, "road_name": "SR-2789 (Sand Branch Rd)", "road": "SR-2789", "common_name": "Sand Branch Rd", "county": "Buncombe", "closed_at": "2024-10-11T16:09:00Z", "reopened_at": "2024-10-16T00:30:04.598000Z", "est_end_at": "2024-10-31T16:00:00Z", "last_update_at": "2024-10-11T16:14:31Z", "condition": "Road Closed", "description": "The road is closed near Stroud Valley Rd.", "location": "Near Fairview / Both Directions", "severity": 2, "is_full_closure": null, "geom_kind": "line", "feed_status": "historical", "provenance": "real: NCDOT TIMS via ArcGIS FeatureServer", "source_url": "https://services.arcgis.com/NuWFvHYDMVmmxMeM/arcgis/rest/services/State_Maintained_Historical_TIMS_Incidents_Hurricane_Helene/FeatureServer/1"}}, {"type": "Feature", "geometry": {"type": "LineString", "coordinates": [[-82.39386, 35.99446], [-82.39422, 35.99439], [-82.39444, 35.99429], [-82.3946, 35.99413], [-82.39465, 35.99393], [-82.39466, 35.99338], [-82.39482, 35.99326], [-82.39534, 35.99311], [-82.39611, 35.99293], [-82.39666, 35.99277], [-82.39712, 35.99256], [-82.39731, 35.99233], [-82.39741, 35.99212], [-82.3974, 35.99184], [-82.39709, 35.99081], [-82.39707, 35.99053], [-82.39718, 35.99028], [-82.39729, 35.99016], [-82.39743, 35.99003], [-82.39771, 35.98999], [-82.39897, 35.99035], [-82.39936, 35.99035], [-82.39991, 35.99024], [-82.40042, 35.9901], [-82.40104, 35.98987], [-82.40242, 35.98931], [-82.40315, 35.98905], [-82.40355, 35.98888], [-82.4038, 35.98871], [-82.40399, 35.98843], [-82.40413, 35.98808], [-82.4044, 35.98704], [-82.40461, 35.98662], [-82.40491, 35.98618], [-82.405, 35.98606], [-82.4052, 35.98593], [-82.40598, 35.9858], [-82.4068, 35.98556], [-82.40721, 35.98542], [-82.40747, 35.98529], [-82.40767, 35.98505], [-82.408, 35.98472], [-82.40818, 35.9846], [-82.40855, 35.98439], [-82.40903, 35.98411], [-82.40953, 35.98398], [-82.40991, 35.98396], [-82.41038, 35.98403], [-82.4112, 35.98433], [-82.41164, 35.98444], [-82.41209, 35.98446], [-82.41264, 35.98452], [-82.41295, 35.98456], [-82.41332, 35.98469], [-82.41346, 35.98483], [-82.41369, 35.98516], [-82.41422, 35.98573], [-82.41498, 35.98626], [-82.41554, 35.98672], [-82.41591, 35.98681], [-82.41627, 35.9868], [-82.41725, 35.98659], [-82.41773, 35.9866], [-82.41811, 35.98667], [-82.41855, 35.98685], [-82.41884, 35.98699], [-82.41918, 35.98721], [-82.41952, 35.98731], [-82.41979, 35.98728], [-82.42013, 35.98716], [-82.42063, 35.98692], [-82.42077, 35.9868], [-82.42096, 35.9865], [-82.42093, 35.98605], [-82.4206, 35.9856], [-82.42016, 35.9852], [-82.42004, 35.98493], [-82.42007, 35.98463], [-82.4204, 35.98402], [-82.42091, 35.98324], [-82.42139, 35.98285], [-82.42192, 35.98256], [-82.4221, 35.98245], [-82.42264, 35.98237], [-82.4234, 35.98245], [-82.42374, 35.98243], [-82.42402, 35.9823], [-82.42435, 35.98181], [-82.42446, 35.98151], [-82.42467, 35.98111], [-82.42474, 35.981], [-82.4249, 35.9806], [-82.42508, 35.98048], [-82.42522, 35.98043], [-82.42554, 35.98054]]}, "properties": {"id": "tims-715841", "tims_id": 715841, "road_name": "SR-1395 (Blad Mountain Road/Scronce Creek)", "road": "SR-1395", "common_name": "Blad Mountain Road/Scronce Creek", "county": "Yancey", "closed_at": "2024-10-11T16:25:00Z", "reopened_at": "2024-12-13T15:00:03.741000Z", "est_end_at": "2025-01-31T17:00:00Z", "last_update_at": "2024-12-12T19:38:08Z", "condition": "Road Closed", "description": "The road is closed near Bee Log Road.", "location": "Near TN State Line / Both Directions", "severity": 2, "is_full_closure": null, "geom_kind": "line", "feed_status": "historical", "provenance": "real: NCDOT TIMS via ArcGIS FeatureServer", "source_url": "https://services.arcgis.com/NuWFvHYDMVmmxMeM/arcgis/rest/services/State_Maintained_Historical_TIMS_Incidents_Hurricane_Helene/FeatureServer/1"}}, {"type": "Feature", "geometry": {"type": "LineString", "coordinates": [[-82.48275, 35.47105], [-82.48261, 35.4708]]}, "properties": {"id": "tims-715846", "tims_id": 715846, "road_name": "SR-3116 (Mills Gap Rd.)", "road": "SR-3116", "common_name": "Mills Gap Rd.", "county": "Buncombe", "closed_at": "2024-10-11T16:55:00Z", "reopened_at": "2024-10-13T16:30:05.633000Z", "est_end_at": "2024-10-13T16:30:00Z", "last_update_at": "2024-10-11T16:58:48Z", "condition": "Road Impassable", "description": "The road is closed at the intersection of Mills Gap Rd and Williams Road, due to washout.", "location": "Near Arden / Both Directions", "severity": 2, "is_full_closure": null, "geom_kind": "line", "feed_status": "historical", "provenance": "real: NCDOT TIMS via ArcGIS FeatureServer", "source_url": "https://services.arcgis.com/NuWFvHYDMVmmxMeM/arcgis/rest/services/State_Maintained_Historical_TIMS_Incidents_Hurricane_Helene/FeatureServer/1"}}, {"type": "Feature", "geometry": {"type": "Point", "coordinates": [-82.3650597202377, 35.6031211698579]}, "properties": {"id": "tims-715911", "tims_id": 715911, "road_name": "US-70", "road": "US-70", "common_name": "", "county": "Buncombe", "closed_at": "2024-10-12T16:28:00Z", "reopened_at": null, "est_end_at": "2024-10-31T16:00:00Z", "last_update_at": "2024-10-14T14:10:25Z", "condition": "Partial Access", "description": "Both lanes are closed near Lytle Cove Road, due to bridge repair. Motorists must use the center lane.", "location": "Near Asheville / Heading East", "severity": null, "is_full_closure": null, "geom_kind": "point", "feed_status": "historical", "provenance": "real: NCDOT TIMS via ArcGIS FeatureServer", "source_url": "https://services.arcgis.com/NuWFvHYDMVmmxMeM/arcgis/rest/services/State_Maintained_Historical_TIMS_Incidents_Hurricane_Helene/FeatureServer/0"}}, {"type": "Feature", "geometry": {"type": "LineString", "coordinates": [[-83.01236, 35.60724], [-83.01271, 35.60733], [-83.01328, 35.60735], [-83.01434, 35.6072], [-83.01467, 35.60722], [-83.01531, 35.60744], [-83.0163, 35.60752], [-83.01689, 35.60768], [-83.01732, 35.60758], [-83.01765, 35.60724], [-83.01782, 35.60686], [-83.01823, 35.60634], [-83.01891, 35.60597], [-83.01944, 35.60583], [-83.01975, 35.60581], [-83.02028, 35.60591], [-83.02074, 35.60613], [-83.02116, 35.60639], [-83.02179, 35.60714]]}, "properties": {"id": "tims-716040", "tims_id": 716040, "road_name": "SR-1395 (Cove Creek Road)", "road": "SR-1395", "common_name": "Cove Creek Road", "county": "Haywood", "closed_at": "2024-10-14T20:00:00Z", "reopened_at": "2025-04-24T00:10:04.451000Z", "est_end_at": "2025-10-31T21:00:00Z", "last_update_at": "2025-03-24T15:55:03Z", "condition": "Road Closed", "description": "The road is closed near White Oak Road.", "location": "North of Lake Junaluska / Both Directions", "severity": 2, "is_full_closure": null, "geom_kind": "line", "feed_status": "historical", "provenance": "real: NCDOT TIMS via ArcGIS FeatureServer", "source_url": "https://services.arcgis.com/NuWFvHYDMVmmxMeM/arcgis/rest/services/State_Maintained_Historical_TIMS_Incidents_Hurricane_Helene/FeatureServer/1"}}, {"type": "Feature", "geometry": {"type": "LineString", "coordinates": [[-82.25821, 35.99245], [-82.25807, 35.99254], [-82.25765, 35.9927], [-82.25751, 35.99279], [-82.25712, 35.99298]]}, "properties": {"id": "tims-716156", "tims_id": 716156, "road_name": "SR-1357 (Whitson Branch Rd)", "road": "SR-1357", "common_name": "Whitson Branch Rd", "county": "Yancey", "closed_at": "2024-10-15T21:14:00Z", "reopened_at": "2024-12-13T15:00:03.741000Z", "est_end_at": "2025-01-31T17:00:00Z", "last_update_at": "2024-12-12T19:38:52Z", "condition": "Road Impassable", "description": "The road is impassable near Toe River Rd.", "location": "North East of Burnsville / Both Directions", "severity": 2, "is_full_closure": null, "geom_kind": "line", "feed_status": "historical", "provenance": "real: NCDOT TIMS via ArcGIS FeatureServer", "source_url": "https://services.arcgis.com/NuWFvHYDMVmmxMeM/arcgis/rest/services/State_Maintained_Historical_TIMS_Incidents_Hurricane_Helene/FeatureServer/1"}}, {"type": "Feature", "geometry": {"type": "LineString", "coordinates": [[-82.1704, 35.92444], [-82.17023, 35.92434], [-82.17011, 35.92429], [-82.17002, 35.92424], [-82.1701, 35.92417], [-82.17023, 35.92411], [-82.1704, 35.92402], [-82.17055, 35.92393]]}, "properties": {"id": "tims-716238", "tims_id": 716238, "road_name": "SR-1300 (Arbuckle Road)", "road": "SR-1300", "common_name": "Arbuckle Road", "county": "Yancey", "closed_at": "2024-10-16T15:30:00Z", "reopened_at": "2024-12-13T15:00:03.741000Z", "est_end_at": "2025-01-31T17:00:00Z", "last_update_at": "2024-12-12T21:18:54Z", "condition": "Road Closed", "description": "The road is closed near Sam Green Road, per truck restrictions.", "location": "East of Burnsville / Both Directions", "severity": 1, "is_full_closure": null, "geom_kind": "line", "feed_status": "historical", "provenance": "real: NCDOT TIMS via ArcGIS FeatureServer", "source_url": "https://services.arcgis.com/NuWFvHYDMVmmxMeM/arcgis/rest/services/State_Maintained_Historical_TIMS_Incidents_Hurricane_Helene/FeatureServer/1"}}, {"type": "Feature", "geometry": {"type": "Point", "coordinates": [-82.9109137948013, 35.5354998160815]}, "properties": {"id": "tims-716310", "tims_id": 716310, "road_name": "SR-1642 (Spencer Street)", "road": "SR-1642", "common_name": "Spencer Street", "county": "Haywood", "closed_at": "2024-10-17T11:43:00Z", "reopened_at": null, "est_end_at": "2024-12-31T17:00:00Z", "last_update_at": "2024-11-18T15:47:51Z", "condition": "Partial Access", "description": "The road is narrowed to a passable one lane near Thickety Road. Drivers are urged to use caution in the area.", "location": "In Clyde / Both Directions", "severity": null, "is_full_closure": null, "geom_kind": "point", "feed_status": "historical", "provenance": "real: NCDOT TIMS via ArcGIS FeatureServer", "source_url": "https://services.arcgis.com/NuWFvHYDMVmmxMeM/arcgis/rest/services/State_Maintained_Historical_TIMS_Incidents_Hurricane_Helene/FeatureServer/0"}}, {"type": "Feature", "geometry": {"type": "LineString", "coordinates": [[-82.66702, 35.63066], [-82.66685, 35.62797], [-82.66625, 35.62672], [-82.6653, 35.62574], [-82.66286, 35.62469], [-82.65562, 35.62183], [-82.65373, 35.62051], [-82.65056, 35.61672], [-82.64614, 35.61337], [-82.6442, 35.6125], [-82.64137, 35.61253], [-82.63923, 35.61302], [-82.63639, 35.61379], [-82.63459, 35.61393], [-82.6327, 35.61344], [-82.63019, 35.61246], [-82.62783, 35.60998], [-82.62565, 35.6054], [-82.62454, 35.60278], [-82.62163, 35.59875], [-82.61907, 35.59518], [-82.61478, 35.59246], [-82.61294, 35.59228], [-82.61054, 35.59296], [-82.60604, 35.59227], [-82.60466, 35.59174], [-82.60329, 35.59059], [-82.60153, 35.5901], [-82.59931, 35.58956], [-82.59824, 35.58873], [-82.59768, 35.58782], [-82.59734, 35.58705]]}, "properties": {"id": "tims-716524", "tims_id": 716524, "road_name": "NC-63", "road": "NC-63", "common_name": "", "county": "Buncombe", "closed_at": "2024-10-19T14:46:00Z", "reopened_at": "2024-11-06T15:10:04.114000Z", "est_end_at": "2024-11-30T17:00:00Z", "last_update_at": "2024-10-30T10:52:58Z", "condition": "Road Closed", "description": "NC 63 is open only to local traffic. No trucks over 30 feet allowed. The closure is between US 19/23 (Patton Ave) and the town of Leicester.", "location": "Near Leicester / Both Directions", "severity": 3, "is_full_closure": null, "geom_kind": "line", "feed_status": "historical", "provenance": "real: NCDOT TIMS via ArcGIS FeatureServer", "source_url": "https://services.arcgis.com/NuWFvHYDMVmmxMeM/arcgis/rest/services/State_Maintained_Historical_TIMS_Incidents_Hurricane_Helene/FeatureServer/1"}}, {"type": "Feature", "geometry": {"type": "LineString", "coordinates": [[-82.7732, 35.57622], [-82.77346, 35.57564], [-82.77664, 35.57224], [-82.77797, 35.57064], [-82.77865, 35.57016], [-82.78541, 35.56706], [-82.78704, 35.56664], [-82.78897, 35.56652], [-82.78998, 35.56634], [-82.79105, 35.5655], [-82.79339, 35.56364], [-82.79497, 35.56239], [-82.80092, 35.55938], [-82.80519, 35.55828], [-82.80649, 35.55771], [-82.80675, 35.55748], [-82.80688, 35.55669], [-82.8071, 35.55649], [-82.80928, 35.55495], [-82.80945, 35.55445], [-82.80957, 35.55374], [-82.80979, 35.55342], [-82.8105, 35.55342], [-82.81176, 35.55355], [-82.8123, 35.55344], [-82.81266, 35.5532], [-82.81571, 35.55248]]}, "properties": {"id": "tims-716527", "tims_id": 716527, "road_name": "SR-1004 (Newfound Road)", "road": "SR-1004", "common_name": "Newfound Road", "county": "Haywood", "closed_at": "2024-10-19T16:19:00Z", "reopened_at": "2025-04-24T00:10:04.451000Z", "est_end_at": "2025-04-30T21:00:00Z", "last_update_at": "2025-03-24T15:44:56Z", "condition": "Road Closed", "description": "The road is closed from I-40 to the Buncombe County line.", "location": "Near Canton / Both Directions", "severity": 3, "is_full_closure": null, "geom_kind": "line", "feed_status": "historical", "provenance": "real: NCDOT TIMS via ArcGIS FeatureServer", "source_url": "https://services.arcgis.com/NuWFvHYDMVmmxMeM/arcgis/rest/services/State_Maintained_Historical_TIMS_Incidents_Hurricane_Helene/FeatureServer/1"}}, {"type": "Feature", "geometry": {"type": "Point", "coordinates": [-83.0806097984314, 35.4322177215335]}, "properties": {"id": "tims-716563", "tims_id": 716563, "road_name": "US-74", "road": "US-74", "common_name": "", "county": "Haywood", "closed_at": "2024-10-20T12:43:00Z", "reopened_at": null, "est_end_at": "2024-10-20T19:00:00Z", "last_update_at": "2024-10-20T13:03:59Z", "condition": "Partial Access", "description": "The right lane is closed between Timberlane Road and Old Balsam Road for shoulder work from storm damage.", "location": "West of Waynesville / Mile Marker 93 to 94 Heading East", "severity": null, "is_full_closure": null, "geom_kind": "point", "feed_status": "historical", "provenance": "real: NCDOT TIMS via ArcGIS FeatureServer", "source_url": "https://services.arcgis.com/NuWFvHYDMVmmxMeM/arcgis/rest/services/State_Maintained_Historical_TIMS_Incidents_Hurricane_Helene/FeatureServer/0"}}, {"type": "Feature", "geometry": {"type": "Point", "coordinates": [-83.0806097984314, 35.4322177215335]}, "properties": {"id": "tims-716562", "tims_id": 716562, "road_name": "US-23 (Great Smoky Mountains Expressway)", "road": "US-23", "common_name": "Great Smoky Mountains Expressway", "county": "Haywood", "closed_at": "2024-10-20T12:43:00Z", "reopened_at": null, "est_end_at": "2024-10-20T19:00:00Z", "last_update_at": "2024-10-20T13:04:38Z", "condition": "Partial Access", "description": "The right lane is closed between Timberlane Road and Old Balsam Road for shoulder work from storm damage.", "location": "West of Waynesville / Mile Marker 93 to 94 Heading North", "severity": null, "is_full_closure": null, "geom_kind": "point", "feed_status": "historical", "provenance": "real: NCDOT TIMS via ArcGIS FeatureServer", "source_url": "https://services.arcgis.com/NuWFvHYDMVmmxMeM/arcgis/rest/services/State_Maintained_Historical_TIMS_Incidents_Hurricane_Helene/FeatureServer/0"}}, {"type": "Feature", "geometry": {"type": "Point", "coordinates": [-82.4225788693529, 35.2184440489701]}, "properties": {"id": "tims-716764", "tims_id": 716764, "road_name": "SR-1850 (Bell Mountain Road)", "road": "SR-1850", "common_name": "Bell Mountain Road", "county": "Henderson", "closed_at": "2024-10-22T12:43:00Z", "reopened_at": null, "est_end_at": "2024-11-18T17:00:00Z", "last_update_at": "2024-10-22T12:47:53Z", "condition": "Partial Access", "description": "One lane is closed on Bell Mountain Road due to a road washout. Motorists are asked to follow directions from on-site measures.", "location": "South of Flat Rock / Both Directions", "severity": null, "is_full_closure": null, "geom_kind": "point", "feed_status": "historical", "provenance": "real: NCDOT TIMS via ArcGIS FeatureServer", "source_url": "https://services.arcgis.com/NuWFvHYDMVmmxMeM/arcgis/rest/services/State_Maintained_Historical_TIMS_Incidents_Hurricane_Helene/FeatureServer/0"}}, {"type": "Feature", "geometry": {"type": "LineString", "coordinates": [[-82.4284, 35.44812], [-82.42884, 35.44746], [-82.42896, 35.44688], [-82.42917, 35.44639], [-82.42954, 35.44603], [-82.43121, 35.44464], [-82.4316, 35.44411], [-82.43176, 35.44385], [-82.43259, 35.44319], [-82.43296, 35.44301], [-82.43361, 35.44289], [-82.43395, 35.44289], [-82.43414, 35.44296], [-82.43457, 35.44325], [-82.43471, 35.44325], [-82.43484, 35.44315], [-82.4356, 35.44198], [-82.43619, 35.44186], [-82.43679, 35.44161], [-82.43736, 35.44129], [-82.43757, 35.44129], [-82.43796, 35.44137], [-82.43827, 35.44138], [-82.4386, 35.44127], [-82.43886, 35.44104], [-82.43915, 35.44079], [-82.43938, 35.44054], [-82.43958, 35.4403], [-82.44084, 35.43992], [-82.44132, 35.43967], [-82.44143, 35.43956]]}, "properties": {"id": "tims-716770", "tims_id": 716770, "road_name": "SR-1569 (Hoopers Creek Rd)", "road": "SR-1569", "common_name": "Hoopers Creek Rd", "county": "Henderson", "closed_at": "2024-10-22T13:05:00Z", "reopened_at": "2024-10-26T15:30:04.360000Z", "est_end_at": "2024-10-26T16:00:00Z", "last_update_at": "2024-10-25T23:51:29Z", "condition": "Road Closed with Detour", "description": "Maintenance forces will be paving both lanes at crossline's at Site # 2305.", "location": "North of Hendersonville / Both Directions", "severity": 2, "is_full_closure": null, "geom_kind": "line", "feed_status": "historical", "provenance": "real: NCDOT TIMS via ArcGIS FeatureServer", "source_url": "https://services.arcgis.com/NuWFvHYDMVmmxMeM/arcgis/rest/services/State_Maintained_Historical_TIMS_Incidents_Hurricane_Helene/FeatureServer/1"}}, {"type": "Feature", "geometry": {"type": "LineString", "coordinates": [[-82.00256, 35.8347], [-82.00173, 35.83635], [-82.00104, 35.83763], [-82.00069, 35.83818], [-82.00023, 35.83862], [-81.99951, 35.83915], [-81.9986, 35.83951], [-81.99817, 35.83966], [-81.99776, 35.83973], [-81.99717, 35.83978], [-81.99668, 35.83978], [-81.99603, 35.83975], [-81.9952, 35.83971], [-81.99461, 35.83971], [-81.99408, 35.83976], [-81.99332, 35.84001], [-81.99145, 35.84093], [-81.99066, 35.84125], [-81.98895, 35.84152], [-81.97961, 35.84301], [-81.97873, 35.84329], [-81.97794, 35.84362], [-81.97722, 35.84405], [-81.97615, 35.84492], [-81.97458, 35.84632], [-81.97302, 35.84771], [-81.97027, 35.85012], [-81.96861, 35.85161], [-81.96755, 35.8526], [-81.96474, 35.85525], [-81.96303, 35.85695], [-81.96208, 35.85785], [-81.96082, 35.85902], [-81.95898, 35.86079], [-81.95666, 35.86295], [-81.95494, 35.86459], [-81.95306, 35.86636], [-81.9514, 35.86795], [-81.9503, 35.86899], [-81.94906, 35.8702], [-81.94796, 35.87113], [-81.94717, 35.87177], [-81.94604, 35.87266], [-81.94483, 35.87348], [-81.94248, 35.87508], [-81.94158, 35.87572], [-81.94107, 35.87618], [-81.94071, 35.87672], [-81.94015, 35.8784], [-81.94004, 35.87875], [-81.93958, 35.8794], [-81.93859, 35.88051], [-81.93813, 35.8812], [-81.93773, 35.8823], [-81.93711, 35.88447], [-81.93637, 35.88697], [-81.93571, 35.88933], [-81.93558, 35.89004], [-81.93556, 35.89072], [-81.93566, 35.89167], [-81.93596, 35.89249], [-81.93652, 35.89362], [-81.93801, 35.89612], [-81.93865, 35.89726], [-81.94007, 35.90052], [-81.94068, 35.90202], [-81.94085, 35.90252], [-81.94106, 35.90528], [-81.94126, 35.90887], [-81.94124, 35.90924], [-81.94105, 35.91009], [-81.94022, 35.9131], [-81.93998, 35.9135], [-81.9393, 35.91413], [-81.93894, 35.91448], [-81.93823, 35.91552], [-81.93763, 35.91649], [-81.93745, 35.91698], [-81.93739, 35.91807], [-81.93716, 35.91869], [-81.93697, 35.9192], [-81.93666, 35.92123], [-81.93673, 35.92213], [-81.93685, 35.92265], [-81.93713, 35.92328], [-81.93753, 35.92391], [-81.93786, 35.92441], [-81.93873, 35.92704], [-81.93873, 35.92801], [-81.93878, 35.92855], [-81.93905, 35.92936], [-81.93942, 35.93041], [-81.93944, 35.93084], [-81.93934, 35.9312], [-81.93916, 35.93152], [-81.93854, 35.93209], [-81.93825, 35.93248], [-81.93773, 35.93342], [-81.93747, 35.93456], [-81.93747, 35.93512], [-81.93783, 35.93633], [-81.93798, 35.93673], [-81.93835, 35.93708], [-81.93884, 35.93755], [-81.93909, 35.9381], [-81.93934, 35.93878], [-81.94006, 35.93983], [-81.94045, 35.94061], [-81.94136, 35.94248], [-81.94139, 35.94284], [-81.94134, 35.94315], [-81.94107, 35.94359], [-81.94087, 35.94411], [-81.94106, 35.94496], [-81.94104, 35.94524], [-81.94084, 35.94556], [-81.94053, 35.94594], [-81.94039, 35.94651], [-81.94043, 35.94706], [-81.94056, 35.94766], [-81.94065, 35.94797], [-81.94107, 35.94839], [-81.94141, 35.94877], [-81.94173, 35.94908], [-81.94194, 35.94953], [-81.94189, 35.94988], [-81.94196, 35.95045], [-81.94219, 35.95072], [-81.94347, 35.95103], [-81.9437, 35.95115], [-81.94433, 35.9522], [-81.94446, 35.95274], [-81.94445, 35.95342], [-81.9442, 35.95392], [-81.94391, 35.95427], [-81.94397, 35.95457], [-81.9443, 35.9549], [-81.94461, 35.95522], [-81.94473, 35.95577], [-81.94476, 35.95613], [-81.9447, 35.95644], [-81.94445, 35.9567], [-81.94409, 35.95688], [-81.94359, 35.95699], [-81.94329, 35.95718], [-81.94321, 35.95755], [-81.94318, 35.95803], [-81.94286, 35.95851], [-81.94251, 35.95882]]}, "properties": {"id": "tims-717209", "tims_id": 717209, "road_name": "US-221 (Highway 221 North)", "road": "US-221", "common_name": "Highway 221 North", "county": "McDowell", "closed_at": "2024-10-26T19:23:00Z", "reopened_at": "2025-02-10T21:38:45.925000Z", "est_end_at": "2025-03-31T21:00:00Z", "last_update_at": "2025-01-22T19:52:30Z", "condition": "Local Traffic Only", "description": "The road is closed from Pitts Station Rd to the Avery/Burke County line due to storm damage to roadway and bridges. Local motorists are requested to follow signed detours in the area.  No Commercial Vehicles are permitted in the area.", "location": "North of Woodlawn / Both Directions", "severity": 3, "is_full_closure": null, "geom_kind": "line", "feed_status": "historical", "provenance": "real: NCDOT TIMS via ArcGIS FeatureServer", "source_url": "https://services.arcgis.com/NuWFvHYDMVmmxMeM/arcgis/rest/services/State_Maintained_Historical_TIMS_Incidents_Hurricane_Helene/FeatureServer/1"}}, {"type": "Feature", "geometry": {"type": "LineString", "coordinates": [[-81.94316, 35.87465], [-81.94153, 35.87566], [-81.94089, 35.87642], [-81.94024, 35.87847], [-81.9384, 35.88077], [-81.93784, 35.88226], [-81.93557, 35.88967], [-81.93561, 35.89165], [-81.93668, 35.89388], [-81.93857, 35.89711], [-81.94067, 35.90205], [-81.94106, 35.90555], [-81.94123, 35.90961], [-81.94003, 35.91365], [-81.93903, 35.9144], [-81.93824, 35.91552], [-81.93745, 35.91689], [-81.93735, 35.91826], [-81.93682, 35.92011], [-81.93669, 35.92144], [-81.93694, 35.92282], [-81.93787, 35.92438], [-81.93875, 35.92715], [-81.93879, 35.92845], [-81.93944, 35.93044], [-81.93943, 35.93111], [-81.9382, 35.93252], [-81.93771, 35.93355], [-81.93744, 35.9349], [-81.93793, 35.93659], [-81.93875, 35.9374], [-81.93939, 35.93877], [-81.9403, 35.94026], [-81.94147, 35.94287], [-81.94104, 35.94364], [-81.94091, 35.94418], [-81.94105, 35.9452], [-81.94036, 35.9462], [-81.94064, 35.94795], [-81.94157, 35.9489], [-81.9419, 35.94938], [-81.94196, 35.95049], [-81.94254, 35.95083], [-81.94372, 35.95114], [-81.9445, 35.95256], [-81.94443, 35.95353], [-81.94388, 35.95431], [-81.94417, 35.95478], [-81.94456, 35.95514], [-81.94475, 35.95592], [-81.9446, 35.95659], [-81.94378, 35.95694], [-81.94325, 35.95729], [-81.94319, 35.95804], [-81.94244, 35.95894]]}, "properties": {"id": "tims-717210", "tims_id": 717210, "road_name": "US-221 (Highway 221 North)", "road": "US-221", "common_name": "Highway 221 North", "county": "McDowell", "closed_at": "2024-10-26T19:31:00Z", "reopened_at": "2025-02-10T21:30:04.463000Z", "est_end_at": "2025-02-28T17:00:00Z", "last_update_at": "2025-01-24T18:04:01Z", "condition": "Road Closed", "description": "The road is closed between Swofford Road and the Avery/Burke County line for bridge and road rebuild due to storm damage. Local motorists are requested to follow signed detours in the area.  No Commercial Vehicles are permitted in the area.", "location": "North of Woodlawn / Both Directions", "severity": 3, "is_full_closure": null, "geom_kind": "line", "feed_status": "historical", "provenance": "real: NCDOT TIMS via ArcGIS FeatureServer", "source_url": "https://services.arcgis.com/NuWFvHYDMVmmxMeM/arcgis/rest/services/State_Maintained_Historical_TIMS_Incidents_Hurricane_Helene/FeatureServer/1"}}, {"type": "Feature", "geometry": {"type": "LineString", "coordinates": [[-82.53086, 35.59239], [-82.53104, 35.59289]]}, "properties": {"id": "tims-717246", "tims_id": 717246, "road_name": "US-70", "road": "US-70", "common_name": "", "county": "Buncombe", "closed_at": "2024-10-27T12:32:00Z", "reopened_at": "2024-10-27T13:10:04.434000Z", "est_end_at": "2024-10-27T13:32:00Z", "last_update_at": "2024-10-27T12:35:12Z", "condition": "Road Closed", "description": "The road is closed at I-240.", "location": "In Asheville / Heading West", "severity": 3, "is_full_closure": null, "geom_kind": "line", "feed_status": "historical", "provenance": "real: NCDOT TIMS via ArcGIS FeatureServer", "source_url": "https://services.arcgis.com/NuWFvHYDMVmmxMeM/arcgis/rest/services/State_Maintained_Historical_TIMS_Incidents_Hurricane_Helene/FeatureServer/1"}}, {"type": "Feature", "geometry": {"type": "Point", "coordinates": [-82.1681542337997, 35.6318299952879]}, "properties": {"id": "tims-717248", "tims_id": 717248, "road_name": "I-40 (I-40)", "road": "I-40", "common_name": "I-40", "county": "McDowell", "closed_at": "2024-10-27T13:30:00Z", "reopened_at": null, "est_end_at": "2024-10-30T21:00:00Z", "last_update_at": "2024-10-28T21:58:31Z", "condition": "Partial Access", "description": "A lane is closed 1 mile east of Exit 73, Catawba Ave.", "location": "In Old Fort / Mile Marker 74 Heading East", "severity": null, "is_full_closure": null, "geom_kind": "point", "feed_status": "historical", "provenance": "real: NCDOT TIMS via ArcGIS FeatureServer", "source_url": "https://services.arcgis.com/NuWFvHYDMVmmxMeM/arcgis/rest/services/State_Maintained_Historical_TIMS_Incidents_Hurricane_Helene/FeatureServer/0"}}, {"type": "Feature", "geometry": {"type": "LineString", "coordinates": [[-82.398, 35.2399], [-82.39777, 35.23996], [-82.3974, 35.24033], [-82.39694, 35.24079], [-82.39642, 35.24114], [-82.39619, 35.24127], [-82.39559, 35.24153], [-82.39515, 35.24182], [-82.39437, 35.24252], [-82.39372, 35.24282], [-82.39312, 35.24326], [-82.3929, 35.24361], [-82.39258, 35.24388], [-82.39216, 35.24411], [-82.39167, 35.24406], [-82.39136, 35.24416], [-82.39117, 35.24435], [-82.39104, 35.24463], [-82.3908, 35.24493], [-82.39054, 35.24514], [-82.3904, 35.24579], [-82.39027, 35.24601], [-82.38986, 35.24637], [-82.3894, 35.24692], [-82.38911, 35.24688], [-82.38873, 35.24675], [-82.38853, 35.24676]]}, "properties": {"id": "tims-717543", "tims_id": 717543, "road_name": "SR-1836 (Pot Shoals Road)", "road": "SR-1836", "common_name": "Pot Shoals Road", "county": "Henderson", "closed_at": "2024-10-30T16:18:00Z", "reopened_at": "2025-06-26T14:10:25.963000Z", "est_end_at": "2025-07-31T16:00:00Z", "last_update_at": "2025-04-03T16:56:22Z", "condition": "Road Closed", "description": "The road is closed between US 176 (Spartanburg Highway) and Power Station Road.", "location": "South East of East Flat Rock / Both Directions", "severity": 2, "is_full_closure": null, "geom_kind": "line", "feed_status": "historical", "provenance": "real: NCDOT TIMS via ArcGIS FeatureServer", "source_url": "https://services.arcgis.com/NuWFvHYDMVmmxMeM/arcgis/rest/services/State_Maintained_Historical_TIMS_Incidents_Hurricane_Helene/FeatureServer/1"}}, {"type": "Feature", "geometry": {"type": "LineString", "coordinates": [[-82.43939, 35.51769], [-82.43943, 35.51766], [-82.4395, 35.51766], [-82.43932, 35.51782], [-82.43923, 35.51778], [-82.43942, 35.51764], [-82.43948, 35.51766], [-82.43946, 35.51769]]}, "properties": {"id": "tims-717633", "tims_id": 717633, "road_name": "SR-3128 (Emma's Grove)", "road": "SR-3128", "common_name": "Emma's Grove", "county": "Buncombe", "closed_at": "2024-10-31T13:30:00Z", "reopened_at": "2024-11-02T17:00:04.520000Z", "est_end_at": "2024-11-02T17:00:00Z", "last_update_at": "2024-11-02T11:36:10Z", "condition": "Road Closed with Detour", "description": "NCDOT will be making repairs to the bridge 81 on Emmas Grove rd to repair damages from hurricane Helene .This will require the road to be closed from 10/31/2024 9:30 am until 11/2/2024 11am.", "location": "Near Fairview / Heading West", "severity": 2, "is_full_closure": null, "geom_kind": "line", "feed_status": "historical", "provenance": "real: NCDOT TIMS via ArcGIS FeatureServer", "source_url": "https://services.arcgis.com/NuWFvHYDMVmmxMeM/arcgis/rest/services/State_Maintained_Historical_TIMS_Incidents_Hurricane_Helene/FeatureServer/1"}}, {"type": "Feature", "geometry": {"type": "LineString", "coordinates": [[-82.34842, 35.4793], [-82.3495, 35.47823], [-82.35047, 35.4779], [-82.35208, 35.47778], [-82.3531, 35.47787], [-82.35428, 35.47762], [-82.35747, 35.47625], [-82.35799, 35.47595], [-82.3586, 35.47577], [-82.35953, 35.47517], [-82.35982, 35.47447], [-82.36013, 35.47432], [-82.36068, 35.4739], [-82.36107, 35.47383], [-82.36245, 35.47225], [-82.36274, 35.4721], [-82.36318, 35.4721], [-82.364, 35.47189], [-82.36451, 35.47166], [-82.36459, 35.47116], [-82.36471, 35.47102], [-82.36503, 35.4712], [-82.36534, 35.47123], [-82.36591, 35.47106], [-82.36611, 35.47092], [-82.36616, 35.47078]]}, "properties": {"id": "tims-717770", "tims_id": 717770, "road_name": "SR-1594 (Bearwallow Mountain Road)", "road": "SR-1594", "common_name": "Bearwallow Mountain Road", "county": "Henderson", "closed_at": "2024-11-01T16:51:00Z", "reopened_at": "2024-12-12T14:40:03.775000Z", "est_end_at": "2024-12-20T17:00:00Z", "last_update_at": "2024-11-25T16:20:08Z", "condition": "Road Closed", "description": "The road is closed between US-74 Alt (Gerton Highway) and Boulder Lane for storm repair and cleanup. Local traffic is requested to reduce speed, watch for workers in roadway and to follow directions of on-scene personnel.", "location": "West of Fletcher / Both Directions", "severity": 2, "is_full_closure": null, "geom_kind": "line", "feed_status": "historical", "provenance": "real: NCDOT TIMS via ArcGIS FeatureServer", "source_url": "https://services.arcgis.com/NuWFvHYDMVmmxMeM/arcgis/rest/services/State_Maintained_Historical_TIMS_Incidents_Hurricane_Helene/FeatureServer/1"}}, {"type": "Feature", "geometry": {"type": "LineString", "coordinates": [[-82.82968, 35.89172], [-82.83079, 35.89124], [-82.83148, 35.89037], [-82.83165, 35.88974], [-82.8315, 35.88931], [-82.83096, 35.88898], [-82.82987, 35.88746], [-82.82955, 35.88681], [-82.82925, 35.8862], [-82.82951, 35.88563], [-82.83023, 35.88544], [-82.83034, 35.88542], [-82.83107, 35.8856], [-82.83206, 35.88587], [-82.83249, 35.88579]]}, "properties": {"id": "tims-717940", "tims_id": 717940, "road_name": "NC-209 (NC 209/Lance Avenue)", "road": "NC-209", "common_name": "NC 209/Lance Avenue", "county": "Madison", "closed_at": "2024-11-04T17:26:00Z", "reopened_at": "2025-06-30T16:30:04.350000Z", "est_end_at": "2025-07-01T10:00:00Z", "last_update_at": "2025-06-18T23:25:09Z", "condition": "Road Closed", "description": "The road is closed to commercial vehicles between US 25/70 and Max Patch Road (Haywood County).", "location": "Near Hot Springs / Both Directions", "severity": 2, "is_full_closure": null, "geom_kind": "line", "feed_status": "historical", "provenance": "real: NCDOT TIMS via ArcGIS FeatureServer", "source_url": "https://services.arcgis.com/NuWFvHYDMVmmxMeM/arcgis/rest/services/State_Maintained_Historical_TIMS_Incidents_Hurricane_Helene/FeatureServer/1"}}, {"type": "Feature", "geometry": {"type": "LineString", "coordinates": [[-82.94296, 35.67543], [-82.94228, 35.67572], [-82.94126, 35.67598], [-82.94027, 35.67595], [-82.93834, 35.67589], [-82.93576, 35.67606], [-82.93479, 35.67614], [-82.93359, 35.67643], [-82.93244, 35.67654], [-82.93166, 35.67645]]}, "properties": {"id": "tims-717942", "tims_id": 717942, "road_name": "NC-209 (Betsys Gap Road)", "road": "NC-209", "common_name": "Betsys Gap Road", "county": "Haywood", "closed_at": "2024-11-04T17:34:00Z", "reopened_at": "2025-06-30T16:30:04.350000Z", "est_end_at": "2025-07-01T10:00:00Z", "last_update_at": "2025-06-18T23:21:48Z", "condition": "Road Closed", "description": "The road is closed to commercial vehicles between Max Patch Road and US 25/70, Bridge Street (Madison County).", "location": "North of Clyde / Both Directions", "severity": 2, "is_full_closure": null, "geom_kind": "line", "feed_status": "historical", "provenance": "real: NCDOT TIMS via ArcGIS FeatureServer", "source_url": "https://services.arcgis.com/NuWFvHYDMVmmxMeM/arcgis/rest/services/State_Maintained_Historical_TIMS_Incidents_Hurricane_Helene/FeatureServer/1"}}, {"type": "Feature", "geometry": {"type": "LineString", "coordinates": [[-82.99464, 35.6672], [-82.99498, 35.66455], [-82.99537, 35.6638], [-82.9959, 35.66303], [-82.99605, 35.6623], [-82.99629, 35.66132], [-82.99665, 35.6607], [-82.99719, 35.66024], [-82.99869, 35.65955], [-83.00009, 35.65918], [-83.00039, 35.65887], [-83.00059, 35.65836], [-83.00044, 35.65788], [-83.0001, 35.65751], [-82.99977, 35.65717], [-82.99981, 35.65681], [-82.99974, 35.65669], [-82.99935, 35.65643], [-82.99913, 35.65591], [-82.99925, 35.65589], [-82.99943, 35.6561], [-82.99959, 35.6562], [-82.99993, 35.65628], [-83.00025, 35.65617], [-83.00055, 35.65589], [-83.00067, 35.65585], [-83.00199, 35.65579], [-83.00263, 35.6558], [-83.00374, 35.65607], [-83.00392, 35.65617], [-83.00422, 35.65622], [-83.00443, 35.65621], [-83.0047, 35.6563], [-83.00505, 35.65651], [-83.00539, 35.65665], [-83.00557, 35.65709], [-83.0058, 35.65719], [-83.00602, 35.65723], [-83.00624, 35.65732], [-83.00662, 35.65756], [-83.0068, 35.65776], [-83.00703, 35.65815], [-83.00716, 35.65817], [-83.00747, 35.65856], [-83.00769, 35.65871], [-83.00794, 35.65874], [-83.00838, 35.65867], [-83.00864, 35.65871], [-83.00895, 35.65867], [-83.00923, 35.65862], [-83.00938, 35.65857], [-83.00964, 35.6586], [-83.00982, 35.65871], [-83.00999, 35.65893], [-83.01003, 35.6594], [-83.01016, 35.65957], [-83.01038, 35.65968], [-83.01052, 35.65984], [-83.01096, 35.66058], [-83.01107, 35.66108], [-83.0114, 35.66147], [-83.01149, 35.66265], [-83.0116, 35.66282], [-83.01206, 35.66333], [-83.0122, 35.6637], [-83.01273, 35.66438], [-83.01313, 35.66515], [-83.01365, 35.66575], [-83.01397, 35.6658], [-83.01414, 35.6658], [-83.01438, 35.6657], [-83.01484, 35.66541], [-83.01492, 35.66539], [-83.015, 35.66546], [-83.01491, 35.66564], [-83.01429, 35.66608], [-83.0142, 35.6664], [-83.01441, 35.66677], [-83.01448, 35.66725], [-83.01474, 35.66729], [-83.0151, 35.66722], [-83.01572, 35.66695], [-83.01593, 35.66701], [-83.01608, 35.66716], [-83.01677, 35.66743], [-83.01696, 35.6674], [-83.01702, 35.66733], [-83.01704, 35.66717], [-83.01674, 35.66674], [-83.01676, 35.66647], [-83.01729, 35.66604], [-83.01737, 35.666], [-83.01761, 35.66594], [-83.01782, 35.66607], [-83.01793, 35.66629], [-83.0179, 35.66639], [-83.01803, 35.6666], [-83.01851, 35.66681], [-83.01874, 35.66676], [-83.01913, 35.66624], [-83.01935, 35.66587], [-83.01969, 35.66555], [-83.01972, 35.66542], [-83.01961, 35.66502], [-83.01963, 35.66479], [-83.02009, 35.66445], [-83.02025, 35.66436], [-83.02072, 35.66424], [-83.02107, 35.66416], [-83.02119, 35.66409], [-83.02132, 35.66408], [-83.02149, 35.66414], [-83.02171, 35.6643], [-83.02187, 35.66436], [-83.02197, 35.66439], [-83.02218, 35.66466], [-83.0222, 35.66525], [-83.02216, 35.66531], [-83.02226, 35.66592], [-83.02257, 35.66685], [-83.02271, 35.6671], [-83.02269, 35.66732], [-83.02293, 35.66789], [-83.02309, 35.66797], [-83.02332, 35.66811], [-83.02349, 35.66828], [-83.02328, 35.66847], [-83.02313, 35.66873], [-83.02326, 35.66948], [-83.02347, 35.66981], [-83.02397, 35.67036], [-83.02467, 35.67011], [-83.025, 35.67009], [-83.02545, 35.67031], [-83.02574, 35.67029], [-83.02649, 35.66997], [-83.02702, 35.66964], [-83.02769, 35.6691], [-83.02794, 35.66899], [-83.02813, 35.66902], [-83.02823, 35.66918], [-83.02837, 35.66939], [-83.0291, 35.6697], [-83.02919, 35.6695], [-83.02931, 35.66883], [-83.02938, 35.66878], [-83.02948, 35.66876], [-83.02958, 35.66883], [-83.02967, 35.66896], [-83.02968, 35.66952], [-83.02973, 35.66971], [-83.02997, 35.66999], [-83.0302, 35.67011], [-83.0303, 35.67034], [-83.03047, 35.67084], [-83.03131, 35.67141], [-83.03161, 35.67189], [-83.03234, 35.6722], [-83.03286, 35.67229], [-83.03333, 35.67253], [-83.03348, 35.67258], [-83.03388, 35.67255], [-83.03416, 35.67229], [-83.03443, 35.67205], [-83.03486, 35.6719], [-83.03518, 35.67205], [-83.03577, 35.67194], [-83.03623, 35.67195], [-83.0369, 35.67163], [-83.03712, 35.67142], [-83.03757, 35.6706], [-83.03812, 35.6699], [-83.03849, 35.66915], [-83.03872, 35.66863], [-83.03954, 35.66783], [-83.03958, 35.66756], [-83.03948, 35.66707], [-83.03963, 35.66666], [-83.04008, 35.66595], [-83.04056, 35.6653], [-83.04128, 35.66473], [-83.04173, 35.66451], [-83.0423, 35.66375], [-83.04234, 35.66346], [-83.0423, 35.66319], [-83.04242, 35.66293], [-83.04279, 35.66259], [-83.04283, 35.66236], [-83.04303, 35.66208], [-83.04339, 35.66156], [-83.04334, 35.66113], [-83.04346, 35.66084], [-83.04399, 35.6595], [-83.04429, 35.65933], [-83.04434, 35.65913], [-83.04424, 35.65881], [-83.04433, 35.65872], [-83.04441, 35.65874], [-83.04449, 35.6588], [-83.04453, 35.65901], [-83.04461, 35.65909], [-83.04478, 35.65908], [-83.04498, 35.65901], [-83.04544, 35.6587], [-83.04574, 35.65844], [-83.04598, 35.65824], [-83.04683, 35.65776], [-83.04757, 35.65752], [-83.04861, 35.65733], [-83.04927, 35.65712], [-83.05022, 35.65664], [-83.05154, 35.65631], [-83.05279, 35.65563], [-83.05291, 35.6552], [-83.05278, 35.65488], [-83.0525, 35.65463], [-83.05191, 35.65435]]}, "properties": {"id": "tims-718064", "tims_id": 718064, "road_name": "SR-1338 (Fines Creek Road)", "road": "SR-1338", "common_name": "Fines Creek Road", "county": "Haywood", "closed_at": "2024-11-05T15:29:00Z", "reopened_at": "2025-04-24T00:20:04.170000Z", "est_end_at": "2025-04-30T21:00:00Z", "last_update_at": "2025-03-24T15:42:30Z", "condition": "Road Closed", "description": "The road is closed to commercial vehicle traffic. This is not an alternate route for the I-40 closure.", "location": "West of Clyde / Both Directions", "severity": 2, "is_full_closure": null, "geom_kind": "line", "feed_status": "historical", "provenance": "real: NCDOT TIMS via ArcGIS FeatureServer", "source_url": "https://services.arcgis.com/NuWFvHYDMVmmxMeM/arcgis/rest/services/State_Maintained_Historical_TIMS_Incidents_Hurricane_Helene/FeatureServer/1"}}, {"type": "Feature", "geometry": {"type": "LineString", "coordinates": [[-82.99387, 35.66959], [-82.99357, 35.66982], [-82.99268, 35.66995], [-82.99203, 35.67003], [-82.9917, 35.67026], [-82.9915, 35.67073], [-82.99154, 35.67149], [-82.99169, 35.67215]]}, "properties": {"id": "tims-718065", "tims_id": 718065, "road_name": "SR-1338 (Fines Creek Road)", "road": "SR-1338", "common_name": "Fines Creek Road", "county": "Haywood", "closed_at": "2024-11-05T15:40:00Z", "reopened_at": "2025-04-24T00:20:04.170000Z", "est_end_at": "2025-04-30T21:00:00Z", "last_update_at": "2025-03-24T15:42:12Z", "condition": "Road Closed", "description": "The road is closed to commercial vehicle traffic. This is not an alternate route for the I-40 closure.", "location": "West of Clyde / Both Directions", "severity": 2, "is_full_closure": null, "geom_kind": "line", "feed_status": "historical", "provenance": "real: NCDOT TIMS via ArcGIS FeatureServer", "source_url": "https://services.arcgis.com/NuWFvHYDMVmmxMeM/arcgis/rest/services/State_Maintained_Historical_TIMS_Incidents_Hurricane_Helene/FeatureServer/1"}}, {"type": "Feature", "geometry": {"type": "LineString", "coordinates": [[-82.9939, 35.66961], [-82.99371, 35.66939], [-82.99377, 35.66923], [-82.9938, 35.6691], [-82.99391, 35.66885], [-82.99387, 35.66861], [-82.99373, 35.66821], [-82.99354, 35.66801], [-82.99321, 35.66788]]}, "properties": {"id": "tims-718068", "tims_id": 718068, "road_name": "SR-1355 (Panther Creek Road)", "road": "SR-1355", "common_name": "Panther Creek Road", "county": "Haywood", "closed_at": "2024-11-05T15:53:00Z", "reopened_at": "2025-04-24T00:20:04.170000Z", "est_end_at": "2025-04-30T21:00:00Z", "last_update_at": "2025-03-24T15:41:54Z", "condition": "Road Closed", "description": "The road is closed to commercial vehicle traffic. This is not an alternate route for the I-40 closure.", "location": "West of Clyde / Both Directions", "severity": 2, "is_full_closure": null, "geom_kind": "line", "feed_status": "historical", "provenance": "real: NCDOT TIMS via ArcGIS FeatureServer", "source_url": "https://services.arcgis.com/NuWFvHYDMVmmxMeM/arcgis/rest/services/State_Maintained_Historical_TIMS_Incidents_Hurricane_Helene/FeatureServer/1"}}, {"type": "Feature", "geometry": {"type": "LineString", "coordinates": [[-82.95114, 35.68162], [-82.95116, 35.68188], [-82.95101, 35.68221], [-82.95099, 35.68262], [-82.95103, 35.68303], [-82.95104, 35.68312], [-82.95092, 35.68326], [-82.95064, 35.68344], [-82.95031, 35.68363]]}, "properties": {"id": "tims-718070", "tims_id": 718070, "road_name": "SR-1334 (Max Patch Road)", "road": "SR-1334", "common_name": "Max Patch Road", "county": "Haywood", "closed_at": "2024-11-05T15:57:00Z", "reopened_at": "2025-04-24T00:20:04.170000Z", "est_end_at": "2025-04-30T21:00:00Z", "last_update_at": "2025-03-24T15:41:33Z", "condition": "Road Closed", "description": "The road is closed to commercial vehicle traffic. This is not an alternate route for the I-40 closure.", "location": "West of Clyde / Both Directions", "severity": 2, "is_full_closure": null, "geom_kind": "line", "feed_status": "historical", "provenance": "real: NCDOT TIMS via ArcGIS FeatureServer", "source_url": "https://services.arcgis.com/NuWFvHYDMVmmxMeM/arcgis/rest/services/State_Maintained_Historical_TIMS_Incidents_Hurricane_Helene/FeatureServer/1"}}, {"type": "Feature", "geometry": {"type": "LineString", "coordinates": [[-82.65412, 35.62055], [-82.65612, 35.62203], [-82.65932, 35.62325], [-82.66356, 35.62486], [-82.66575, 35.62603], [-82.6668, 35.62765], [-82.667, 35.6306], [-82.66751, 35.63222], [-82.66946, 35.63509], [-82.67386, 35.63961], [-82.67512, 35.64188], [-82.67686, 35.64582], [-82.67919, 35.64903], [-82.67994, 35.65045], [-82.68189, 35.65135], [-82.6844, 35.65177], [-82.68629, 35.65184], [-82.6878, 35.65153], [-82.68856, 35.65128], [-82.68959, 35.65139], [-82.69049, 35.6517], [-82.69217, 35.6531], [-82.69352, 35.65407], [-82.69612, 35.65534], [-82.69811, 35.65618], [-82.69981, 35.65622], [-82.70165, 35.65667], [-82.70299, 35.6575], [-82.70452, 35.65757], [-82.70606, 35.65715], [-82.70782, 35.65677], [-82.71106, 35.65623], [-82.72065, 35.65505], [-82.72253, 35.65525], [-82.72466, 35.6563], [-82.7256, 35.65778], [-82.72689, 35.6586], [-82.73167, 35.66001], [-82.73306, 35.66155], [-82.73418, 35.66423], [-82.73575, 35.66587], [-82.73733, 35.66721], [-82.73766, 35.67021], [-82.73747, 35.67235], [-82.73687, 35.67425], [-82.73691, 35.67674], [-82.73659, 35.67855], [-82.73445, 35.6817], [-82.73439, 35.68257], [-82.7357, 35.68367], [-82.73694, 35.68469], [-82.73768, 35.68702], [-82.73762, 35.68841], [-82.73822, 35.6909], [-82.73822, 35.69256], [-82.73774, 35.69434], [-82.738, 35.69564], [-82.73738, 35.69728], [-82.73759, 35.69911], [-82.73804, 35.69934], [-82.73856, 35.69913], [-82.73913, 35.69918], [-82.73954, 35.6997], [-82.73956, 35.70047], [-82.73956, 35.70126], [-82.74025, 35.70152], [-82.74149, 35.70141], [-82.74243, 35.7015], [-82.74337, 35.7015], [-82.74374, 35.7022], [-82.7443, 35.70403], [-82.74451, 35.70521], [-82.74537, 35.70519], [-82.74571, 35.70457], [-82.74717, 35.70455], [-82.74835, 35.70446], [-82.74807, 35.70333], [-82.74829, 35.70296], [-82.74885, 35.70302], [-82.74906, 35.70406], [-82.74951, 35.70544], [-82.75043, 35.70605], [-82.75121, 35.70648], [-82.75194, 35.70612], [-82.75219, 35.70516], [-82.75316, 35.70406], [-82.75495, 35.70278], [-82.75836, 35.70167], [-82.7596, 35.70141], [-82.76108, 35.702], [-82.76233, 35.7039], [-82.764, 35.70486], [-82.76701, 35.70603], [-82.76927, 35.70695], [-82.7727, 35.70756], [-82.77686, 35.70742], [-82.78226, 35.70735], [-82.79163, 35.70378], [-82.79425, 35.70383], [-82.79689, 35.70411], [-82.79805, 35.70404], [-82.79918, 35.70338], [-82.8015, 35.70167], [-82.80318, 35.7008], [-82.80989, 35.7003], [-82.81295, 35.70002], [-82.81398, 35.69948], [-82.81534, 35.69862], [-82.81615, 35.69831], [-82.81813, 35.69824], [-82.82115, 35.6982], [-82.82255, 35.69805], [-82.82507, 35.69688], [-82.82618, 35.69615], [-82.82736, 35.6963], [-82.82723, 35.69705], [-82.82779, 35.69834], [-82.82717, 35.69822], [-82.82629, 35.69866], [-82.8261, 35.69904], [-82.82642, 35.70014], [-82.82562, 35.70037], [-82.82589, 35.7011], [-82.82686, 35.70131], [-82.82701, 35.70235], [-82.82598, 35.70275], [-82.82533, 35.70265], [-82.82477, 35.70336], [-82.82385, 35.70345], [-82.82278, 35.70333], [-82.82224, 35.70373], [-82.82372, 35.70527], [-82.82445, 35.70564], [-82.8256, 35.70658], [-82.8262, 35.70668], [-82.82588, 35.70625], [-82.82464, 35.70513], [-82.82464, 35.70468], [-82.82537, 35.70546], [-82.82633, 35.70563], [-82.827, 35.70591], [-82.82771, 35.70657], [-82.82762, 35.70718], [-82.8276, 35.70788], [-82.82704, 35.70811], [-82.82743, 35.70838], [-82.82775, 35.70891], [-82.82824, 35.7091], [-82.82934, 35.70943], [-82.82962, 35.70995], [-82.82996, 35.71042], [-82.82979, 35.71107], [-82.82889, 35.71205], [-82.82829, 35.71221], [-82.82836, 35.71239], [-82.82879, 35.71239], [-82.8292, 35.71203], [-82.82956, 35.71195], [-82.83064, 35.71212], [-82.83109, 35.71169], [-82.83139, 35.71131], [-82.83199, 35.7112], [-82.83235, 35.71128], [-82.83299, 35.71183], [-82.83384, 35.71238], [-82.83478, 35.71352], [-82.83532, 35.71384], [-82.83663, 35.7157], [-82.83709, 35.71673], [-82.83937, 35.71861], [-82.84019, 35.7193], [-82.83936, 35.72062], [-82.83865, 35.72049], [-82.83814, 35.72036], [-82.8376, 35.72086], [-82.83703, 35.7211], [-82.83733, 35.72128], [-82.83823, 35.72135], [-82.83863, 35.72136], [-82.83976, 35.7219], [-82.84064, 35.72307], [-82.84138, 35.72368], [-82.84187, 35.72494], [-82.84174, 35.72586], [-82.84246, 35.72674], [-82.84273, 35.72738], [-82.84242, 35.72733], [-82.84204, 35.72662], [-82.84166, 35.72628], [-82.84115, 35.72653], [-82.84092, 35.72713], [-82.84103, 35.72814], [-82.84151, 35.72895], [-82.84131, 35.72976], [-82.84106, 35.73153], [-82.84123, 35.73226], [-82.84095, 35.73408], [-82.84146, 35.73559], [-82.84114, 35.73627], [-82.84043, 35.73721], [-82.84024, 35.73818], [-82.84068, 35.73899], [-82.84087, 35.73993], [-82.84266, 35.74247], [-82.84377, 35.74311], [-82.84465, 35.74352], [-82.84513, 35.74346], [-82.84748, 35.74157], [-82.84842, 35.74068], [-82.84863, 35.73962], [-82.84871, 35.73886], [-82.84956, 35.73805], [-82.8499, 35.73769], [-82.85092, 35.7378], [-82.85172, 35.73832], [-82.853, 35.7397], [-82.8545, 35.74136], [-82.85594, 35.74346], [-82.85703, 35.74522], [-82.8577, 35.74555], [-82.85914, 35.74577], [-82.86042, 35.74659], [-82.8609, 35.74726], [-82.86237, 35.74872], [-82.86314, 35.74893], [-82.86377, 35.74908], [-82.86476, 35.74945], [-82.86601, 35.74965], [-82.86836, 35.75076], [-82.86909, 35.75119], [-82.86945, 35.75262], [-82.86981, 35.75292], [-82.86999, 35.75292]]}, "properties": {"id": "tims-718189", "tims_id": 718189, "road_name": "NC-63 (New Leicester Highway)", "road": "NC-63", "common_name": "New Leicester Highway", "county": "Buncombe", "closed_at": "2024-11-06T15:13:00Z", "reopened_at": "2025-03-17T23:10:03.809000Z", "est_end_at": "2025-03-31T21:00:00Z", "last_update_at": "2025-01-22T19:40:41Z", "condition": "Lane Closed", "description": "The road is closed to commercial vehicle traffic. There is no access to TN on this route for commercial vehicles.", "location": "North West of Asheville / Both Directions", "severity": 2, "is_full_closure": null, "geom_kind": "line", "feed_status": "historical", "provenance": "real: NCDOT TIMS via ArcGIS FeatureServer", "source_url": "https://services.arcgis.com/NuWFvHYDMVmmxMeM/arcgis/rest/services/State_Maintained_Historical_TIMS_Incidents_Hurricane_Helene/FeatureServer/1"}}, {"type": "Feature", "geometry": {"type": "LineString", "coordinates": [[-82.55282, 35.36604], [-82.55278, 35.36641]]}, "properties": {"id": "tims-718287", "tims_id": 718287, "road_name": "SR-1314 (Ladson Road)", "road": "SR-1314", "common_name": "Ladson Road", "county": "Henderson", "closed_at": "2024-11-07T13:40:00Z", "reopened_at": "2024-11-07T22:40:04.397000Z", "est_end_at": "2024-11-08T22:00:00Z", "last_update_at": "2024-11-07T14:45:50Z", "condition": "Road Closed", "description": "The road will be closed for emergency road work. Motorists are requested to follow on-scene detour information.", "location": "South of Mills River / Both Directions", "severity": 1, "is_full_closure": null, "geom_kind": "line", "feed_status": "historical", "provenance": "real: NCDOT TIMS via ArcGIS FeatureServer", "source_url": "https://services.arcgis.com/NuWFvHYDMVmmxMeM/arcgis/rest/services/State_Maintained_Historical_TIMS_Incidents_Hurricane_Helene/FeatureServer/1"}}, {"type": "Feature", "geometry": {"type": "LineString", "coordinates": [[-82.3255, 35.46834], [-82.32622, 35.46803], [-82.32634, 35.46792], [-82.32637, 35.46762], [-82.32632, 35.46748], [-82.32605, 35.46724], [-82.32569, 35.46702], [-82.32546, 35.46686]]}, "properties": {"id": "tims-718302", "tims_id": 718302, "road_name": "SR-1602 (Grant Mountain Road)", "road": "SR-1602", "common_name": "Grant Mountain Road", "county": "Henderson", "closed_at": "2024-11-07T17:11:00Z", "reopened_at": "2024-12-12T14:40:03.775000Z", "est_end_at": "2025-01-31T17:00:00Z", "last_update_at": "2024-12-12T14:28:27Z", "condition": "Local Traffic Only", "description": "LOCAL TRAFFIC ONLY is permitted in the area.", "location": "North East of Hendersonville / Both Directions", "severity": 2, "is_full_closure": null, "geom_kind": "line", "feed_status": "historical", "provenance": "real: NCDOT TIMS via ArcGIS FeatureServer", "source_url": "https://services.arcgis.com/NuWFvHYDMVmmxMeM/arcgis/rest/services/State_Maintained_Historical_TIMS_Incidents_Hurricane_Helene/FeatureServer/1"}}, {"type": "Feature", "geometry": {"type": "LineString", "coordinates": [[-82.32413, 35.43013], [-82.32381, 35.42991], [-82.32368, 35.42985], [-82.32339, 35.42983], [-82.32312, 35.42986], [-82.32156, 35.42978], [-82.32114, 35.42972], [-82.321, 35.42963]]}, "properties": {"id": "tims-718303", "tims_id": 718303, "road_name": "SR-1613 (Slick Rock Road)", "road": "SR-1613", "common_name": "Slick Rock Road", "county": "Henderson", "closed_at": "2024-11-07T17:25:00Z", "reopened_at": "2024-12-12T14:40:03.775000Z", "est_end_at": "2025-01-31T17:00:00Z", "last_update_at": "2024-12-12T14:27:48Z", "condition": "Local Traffic Only", "description": "LOCAL TRAFFIC ONLY is permitted in the area.", "location": "North East of Hendersonville / Both Directions", "severity": 2, "is_full_closure": null, "geom_kind": "line", "feed_status": "historical", "provenance": "real: NCDOT TIMS via ArcGIS FeatureServer", "source_url": "https://services.arcgis.com/NuWFvHYDMVmmxMeM/arcgis/rest/services/State_Maintained_Historical_TIMS_Incidents_Hurricane_Helene/FeatureServer/1"}}, {"type": "Feature", "geometry": {"type": "LineString", "coordinates": [[-82.32517, 35.4291], [-82.32518, 35.42897], [-82.32543, 35.42861], [-82.327, 35.42737], [-82.32718, 35.42713], [-82.32748, 35.42664]]}, "properties": {"id": "tims-718304", "tims_id": 718304, "road_name": "SR-1602 (St Pauls Road / Grant Mountain Road)", "road": "SR-1602", "common_name": "St Pauls Road / Grant Mountain Road", "county": "Henderson", "closed_at": "2024-11-07T17:28:00Z", "reopened_at": "2025-11-17T16:10:04.608000Z", "est_end_at": "2025-12-31T22:00:00Z", "last_update_at": "2025-08-14T11:13:15Z", "condition": "Local Traffic Only", "description": "The road is open to local traffic only, due to damage from Hurricane Helene.", "location": "North East of Hendersonville / Both Directions", "severity": 2, "is_full_closure": null, "geom_kind": "line", "feed_status": "historical", "provenance": "real: NCDOT TIMS via ArcGIS FeatureServer", "source_url": "https://services.arcgis.com/NuWFvHYDMVmmxMeM/arcgis/rest/services/State_Maintained_Historical_TIMS_Incidents_Hurricane_Helene/FeatureServer/1"}}, {"type": "Feature", "geometry": {"type": "LineString", "coordinates": [[-82.32516, 35.42914], [-82.32559, 35.42907], [-82.32615, 35.42904], [-82.32663, 35.42911], [-82.32714, 35.42934], [-82.32761, 35.4296], [-82.32802, 35.42984]]}, "properties": {"id": "tims-718305", "tims_id": 718305, "road_name": "SR-1591 (Old Clear Creek Road)", "road": "SR-1591", "common_name": "Old Clear Creek Road", "county": "Henderson", "closed_at": "2024-11-07T17:38:00Z", "reopened_at": "2024-12-12T14:28:47.421000Z", "est_end_at": "2024-12-31T17:00:00Z", "last_update_at": "2024-11-07T17:42:25Z", "condition": "Local Traffic Only", "description": "LOCAL TRAFFIC ONLY is permitted in the area.", "location": "North East of Hendersonville / Both Directions", "severity": 2, "is_full_closure": null, "geom_kind": "line", "feed_status": "historical", "provenance": "real: NCDOT TIMS via ArcGIS FeatureServer", "source_url": "https://services.arcgis.com/NuWFvHYDMVmmxMeM/arcgis/rest/services/State_Maintained_Historical_TIMS_Incidents_Hurricane_Helene/FeatureServer/1"}}, {"type": "Feature", "geometry": {"type": "LineString", "coordinates": [[-82.34837, 35.4795], [-82.34921, 35.47843], [-82.3497, 35.47813], [-82.35039, 35.47792], [-82.3514, 35.47782], [-82.35219, 35.47778], [-82.35292, 35.47785], [-82.35318, 35.47787], [-82.35419, 35.4777], [-82.35743, 35.47625], [-82.35859, 35.47576], [-82.35951, 35.47522]]}, "properties": {"id": "tims-718306", "tims_id": 718306, "road_name": "SR-1594 (Bearwallow Mountain Road)", "road": "SR-1594", "common_name": "Bearwallow Mountain Road", "county": "Henderson", "closed_at": "2024-11-07T17:44:00Z", "reopened_at": "2025-06-26T15:51:26.420000Z", "est_end_at": "2025-06-30T16:00:00Z", "last_update_at": "2025-05-28T17:03:01Z", "condition": "Local Traffic Only", "description": "The road is open to local traffic only.", "location": "North East of Hendersonville / Both Directions", "severity": 2, "is_full_closure": null, "geom_kind": "line", "feed_status": "historical", "provenance": "real: NCDOT TIMS via ArcGIS FeatureServer", "source_url": "https://services.arcgis.com/NuWFvHYDMVmmxMeM/arcgis/rest/services/State_Maintained_Historical_TIMS_Incidents_Hurricane_Helene/FeatureServer/1"}}, {"type": "Feature", "geometry": {"type": "LineString", "coordinates": [[-82.73032, 35.43419], [-82.73016, 35.43419]]}, "properties": {"id": "tims-718433", "tims_id": 718433, "road_name": "NC-151 (NC Highway 151 Access Road)", "road": "NC-151", "common_name": "NC Highway 151 Access Road", "county": "Henderson", "closed_at": "2024-11-08T21:13:00Z", "reopened_at": "2024-11-18T17:50:04.089000Z", "est_end_at": "2024-11-30T17:00:00Z", "last_update_at": "2024-11-08T21:17:45Z", "condition": "Road Closed", "description": "The road is closed between the Blue Ridge Parkway and NC 151.", "location": "Near Mills River / Both Directions", "severity": 3, "is_full_closure": null, "geom_kind": "line", "feed_status": "historical", "provenance": "real: NCDOT TIMS via ArcGIS FeatureServer", "source_url": "https://services.arcgis.com/NuWFvHYDMVmmxMeM/arcgis/rest/services/State_Maintained_Historical_TIMS_Incidents_Hurricane_Helene/FeatureServer/1"}}, {"type": "Feature", "geometry": {"type": "LineString", "coordinates": [[-82.90824, 35.79477], [-82.90882, 35.79681], [-82.90938, 35.7982], [-82.9097, 35.7994], [-82.90938, 35.8001], [-82.90936, 35.80078], [-82.90932, 35.80132], [-82.90962, 35.80261], [-82.9097, 35.80346], [-82.91002, 35.80378], [-82.9109, 35.80374], [-82.91136, 35.80399], [-82.91121, 35.80634], [-82.91088, 35.80732], [-82.91002, 35.80819], [-82.90884, 35.809], [-82.90829, 35.809], [-82.90771, 35.80871], [-82.90651, 35.80801], [-82.90575, 35.80779], [-82.90458, 35.80767], [-82.90419, 35.80793], [-82.90391, 35.80827], [-82.90305, 35.80906], [-82.90271, 35.81026], [-82.90206, 35.81068], [-82.90133, 35.8108], [-82.90013, 35.81123], [-82.89891, 35.81155], [-82.89758, 35.81106], [-82.89691, 35.81141], [-82.89679, 35.81227], [-82.89719, 35.813], [-82.89771, 35.81347], [-82.89792, 35.81446], [-82.89745, 35.81522], [-82.89642, 35.81534], [-82.89498, 35.81521], [-82.89357, 35.81491], [-82.89204, 35.81427], [-82.89185, 35.81427], [-82.89131, 35.81496], [-82.89121, 35.81541], [-82.89149, 35.81601], [-82.89196, 35.8167], [-82.89171, 35.81726], [-82.88969, 35.81876], [-82.8886, 35.81919], [-82.88819, 35.8197], [-82.88763, 35.82057], [-82.88656, 35.82146], [-82.88512, 35.82186], [-82.88351, 35.82194], [-82.88291, 35.82215], [-82.88195, 35.82198], [-82.88083, 35.82255], [-82.88, 35.82318], [-82.87873, 35.82314], [-82.87762, 35.82259], [-82.87635, 35.82175], [-82.87551, 35.82132], [-82.87468, 35.8214], [-82.8744, 35.82149], [-82.87392, 35.82127], [-82.87294, 35.82212], [-82.87204, 35.82299], [-82.87186, 35.82381], [-82.8709, 35.82468], [-82.87069, 35.82529], [-82.87137, 35.82593], [-82.87202, 35.82658], [-82.87172, 35.82712], [-82.87004, 35.82767], [-82.86867, 35.82828], [-82.86815, 35.82849], [-82.86667, 35.8282], [-82.86601, 35.82816], [-82.86549, 35.82828], [-82.86585, 35.8295], [-82.8662, 35.83035], [-82.86575, 35.83119], [-82.86497, 35.83124], [-82.86446, 35.83091], [-82.86332, 35.83069], [-82.86225, 35.83099]]}, "properties": {"id": "tims-718679", "tims_id": 718679, "road_name": "SR-1175 (Meadowfork Road)", "road": "SR-1175", "common_name": "Meadowfork Road", "county": "Madison", "closed_at": "2024-11-12T12:56:00Z", "reopened_at": "2025-09-26T17:50:03.715000Z", "est_end_at": "2025-09-30T21:00:00Z", "last_update_at": "2025-08-21T13:19:29Z", "condition": "Road Closed", "description": "The road is closed to thru traffic between Little Creek Road and NC 209, due to damage from Hurricane Helene. Local motorists are requested expect delays due to workers and equipment present in the roadway.", "location": "South West of Hot Springs / Both Directions", "severity": 3, "is_full_closure": null, "geom_kind": "line", "feed_status": "historical", "provenance": "real: NCDOT TIMS via ArcGIS FeatureServer", "source_url": "https://services.arcgis.com/NuWFvHYDMVmmxMeM/arcgis/rest/services/State_Maintained_Historical_TIMS_Incidents_Hurricane_Helene/FeatureServer/1"}}, {"type": "Feature", "geometry": {"type": "LineString", "coordinates": [[-83.00758, 35.59921], [-83.00822, 35.6019], [-83.00943, 35.60441], [-83.0114, 35.60692], [-83.01307, 35.60734], [-83.01451, 35.60716], [-83.01553, 35.60749], [-83.01716, 35.60766], [-83.01769, 35.60721], [-83.0183, 35.60624], [-83.01944, 35.60581], [-83.02021, 35.6059], [-83.02097, 35.60626], [-83.02146, 35.60677], [-83.02248, 35.60818], [-83.02235, 35.60915], [-83.02256, 35.60945], [-83.02347, 35.60998], [-83.02377, 35.61043], [-83.02403, 35.61136], [-83.02386, 35.61235], [-83.02388, 35.61268], [-83.02423, 35.61268], [-83.02467, 35.61248], [-83.02504, 35.6127], [-83.02561, 35.61254], [-83.02578, 35.61252], [-83.02601, 35.61271], [-83.02669, 35.61298], [-83.02717, 35.6138], [-83.02844, 35.61475], [-83.02943, 35.61518], [-83.02996, 35.61546], [-83.03147, 35.61538], [-83.03175, 35.61549], [-83.03248, 35.61658], [-83.03247, 35.61716], [-83.03252, 35.61804], [-83.03351, 35.61908], [-83.03407, 35.61905], [-83.03445, 35.61905], [-83.0349, 35.61966], [-83.03539, 35.61979], [-83.03564, 35.61974], [-83.03598, 35.61996], [-83.03724, 35.62041], [-83.03779, 35.62131], [-83.03866, 35.62169], [-83.0391, 35.62252], [-83.04039, 35.62306], [-83.04123, 35.62353], [-83.04219, 35.62388], [-83.04219, 35.62409], [-83.04197, 35.62417], [-83.04176, 35.62413], [-83.04114, 35.62392], [-83.04075, 35.62388], [-83.04033, 35.62396], [-83.03944, 35.62362], [-83.03903, 35.62361], [-83.039, 35.62378], [-83.03917, 35.62383], [-83.03943, 35.62385], [-83.03976, 35.62391], [-83.04028, 35.62444], [-83.04083, 35.62445], [-83.04123, 35.62484], [-83.04169, 35.62497], [-83.04202, 35.62546], [-83.04203, 35.62592], [-83.04213, 35.62619], [-83.04204, 35.62667], [-83.04223, 35.6268], [-83.04269, 35.62725], [-83.04324, 35.6276], [-83.0435, 35.62755], [-83.04346, 35.62694], [-83.04355, 35.62671], [-83.04384, 35.62667], [-83.04459, 35.62672], [-83.04472, 35.62658], [-83.04467, 35.62594], [-83.045, 35.62555], [-83.0454, 35.62538], [-83.04607, 35.62528], [-83.04714, 35.6253], [-83.04733, 35.62524], [-83.04743, 35.62484], [-83.04753, 35.62467], [-83.04852, 35.62412], [-83.0491, 35.62414], [-83.04939, 35.62409], [-83.04955, 35.62386], [-83.04923, 35.62318], [-83.0495, 35.62299], [-83.05008, 35.62278], [-83.05039, 35.62252], [-83.05058, 35.62186], [-83.05087, 35.62143], [-83.05142, 35.62123], [-83.05192, 35.62118], [-83.05178, 35.6213], [-83.05127, 35.62142], [-83.05088, 35.62182], [-83.05096, 35.62244], [-83.05062, 35.62295], [-83.05032, 35.62321], [-83.04998, 35.62331], [-83.05009, 35.62362], [-83.05056, 35.6237], [-83.05077, 35.62406], [-83.05108, 35.62416], [-83.05116, 35.62446], [-83.05078, 35.62467], [-83.04972, 35.62502], [-83.04916, 35.62508], [-83.0488, 35.6253], [-83.04879, 35.62612], [-83.04924, 35.62687], [-83.0491, 35.62707], [-83.04889, 35.62711], [-83.0486, 35.62707], [-83.048, 35.62716], [-83.04738, 35.6271], [-83.047, 35.62723], [-83.04698, 35.62751], [-83.04704, 35.62799], [-83.04721, 35.62829], [-83.04731, 35.62831], [-83.04721, 35.62874], [-83.04701, 35.62909], [-83.04645, 35.62962], [-83.0458, 35.62991], [-83.04553, 35.63059], [-83.04501, 35.63118], [-83.04517, 35.63159], [-83.0448, 35.63213], [-83.04495, 35.63272], [-83.04504, 35.63313], [-83.04471, 35.63344], [-83.04473, 35.63369], [-83.0451, 35.63381], [-83.04555, 35.63372], [-83.04572, 35.63389], [-83.04559, 35.63433], [-83.04552, 35.63507]]}, "properties": {"id": "tims-718904", "tims_id": 718904, "road_name": "SR-1395 (Cove Creek Road)", "road": "SR-1395", "common_name": "Cove Creek Road", "county": "Haywood", "closed_at": "2024-11-14T14:21:00Z", "reopened_at": "2025-04-24T00:20:04.170000Z", "est_end_at": "2025-04-30T21:00:00Z", "last_update_at": "2025-03-24T15:41:10Z", "condition": "Road Closed", "description": "The road is closed to commercial vehicle traffic. There is no access to TN on this route for commercial vehicles.", "location": "West of Clyde / Both Directions", "severity": 2, "is_full_closure": null, "geom_kind": "line", "feed_status": "historical", "provenance": "real: NCDOT TIMS via ArcGIS FeatureServer", "source_url": "https://services.arcgis.com/NuWFvHYDMVmmxMeM/arcgis/rest/services/State_Maintained_Historical_TIMS_Incidents_Hurricane_Helene/FeatureServer/1"}}, {"type": "Feature", "geometry": {"type": "LineString", "coordinates": [[-83.00629, 35.60434], [-83.0056, 35.60413], [-83.00542, 35.60407], [-83.00451, 35.6041], [-83.00429, 35.60391], [-83.00408, 35.60362], [-83.00382, 35.60357], [-83.00349, 35.60358], [-83.00328, 35.60346], [-83.0032, 35.6034], [-83.00324, 35.60306]]}, "properties": {"id": "tims-718905", "tims_id": 718905, "road_name": "SR-1350 (Rabbit Skin Road)", "road": "SR-1350", "common_name": "Rabbit Skin Road", "county": "Haywood", "closed_at": "2024-11-14T14:29:00Z", "reopened_at": "2025-04-24T00:20:04.170000Z", "est_end_at": "2025-04-30T21:00:00Z", "last_update_at": "2025-03-24T15:40:53Z", "condition": "Road Closed", "description": "The road is closed to commercial vehicle traffic. There is no access to TN on this route for commercial vehicles.", "location": "West of Clyde / Both Directions", "severity": 2, "is_full_closure": null, "geom_kind": "line", "feed_status": "historical", "provenance": "real: NCDOT TIMS via ArcGIS FeatureServer", "source_url": "https://services.arcgis.com/NuWFvHYDMVmmxMeM/arcgis/rest/services/State_Maintained_Historical_TIMS_Incidents_Hurricane_Helene/FeatureServer/1"}}, {"type": "Feature", "geometry": {"type": "LineString", "coordinates": [[-82.95761, 35.56747], [-82.95786, 35.56757], [-82.95798, 35.56768], [-82.95845, 35.56842], [-82.95861, 35.56858], [-82.95899, 35.56887], [-82.95945, 35.56902], [-82.96004, 35.5691], [-82.96084, 35.56918], [-82.96212, 35.56897], [-82.96231, 35.56898], [-82.96245, 35.56907], [-82.96248, 35.56927]]}, "properties": {"id": "tims-718907", "tims_id": 718907, "road_name": "SR-1364 (Ironduff Road)", "road": "SR-1364", "common_name": "Ironduff Road", "county": "Haywood", "closed_at": "2024-11-14T14:35:00Z", "reopened_at": "2025-04-24T00:20:04.170000Z", "est_end_at": "2025-04-30T21:00:00Z", "last_update_at": "2025-03-24T15:40:32Z", "condition": "Road Closed", "description": "The road is closed to commercial vehicle traffic. There is no access to TN on this route for commercial vehicles.", "location": "West of Clyde / Both Directions", "severity": 2, "is_full_closure": null, "geom_kind": "line", "feed_status": "historical", "provenance": "real: NCDOT TIMS via ArcGIS FeatureServer", "source_url": "https://services.arcgis.com/NuWFvHYDMVmmxMeM/arcgis/rest/services/State_Maintained_Historical_TIMS_Incidents_Hurricane_Helene/FeatureServer/1"}}, {"type": "Feature", "geometry": {"type": "LineString", "coordinates": [[-82.95727, 35.56993], [-82.95693, 35.57202], [-82.95667, 35.57261], [-82.95414, 35.57638], [-82.95315, 35.57712], [-82.95127, 35.57795], [-82.94715, 35.5797], [-82.94564, 35.58099], [-82.94234, 35.58539], [-82.94165, 35.58717], [-82.94122, 35.5894], [-82.93929, 35.5909], [-82.93801, 35.59275], [-82.93642, 35.59366], [-82.93552, 35.59579], [-82.93397, 35.59722], [-82.93341, 35.59903], [-82.93461, 35.60022]]}, "properties": {"id": "tims-718908", "tims_id": 718908, "road_name": "NC-209 (Crabtree Road)", "road": "NC-209", "common_name": "Crabtree Road", "county": "Haywood", "closed_at": "2024-11-14T14:45:00Z", "reopened_at": "2025-06-30T16:30:04.350000Z", "est_end_at": "2025-07-01T10:00:00Z", "last_update_at": "2025-06-18T23:18:40Z", "condition": "Road Closed", "description": "The road is closed to commercial vehicle traffic.", "location": "West of Clyde / Both Directions", "severity": 3, "is_full_closure": null, "geom_kind": "line", "feed_status": "historical", "provenance": "real: NCDOT TIMS via ArcGIS FeatureServer", "source_url": "https://services.arcgis.com/NuWFvHYDMVmmxMeM/arcgis/rest/services/State_Maintained_Historical_TIMS_Incidents_Hurricane_Helene/FeatureServer/1"}}, {"type": "Feature", "geometry": {"type": "LineString", "coordinates": [[-82.95177, 35.57789], [-82.95203, 35.57862], [-82.95225, 35.57916], [-82.95236, 35.57944], [-82.95297, 35.58036], [-82.95307, 35.58118], [-82.95325, 35.58139], [-82.95353, 35.58146], [-82.95401, 35.58146], [-82.95435, 35.58131], [-82.95487, 35.58119]]}, "properties": {"id": "tims-718911", "tims_id": 718911, "road_name": "SR-1365 (Crawford Road)", "road": "SR-1365", "common_name": "Crawford Road", "county": "Haywood", "closed_at": "2024-11-14T14:58:00Z", "reopened_at": "2025-04-24T00:20:04.170000Z", "est_end_at": "2025-04-30T21:00:00Z", "last_update_at": "2025-03-24T15:39:49Z", "condition": "Road Closed", "description": "The road is closed to commercial vehicle traffic. There is no access to TN on this route for commercial vehicles.", "location": "West of Clyde / Both Directions", "severity": 2, "is_full_closure": null, "geom_kind": "line", "feed_status": "historical", "provenance": "real: NCDOT TIMS via ArcGIS FeatureServer", "source_url": "https://services.arcgis.com/NuWFvHYDMVmmxMeM/arcgis/rest/services/State_Maintained_Historical_TIMS_Incidents_Hurricane_Helene/FeatureServer/1"}}, {"type": "Feature", "geometry": {"type": "Point", "coordinates": [-82.0418101660912, 35.7798663079577]}, "properties": {"id": "tims-719016", "tims_id": 719016, "road_name": "US-221 (US 221)", "road": "US-221", "common_name": "US 221", "county": "McDowell", "closed_at": "2024-11-16T13:00:00Z", "reopened_at": null, "est_end_at": "2024-11-16T20:00:00Z", "last_update_at": "2024-11-15T13:22:09Z", "condition": "Partial Access", "description": "Working on field slope repair.", "location": "In Woodlawn / Heading North", "severity": null, "is_full_closure": null, "geom_kind": "point", "feed_status": "historical", "provenance": "real: NCDOT TIMS via ArcGIS FeatureServer", "source_url": "https://services.arcgis.com/NuWFvHYDMVmmxMeM/arcgis/rest/services/State_Maintained_Historical_TIMS_Incidents_Hurricane_Helene/FeatureServer/0"}}, {"type": "Feature", "geometry": {"type": "Point", "coordinates": [-82.0419781599845, 35.7733278895745]}, "properties": {"id": "tims-719146", "tims_id": 719146, "road_name": "US-221 (US 221 N)", "road": "US-221", "common_name": "US 221 N", "county": "McDowell", "closed_at": "2024-11-17T12:01:00Z", "reopened_at": null, "est_end_at": "2024-11-17T22:01:00Z", "last_update_at": "2024-11-17T12:10:32Z", "condition": "Partial Access", "description": "Outside NorthBound lane will be closed just south of American Thread road", "location": "North of Marion / Heading North", "severity": null, "is_full_closure": null, "geom_kind": "point", "feed_status": "historical", "provenance": "real: NCDOT TIMS via ArcGIS FeatureServer", "source_url": "https://services.arcgis.com/NuWFvHYDMVmmxMeM/arcgis/rest/services/State_Maintained_Historical_TIMS_Incidents_Hurricane_Helene/FeatureServer/0"}}, {"type": "Feature", "geometry": {"type": "LineString", "coordinates": [[-82.3806, 35.54235], [-82.38116, 35.54134]]}, "properties": {"id": "tims-719221", "tims_id": 719221, "road_name": "SR-2820 (Whitaker Rd)", "road": "SR-2820", "common_name": "Whitaker Rd", "county": "Buncombe", "closed_at": "2024-11-18T14:26:00Z", "reopened_at": "2024-11-18T15:30:03.934000Z", "est_end_at": "2024-11-18T15:26:00Z", "last_update_at": "2024-11-18T14:43:01Z", "condition": "Road Closed", "description": "Whitaker Rd will be closed near the intersection of Old Fort Rd while crews removed damaged culvert and replace with a temporary bridge. Removal will begin Monday 11/18 with work scheduled to be complete by Friday 11/22. Work is under contract with Wright Brothers Construction.", "location": "East of Asheville / Both Directions", "severity": 1, "is_full_closure": null, "geom_kind": "line", "feed_status": "historical", "provenance": "real: NCDOT TIMS via ArcGIS FeatureServer", "source_url": "https://services.arcgis.com/NuWFvHYDMVmmxMeM/arcgis/rest/services/State_Maintained_Historical_TIMS_Incidents_Hurricane_Helene/FeatureServer/1"}}, {"type": "Feature", "geometry": {"type": "LineString", "coordinates": [[-82.37064, 35.43823], [-82.37056, 35.43788], [-82.37026, 35.43767], [-82.3699, 35.43743], [-82.36968, 35.43712], [-82.36956, 35.43682], [-82.36949, 35.43666], [-82.36916, 35.43661], [-82.36882, 35.43658], [-82.36856, 35.43644], [-82.36798, 35.43605], [-82.36777, 35.43589], [-82.36717, 35.43584], [-82.36662, 35.43587]]}, "properties": {"id": "tims-719413", "tims_id": 719413, "road_name": "SR-1569 (Bearwallow Mountain Road)", "road": "SR-1569", "common_name": "Bearwallow Mountain Road", "county": "Henderson", "closed_at": "2024-11-20T13:00:00Z", "reopened_at": "2024-11-20T23:10:04.068000Z", "est_end_at": "2024-11-20T23:00:00Z", "last_update_at": "2024-11-20T12:14:25Z", "condition": "Road Closed", "description": "The road will be closed near Fire Box Lane for slope failure repairs. Motorists are requested to follow on-scene traffic control.", "location": "West of Fletcher / Both Directions", "severity": 1, "is_full_closure": null, "geom_kind": "line", "feed_status": "historical", "provenance": "real: NCDOT TIMS via ArcGIS FeatureServer", "source_url": "https://services.arcgis.com/NuWFvHYDMVmmxMeM/arcgis/rest/services/State_Maintained_Historical_TIMS_Incidents_Hurricane_Helene/FeatureServer/1"}}, {"type": "Feature", "geometry": {"type": "LineString", "coordinates": [[-82.30689, 35.46104], [-82.30711, 35.46122], [-82.30735, 35.46161], [-82.30739, 35.46176], [-82.30738, 35.46188], [-82.30731, 35.46214], [-82.30728, 35.46227], [-82.30728, 35.46237], [-82.30723, 35.46282], [-82.30712, 35.46291], [-82.30682, 35.46301], [-82.30602, 35.46319], [-82.30582, 35.46327], [-82.30581, 35.46335], [-82.30584, 35.46342], [-82.30593, 35.46345], [-82.3061, 35.46342], [-82.30667, 35.46319], [-82.30694, 35.46316], [-82.30716, 35.46326], [-82.30748, 35.46339], [-82.30761, 35.4634], [-82.30767, 35.46334], [-82.30768, 35.46328], [-82.3077, 35.46316], [-82.30767, 35.46308], [-82.30767, 35.46302], [-82.30772, 35.46299], [-82.30782, 35.46299], [-82.30788, 35.46303], [-82.3079, 35.46332], [-82.30793, 35.46356], [-82.30788, 35.46362], [-82.30774, 35.46366], [-82.30743, 35.46363], [-82.30711, 35.46353], [-82.30696, 35.46352], [-82.30684, 35.46357], [-82.30675, 35.46365], [-82.30669, 35.46382], [-82.30674, 35.46396], [-82.30679, 35.46412], [-82.30684, 35.46453], [-82.30682, 35.46527], [-82.30677, 35.4655], [-82.30652, 35.46581], [-82.30646, 35.46602], [-82.30643, 35.46624], [-82.30645, 35.46647], [-82.30665, 35.46674], [-82.30674, 35.46681], [-82.30682, 35.46689], [-82.30686, 35.46718], [-82.30689, 35.46727], [-82.30696, 35.46737], [-82.30708, 35.46748], [-82.30725, 35.46765], [-82.3074, 35.46786], [-82.30747, 35.46817], [-82.30752, 35.46839], [-82.30764, 35.46857], [-82.30778, 35.4688], [-82.30781, 35.46893], [-82.30778, 35.46939], [-82.30753, 35.46984], [-82.30735, 35.47009], [-82.30729, 35.47024], [-82.30722, 35.4705], [-82.30711, 35.47065], [-82.30665, 35.47127], [-82.30653, 35.47139], [-82.3064, 35.47146], [-82.30628, 35.47153], [-82.30611, 35.47155], [-82.30581, 35.47162], [-82.30555, 35.47167], [-82.30533, 35.47178], [-82.30519, 35.47197], [-82.30502, 35.47239], [-82.30476, 35.47273], [-82.30457, 35.47297], [-82.30456, 35.47311], [-82.30463, 35.47321], [-82.30474, 35.4733], [-82.30489, 35.47341], [-82.30522, 35.47362], [-82.30543, 35.47368], [-82.30561, 35.47373], [-82.30577, 35.47383], [-82.30587, 35.47401], [-82.30586, 35.47433]]}, "properties": {"id": "tims-720031", "tims_id": 720031, "road_name": "SR-1605 (Middle Fork Road)", "road": "SR-1605", "common_name": "Middle Fork Road", "county": "Henderson", "closed_at": "2024-11-27T17:40:00Z", "reopened_at": "2024-12-12T14:20:04.013000Z", "est_end_at": "2025-09-17T21:00:00Z", "last_update_at": "2024-11-27T17:49:51Z", "condition": "Road Impassable", "description": "Middle Fork Road is closed for repairs between Gerton Highway (US 74 Alternate) and Toms Falls Road.", "location": "Near Hendersonville / Both Directions", "severity": 2, "is_full_closure": null, "geom_kind": "line", "feed_status": "historical", "provenance": "real: NCDOT TIMS via ArcGIS FeatureServer", "source_url": "https://services.arcgis.com/NuWFvHYDMVmmxMeM/arcgis/rest/services/State_Maintained_Historical_TIMS_Incidents_Hurricane_Helene/FeatureServer/1"}}, {"type": "Feature", "geometry": {"type": "LineString", "coordinates": [[-82.95777, 35.56752], [-82.95796, 35.56768], [-82.9582, 35.56802], [-82.95837, 35.56839], [-82.95889, 35.56879], [-82.95948, 35.56904], [-82.96081, 35.56917], [-82.96225, 35.56895], [-82.96249, 35.56913], [-82.9625, 35.56945], [-82.96276, 35.56982], [-82.96329, 35.56994], [-82.96397, 35.57002], [-82.96418, 35.57009], [-82.96447, 35.57032], [-82.96562, 35.57268], [-82.96602, 35.57365], [-82.96637, 35.5743], [-82.96711, 35.57615], [-82.96744, 35.57675], [-82.96792, 35.57721], [-82.96861, 35.5778], [-82.97004, 35.57894], [-82.97005, 35.57921], [-82.97004, 35.57962], [-82.97018, 35.57989], [-82.97024, 35.58017], [-82.97014, 35.58051], [-82.96986, 35.58107], [-82.97001, 35.58178], [-82.97045, 35.58227]]}, "properties": {"id": "tims-720574", "tims_id": 720574, "road_name": "SR-1363 (Iron Duff Road)", "road": "SR-1363", "common_name": "Iron Duff Road", "county": "Haywood", "closed_at": "2024-12-04T23:07:00Z", "reopened_at": "2025-04-24T00:20:04.170000Z", "est_end_at": "2025-04-30T21:00:00Z", "last_update_at": "2025-03-24T15:38:42Z", "condition": "Road Closed", "description": "The road is closed to commercial traffic. There is no access to Tennessee on this route, for commercial vehicles.", "location": "Near Lake Junaluska / Both Directions", "severity": 1, "is_full_closure": null, "geom_kind": "line", "feed_status": "historical", "provenance": "real: NCDOT TIMS via ArcGIS FeatureServer", "source_url": "https://services.arcgis.com/NuWFvHYDMVmmxMeM/arcgis/rest/services/State_Maintained_Historical_TIMS_Incidents_Hurricane_Helene/FeatureServer/1"}}, {"type": "Feature", "geometry": {"type": "LineString", "coordinates": [[-82.95178, 35.57792], [-82.9522, 35.579], [-82.95225, 35.57928], [-82.95295, 35.58033], [-82.95298, 35.58048], [-82.95306, 35.58111], [-82.95321, 35.58134], [-82.95364, 35.5815], [-82.95392, 35.58151], [-82.95456, 35.58125], [-82.95488, 35.58122], [-82.95527, 35.58125], [-82.95553, 35.58135], [-82.95614, 35.58192], [-82.9567, 35.58211], [-82.95732, 35.58228], [-82.95778, 35.58224], [-82.95818, 35.58223], [-82.96048, 35.58123], [-82.96069, 35.58083], [-82.96153, 35.58085], [-82.96189, 35.58102], [-82.96239, 35.58125], [-82.96269, 35.58118], [-82.96325, 35.5805], [-82.96395, 35.58045], [-82.9646, 35.58045], [-82.9652, 35.58057], [-82.96546, 35.58099], [-82.96569, 35.5812], [-82.96631, 35.58116], [-82.96683, 35.58104], [-82.96739, 35.58104], [-82.96797, 35.58139], [-82.96816, 35.58153], [-82.96893, 35.58137], [-82.96979, 35.58052], [-82.97005, 35.57994], [-82.97011, 35.57958]]}, "properties": {"id": "tims-720577", "tims_id": 720577, "road_name": "SR-1365 (Crawford Road)", "road": "SR-1365", "common_name": "Crawford Road", "county": "Haywood", "closed_at": "2024-12-04T23:27:00Z", "reopened_at": "2025-04-24T00:10:04.451000Z", "est_end_at": "2025-04-30T21:00:00Z", "last_update_at": "2025-03-24T15:53:05Z", "condition": "Road Closed", "description": "The road is closed to commercial vehicle traffic. There is no access to TN on this route for commercial vehicles.", "location": "Near Lake Junaluska / Both Directions", "severity": 1, "is_full_closure": null, "geom_kind": "line", "feed_status": "historical", "provenance": "real: NCDOT TIMS via ArcGIS FeatureServer", "source_url": "https://services.arcgis.com/NuWFvHYDMVmmxMeM/arcgis/rest/services/State_Maintained_Historical_TIMS_Incidents_Hurricane_Helene/FeatureServer/1"}}, {"type": "Feature", "geometry": {"type": "LineString", "coordinates": [[-83.01552, 35.57465], [-83.01504, 35.57439], [-83.01338, 35.57321], [-83.01285, 35.57308], [-83.01115, 35.57283], [-83.01118, 35.57286], [-83.01053, 35.57264], [-83.0102, 35.57246], [-83.0096, 35.57245], [-83.00845, 35.57273], [-83.0078, 35.57335], [-83.00719, 35.57381], [-83.0066, 35.57415], [-83.00607, 35.5744], [-83.00598, 35.57455], [-83.00599, 35.57483], [-83.00601, 35.5752], [-83.00648, 35.57585], [-83.00656, 35.5762], [-83.00663, 35.5764], [-83.00663, 35.57662], [-83.00632, 35.57667]]}, "properties": {"id": "tims-720580", "tims_id": 720580, "road_name": "SR-1324 (Qualla Road)", "road": "SR-1324", "common_name": "Qualla Road", "county": "Haywood", "closed_at": "2024-12-04T23:34:00Z", "reopened_at": "2025-04-24T00:10:04.451000Z", "est_end_at": "2025-04-30T21:00:00Z", "last_update_at": "2025-03-24T15:52:39Z", "condition": "Road Closed", "description": "The road is closed to commercial vehicle traffic. There is no access to TN on this route for commercial vehicles.", "location": "Near Lake Junaluska / Both Directions", "severity": 1, "is_full_closure": null, "geom_kind": "line", "feed_status": "historical", "provenance": "real: NCDOT TIMS via ArcGIS FeatureServer", "source_url": "https://services.arcgis.com/NuWFvHYDMVmmxMeM/arcgis/rest/services/State_Maintained_Historical_TIMS_Incidents_Hurricane_Helene/FeatureServer/1"}}, {"type": "Feature", "geometry": {"type": "LineString", "coordinates": [[-82.95636, 35.57308], [-82.95436, 35.57607], [-82.95365, 35.57678], [-82.95277, 35.57745], [-82.94957, 35.57862], [-82.94775, 35.57943], [-82.94686, 35.57993], [-82.94597, 35.58067], [-82.9452, 35.58142], [-82.94435, 35.58248], [-82.94235, 35.58528], [-82.94189, 35.58638], [-82.94145, 35.58864], [-82.94134, 35.58902], [-82.9409, 35.5897], [-82.93949, 35.59074], [-82.93877, 35.59164], [-82.93809, 35.5925], [-82.93744, 35.59297], [-82.93663, 35.59355], [-82.93625, 35.59408], [-82.93579, 35.59533], [-82.93535, 35.59586], [-82.93425, 35.59695], [-82.9338, 35.59787], [-82.93363, 35.59867], [-82.9338, 35.59937], [-82.9344, 35.60008], [-82.93515, 35.6007], [-82.93612, 35.60177], [-82.9366, 35.60285], [-82.93693, 35.60318], [-82.93782, 35.60367], [-82.93833, 35.6042], [-82.93844, 35.60476], [-82.93819, 35.60821], [-82.93777, 35.60925], [-82.93714, 35.61013], [-82.93575, 35.61218], [-82.93458, 35.6134], [-82.93432, 35.61429], [-82.93463, 35.61528], [-82.9356, 35.61686], [-82.93574, 35.61808], [-82.93591, 35.61911], [-82.93645, 35.62042], [-82.9396, 35.62335], [-82.94175, 35.62548], [-82.94236, 35.62633], [-82.94265, 35.62693], [-82.94301, 35.62825], [-82.94297, 35.62962], [-82.94279, 35.63058], [-82.94241, 35.63333], [-82.94228, 35.63401], [-82.94163, 35.63841], [-82.94073, 35.64451], [-82.94081, 35.64507], [-82.94287, 35.64859], [-82.94341, 35.65328], [-82.94242, 35.65605], [-82.94215, 35.65702], [-82.94202, 35.65979], [-82.94073, 35.6642], [-82.94155, 35.66757], [-82.94185, 35.67142], [-82.94196, 35.6733], [-82.94243, 35.67377], [-82.94305, 35.67534], [-82.94245, 35.67567], [-82.94114, 35.67597], [-82.93947, 35.67591], [-82.93511, 35.67611], [-82.93434, 35.67616], [-82.93312, 35.67652], [-82.93211, 35.67654], [-82.93095, 35.67631], [-82.92024, 35.67582], [-82.91868, 35.67587], [-82.917, 35.67676], [-82.91619, 35.67692], [-82.91486, 35.67666], [-82.91443, 35.67591], [-82.9146, 35.67521], [-82.91422, 35.67463], [-82.91325, 35.67449], [-82.90922, 35.67606], [-82.90849, 35.6768], [-82.90855, 35.67775], [-82.90937, 35.67889], [-82.91095, 35.68039], [-82.91216, 35.68039], [-82.91263, 35.68025], [-82.91342, 35.68049], [-82.91368, 35.68126], [-82.91357, 35.6815], [-82.91286, 35.68197], [-82.91222, 35.6823], [-82.91149, 35.68244], [-82.9105, 35.6826]]}, "properties": {"id": "tims-721031", "tims_id": 721031, "road_name": "NC-209 (Crabtree Road)", "road": "NC-209", "common_name": "Crabtree Road", "county": "Haywood", "closed_at": "2024-12-10T18:00:00Z", "reopened_at": "2025-06-30T16:20:03.621000Z", "est_end_at": "2025-07-01T10:00:00Z", "last_update_at": "2025-06-20T01:12:15Z", "condition": "Road Closed", "description": "The road is closed to commercial vehicle traffic. There is no access to TN on this route for commercial vehicles.", "location": "Near Clyde / Both Directions", "severity": 3, "is_full_closure": null, "geom_kind": "line", "feed_status": "historical", "provenance": "real: NCDOT TIMS via ArcGIS FeatureServer", "source_url": "https://services.arcgis.com/NuWFvHYDMVmmxMeM/arcgis/rest/services/State_Maintained_Historical_TIMS_Incidents_Hurricane_Helene/FeatureServer/1"}}, {"type": "Feature", "geometry": {"type": "LineString", "coordinates": [[-82.51301, 35.31983], [-82.51353, 35.31984], [-82.51296, 35.31991], [-82.51278, 35.32041], [-82.51212, 35.32099], [-82.51094, 35.32108], [-82.50996, 35.32077], [-82.50866, 35.32041], [-82.50806, 35.32044], [-82.50676, 35.31986], [-82.50622, 35.32003], [-82.50489, 35.31944]]}, "properties": {"id": "tims-721252", "tims_id": 721252, "road_name": "SR-1188 (Davis Mountain Road)", "road": "SR-1188", "common_name": "Davis Mountain Road", "county": "Henderson", "closed_at": "2024-12-12T20:25:00Z", "reopened_at": "2025-03-31T20:30:03.946000Z", "est_end_at": "2025-03-31T20:25:00Z", "last_update_at": "2025-02-28T17:27:15Z", "condition": "Road Closed", "description": "Mud slide from hurricane Helene", "location": "South of Laurel Park / Heading East", "severity": 1, "is_full_closure": null, "geom_kind": "line", "feed_status": "historical", "provenance": "real: NCDOT TIMS via ArcGIS FeatureServer", "source_url": "https://services.arcgis.com/NuWFvHYDMVmmxMeM/arcgis/rest/services/State_Maintained_Historical_TIMS_Incidents_Hurricane_Helene/FeatureServer/1"}}, {"type": "Feature", "geometry": {"type": "LineString", "coordinates": [[-82.60935, 35.27127], [-82.60956, 35.27121], [-82.60965, 35.27101], [-82.6096, 35.27087], [-82.60946, 35.27086], [-82.60925, 35.27088], [-82.60901, 35.27088], [-82.60886, 35.27082], [-82.60866, 35.27074], [-82.60857, 35.27067], [-82.60865, 35.2706], [-82.60878, 35.27052], [-82.60892, 35.27043]]}, "properties": {"id": "tims-721254", "tims_id": 721254, "road_name": "SR-1201 (Pleasant Grove Church)", "road": "SR-1201", "common_name": "Pleasant Grove Church", "county": "Henderson", "closed_at": "2024-12-12T20:31:00Z", "reopened_at": "2025-11-17T16:00:04.949000Z", "est_end_at": "2025-11-28T22:00:00Z", "last_update_at": "2025-10-29T12:11:20Z", "condition": "Road Closed", "description": "The road is closed near Jeter Mountain Road, due to damage from Hurricane Helene.", "location": "South of Etowah / Mile Marker 1.1 to 1.2 Both Directions", "severity": 3, "is_full_closure": null, "geom_kind": "line", "feed_status": "historical", "provenance": "real: NCDOT TIMS via ArcGIS FeatureServer", "source_url": "https://services.arcgis.com/NuWFvHYDMVmmxMeM/arcgis/rest/services/State_Maintained_Historical_TIMS_Incidents_Hurricane_Helene/FeatureServer/1"}}, {"type": "Feature", "geometry": {"type": "LineString", "coordinates": [[-82.51704, 35.30249], [-82.51618, 35.30258], [-82.51439, 35.30247], [-82.51371, 35.30348], [-82.51334, 35.30364], [-82.51287, 35.30345], [-82.51257, 35.30303], [-82.51237, 35.3028], [-82.51207, 35.30277]]}, "properties": {"id": "tims-721253", "tims_id": 721253, "road_name": "SR-1171 (Finley Cove Road)", "road": "SR-1171", "common_name": "Finley Cove Road", "county": "Henderson", "closed_at": "2024-12-12T20:38:00Z", "reopened_at": "2025-06-05T17:30:04.629000Z", "est_end_at": "2025-06-30T21:00:00Z", "last_update_at": "2025-04-25T14:11:48Z", "condition": "Road Impassable", "description": "Closed due to mudslide from hurricane Helene", "location": "South of Laurel Park / Heading South", "severity": 1, "is_full_closure": null, "geom_kind": "line", "feed_status": "historical", "provenance": "real: NCDOT TIMS via ArcGIS FeatureServer", "source_url": "https://services.arcgis.com/NuWFvHYDMVmmxMeM/arcgis/rest/services/State_Maintained_Historical_TIMS_Incidents_Hurricane_Helene/FeatureServer/1"}}, {"type": "Feature", "geometry": {"type": "LineString", "coordinates": [[-82.51596, 35.30278], [-82.51504, 35.30313], [-82.51465, 35.30332], [-82.51449, 35.30369], [-82.51449, 35.30417], [-82.51435, 35.30427], [-82.51411, 35.30429], [-82.51365, 35.30425], [-82.51351, 35.30431], [-82.51343, 35.30461], [-82.51334, 35.30492], [-82.51317, 35.30505]]}, "properties": {"id": "tims-721256", "tims_id": 721256, "road_name": "SR-1192 (Hebron Road)", "road": "SR-1192", "common_name": "Hebron Road", "county": "Henderson", "closed_at": "2024-12-12T20:44:00Z", "reopened_at": "2025-03-31T20:50:04.036000Z", "est_end_at": "2025-03-31T20:44:00Z", "last_update_at": "2024-12-12T20:52:22Z", "condition": "Road Impassable", "description": "Closed due to mudslide from Hurricane Helene", "location": "South of Laurel Park / Heading East", "severity": 1, "is_full_closure": null, "geom_kind": "line", "feed_status": "historical", "provenance": "real: NCDOT TIMS via ArcGIS FeatureServer", "source_url": "https://services.arcgis.com/NuWFvHYDMVmmxMeM/arcgis/rest/services/State_Maintained_Historical_TIMS_Incidents_Hurricane_Helene/FeatureServer/1"}}, {"type": "Feature", "geometry": {"type": "LineString", "coordinates": [[-82.35122, 35.29852], [-82.35094, 35.29861], [-82.35073, 35.29858], [-82.35047, 35.29849], [-82.35033, 35.29842], [-82.35032, 35.29821], [-82.3505, 35.298]]}, "properties": {"id": "tims-721258", "tims_id": 721258, "road_name": "SR-1802 (Big Hungry)", "road": "SR-1802", "common_name": "Big Hungry", "county": "Henderson", "closed_at": "2024-12-12T20:49:00Z", "reopened_at": "2025-11-17T16:10:04.608000Z", "est_end_at": "2025-12-31T22:00:00Z", "last_update_at": "2025-08-14T11:07:53Z", "condition": "Local Traffic Only", "description": "A lane is closed near Gallimore Road to local traffic only, due to bridge washout from Hurricane Helene.  On site traffic signals are place to assist in traffic controls. Motorists are requested to stay alert for workers present in roadway.", "location": "East of Hendersonville / Mile Marker 2.5 to 2.6 Both Directions", "severity": 3, "is_full_closure": null, "geom_kind": "line", "feed_status": "historical", "provenance": "real: NCDOT TIMS via ArcGIS FeatureServer", "source_url": "https://services.arcgis.com/NuWFvHYDMVmmxMeM/arcgis/rest/services/State_Maintained_Historical_TIMS_Incidents_Hurricane_Helene/FeatureServer/1"}}, {"type": "Feature", "geometry": {"type": "LineString", "coordinates": [[-82.30009, 35.39681], [-82.30047, 35.39661], [-82.30107, 35.39653], [-82.30155, 35.39635], [-82.3018, 35.39636], [-82.3021, 35.39657], [-82.30242, 35.39672], [-82.3029, 35.39723], [-82.30328, 35.39731], [-82.30394, 35.39726], [-82.30502, 35.39733], [-82.3054, 35.39744], [-82.30644, 35.39734], [-82.30704, 35.39761], [-82.30763, 35.39771], [-82.30791, 35.39726], [-82.3085, 35.39744], [-82.30984, 35.39762], [-82.31075, 35.39815], [-82.31157, 35.39829], [-82.31222, 35.39812], [-82.31255, 35.39789], [-82.3132, 35.39799], [-82.3138, 35.39815], [-82.315, 35.39788], [-82.31515, 35.39783]]}, "properties": {"id": "tims-721259", "tims_id": 721259, "road_name": "SR-1710 (Bald Rock Road)", "road": "SR-1710", "common_name": "Bald Rock Road", "county": "Henderson", "closed_at": "2024-12-12T20:53:00Z", "reopened_at": "2025-03-31T21:00:04.129000Z", "est_end_at": "2025-03-31T20:53:00Z", "last_update_at": "2024-12-12T20:59:28Z", "condition": "Local Traffic Only", "description": "Road closed, local traffic only.", "location": "North East of Hendersonville / Heading North", "severity": 1, "is_full_closure": null, "geom_kind": "line", "feed_status": "historical", "provenance": "real: NCDOT TIMS via ArcGIS FeatureServer", "source_url": "https://services.arcgis.com/NuWFvHYDMVmmxMeM/arcgis/rest/services/State_Maintained_Historical_TIMS_Incidents_Hurricane_Helene/FeatureServer/1"}}, {"type": "Feature", "geometry": {"type": "LineString", "coordinates": [[-82.2923, 35.45256], [-82.29088, 35.45329], [-82.28996, 35.45334], [-82.28942, 35.45284], [-82.28855, 35.45224], [-82.28741, 35.45173], [-82.28629, 35.45131], [-82.284, 35.45048], [-82.28213, 35.44953], [-82.27975, 35.44929], [-82.27882, 35.44915]]}, "properties": {"id": "tims-721262", "tims_id": 721262, "road_name": "US-74 ALT (Gerton Highway)", "road": "US-74 ALT", "common_name": "Gerton Highway", "county": "Henderson", "closed_at": "2024-12-12T20:59:00Z", "reopened_at": "2026-03-28T10:10:03.304000Z", "est_end_at": "2026-03-28T10:00:00Z", "last_update_at": "2026-03-26T17:30:14Z", "condition": "Road Closed", "description": "Local traffic only, due to damage from Hurricane Helene. Checkpoints in place", "location": "North East of Hendersonville / Both Directions", "severity": 2, "is_full_closure": null, "geom_kind": "line", "feed_status": "historical", "provenance": "real: NCDOT TIMS via ArcGIS FeatureServer", "source_url": "https://services.arcgis.com/NuWFvHYDMVmmxMeM/arcgis/rest/services/State_Maintained_Historical_TIMS_Incidents_Hurricane_Helene/FeatureServer/1"}}, {"type": "Feature", "geometry": {"type": "LineString", "coordinates": [[-82.29711, 36.03512], [-82.29655, 36.03505], [-82.29619, 36.03458]]}, "properties": {"id": "tims-721339", "tims_id": 721339, "road_name": "SR-1338 (Toe River Road)", "road": "SR-1338", "common_name": "Toe River Road", "county": "Yancey", "closed_at": "2024-12-13T16:08:00Z", "reopened_at": "2025-04-24T00:00:06.095000Z", "est_end_at": "2026-12-31T22:00:00Z", "last_update_at": "2025-03-24T15:51:14Z", "condition": "Road Closed", "description": "The road is closed to commercial vehicle traffic.", "location": "North of Burnsville / Both Directions", "severity": 2, "is_full_closure": null, "geom_kind": "line", "feed_status": "historical", "provenance": "real: NCDOT TIMS via ArcGIS FeatureServer", "source_url": "https://services.arcgis.com/NuWFvHYDMVmmxMeM/arcgis/rest/services/State_Maintained_Historical_TIMS_Incidents_Hurricane_Helene/FeatureServer/1"}}, {"type": "Feature", "geometry": {"type": "LineString", "coordinates": [[-82.35072, 36.01566], [-82.35053, 36.01622], [-82.35038, 36.01643], [-82.34997, 36.01655], [-82.34959, 36.01645], [-82.34856, 36.01559], [-82.34776, 36.01518], [-82.34731, 36.01511], [-82.34637, 36.0152], [-82.34532, 36.01565], [-82.34502, 36.01591], [-82.3447, 36.01645], [-82.34482, 36.01712], [-82.34542, 36.01855], [-82.34519, 36.01938], [-82.34362, 36.0215], [-82.34296, 36.0218], [-82.34221, 36.02166], [-82.3415, 36.02115], [-82.34075, 36.02029], [-82.34025, 36.01959], [-82.33991, 36.01869], [-82.3397, 36.01822], [-82.33899, 36.01822], [-82.33802, 36.01686], [-82.33517, 36.01414], [-82.33276, 36.01318], [-82.33151, 36.01342], [-82.33026, 36.01365], [-82.32754, 36.0144], [-82.32683, 36.01495], [-82.32586, 36.01572], [-82.32543, 36.01636], [-82.32528, 36.01717], [-82.32589, 36.01956], [-82.32654, 36.02053], [-82.32789, 36.02161], [-82.32853, 36.0224], [-82.3293, 36.02303], [-82.32986, 36.02402], [-82.3296, 36.02483], [-82.32915, 36.02548], [-82.32868, 36.02549], [-82.32838, 36.02522], [-82.32795, 36.02483], [-82.32737, 36.02475], [-82.32692, 36.0249], [-82.32652, 36.02529], [-82.32643, 36.02599], [-82.32635, 36.02698], [-82.32622, 36.02769], [-82.3257, 36.02854], [-82.32504, 36.02878], [-82.32429, 36.02876], [-82.32353, 36.02852], [-82.32296, 36.02831], [-82.32184, 36.02668], [-82.3212, 36.02533], [-82.32122, 36.02482], [-82.32188, 36.02347], [-82.32188, 36.02272], [-82.32154, 36.02206], [-82.3215, 36.02135]]}, "properties": {"id": "tims-721342", "tims_id": 721342, "road_name": "SR-1417 (Huntdale Road)", "road": "SR-1417", "common_name": "Huntdale Road", "county": "Yancey", "closed_at": "2024-12-13T16:26:00Z", "reopened_at": "2025-04-24T00:00:06.095000Z", "est_end_at": "2026-12-31T22:00:00Z", "last_update_at": "2025-03-24T15:52:19Z", "condition": "Road Closed", "description": "The road is closed to commercial vehicle traffic.", "location": "North of Burnsville / Both Directions", "severity": 2, "is_full_closure": null, "geom_kind": "line", "feed_status": "historical", "provenance": "real: NCDOT TIMS via ArcGIS FeatureServer", "source_url": "https://services.arcgis.com/NuWFvHYDMVmmxMeM/arcgis/rest/services/State_Maintained_Historical_TIMS_Incidents_Hurricane_Helene/FeatureServer/1"}}, {"type": "Feature", "geometry": {"type": "LineString", "coordinates": [[-82.35784, 36.00027], [-82.35755, 36.00067]]}, "properties": {"id": "tims-721344", "tims_id": 721344, "road_name": "SR-1444 (Will Higgins Road)", "road": "SR-1444", "common_name": "Will Higgins Road", "county": "Yancey", "closed_at": "2024-12-13T16:45:00Z", "reopened_at": "2025-03-25T11:20:03.847000Z", "est_end_at": "2026-12-31T17:45:00Z", "last_update_at": "2024-12-13T16:57:10Z", "condition": "Road Closed", "description": "The bridge that crosses the Cane River is closed due to storm damage.", "location": "East of TN State Line / Both Directions", "severity": 2, "is_full_closure": null, "geom_kind": "line", "feed_status": "historical", "provenance": "real: NCDOT TIMS via ArcGIS FeatureServer", "source_url": "https://services.arcgis.com/NuWFvHYDMVmmxMeM/arcgis/rest/services/State_Maintained_Historical_TIMS_Incidents_Hurricane_Helene/FeatureServer/1"}}, {"type": "Feature", "geometry": {"type": "LineString", "coordinates": [[-82.32705, 36.02489], [-82.3272, 36.0254], [-82.32715, 36.02602], [-82.32727, 36.02639], [-82.32742, 36.02658], [-82.32777, 36.02747]]}, "properties": {"id": "tims-721345", "tims_id": 721345, "road_name": "SR-1343 (Murphytown Road)", "road": "SR-1343", "common_name": "Murphytown Road", "county": "Yancey", "closed_at": "2024-12-13T17:00:00Z", "reopened_at": "2025-04-24T00:00:06.095000Z", "est_end_at": "2026-12-31T22:00:00Z", "last_update_at": "2025-03-24T15:52:00Z", "condition": "Road Closed", "description": "The road is closed to commercial vehicle traffic.", "location": "North of Burnsville / Both Directions", "severity": 2, "is_full_closure": null, "geom_kind": "line", "feed_status": "historical", "provenance": "real: NCDOT TIMS via ArcGIS FeatureServer", "source_url": "https://services.arcgis.com/NuWFvHYDMVmmxMeM/arcgis/rest/services/State_Maintained_Historical_TIMS_Incidents_Hurricane_Helene/FeatureServer/1"}}, {"type": "Feature", "geometry": {"type": "LineString", "coordinates": [[-82.25622, 35.99044], [-82.25264, 35.98895], [-82.2512, 35.98848], [-82.24998, 35.98862], [-82.24912, 35.98933], [-82.24871, 35.99041], [-82.24877, 35.99215], [-82.24931, 35.99385]]}, "properties": {"id": "tims-721347", "tims_id": 721347, "road_name": "NC-197 (NC-197 North)", "road": "NC-197", "common_name": "NC-197 North", "county": "Yancey", "closed_at": "2024-12-13T17:10:00Z", "reopened_at": "2025-03-24T20:00:04.920000Z", "est_end_at": "2026-12-31T22:00:00Z", "last_update_at": "2025-03-24T15:51:40Z", "condition": "Road Closed", "description": "The road is closed to commercial vehicle traffic.", "location": "North of Burnsville / Both Directions", "severity": 2, "is_full_closure": null, "geom_kind": "line", "feed_status": "historical", "provenance": "real: NCDOT TIMS via ArcGIS FeatureServer", "source_url": "https://services.arcgis.com/NuWFvHYDMVmmxMeM/arcgis/rest/services/State_Maintained_Historical_TIMS_Incidents_Hurricane_Helene/FeatureServer/1"}}, {"type": "Feature", "geometry": {"type": "Point", "coordinates": [-82.4354024967971, 35.3354884868307]}, "properties": {"id": "tims-721630", "tims_id": 721630, "road_name": "I-26", "road": "I-26", "common_name": "", "county": "Henderson", "closed_at": "2024-12-17T14:00:00Z", "reopened_at": null, "est_end_at": "2024-12-17T21:00:00Z", "last_update_at": "2024-12-17T11:36:28Z", "condition": "Partial Access", "description": "clean up fallen trees along the emergency lane along I26 from Hurricane Helene", "location": "West of Hendersonville / Mile Marker 51 to 49 Heading West", "severity": null, "is_full_closure": null, "geom_kind": "point", "feed_status": "historical", "provenance": "real: NCDOT TIMS via ArcGIS FeatureServer", "source_url": "https://services.arcgis.com/NuWFvHYDMVmmxMeM/arcgis/rest/services/State_Maintained_Historical_TIMS_Incidents_Hurricane_Helene/FeatureServer/0"}}, {"type": "Feature", "geometry": {"type": "LineString", "coordinates": [[-82.27926, 35.48373], [-82.27901, 35.48284], [-82.27888, 35.48165], [-82.27879, 35.48074], [-82.27883, 35.48029], [-82.27931, 35.47943], [-82.27965, 35.47901], [-82.27965, 35.47884], [-82.27971, 35.47826], [-82.27971, 35.47739], [-82.27982, 35.47699], [-82.28016, 35.47616], [-82.28276, 35.47278], [-82.28319, 35.47214], [-82.28325, 35.47174], [-82.28336, 35.47123], [-82.28338, 35.4706], [-82.2833, 35.46999], [-82.28291, 35.46899], [-82.2828, 35.46865], [-82.28162, 35.46748], [-82.28141, 35.46663], [-82.28141, 35.46602], [-82.28119, 35.46556], [-82.28059, 35.46474], [-82.28059, 35.46406], [-82.28126, 35.46367]]}, "properties": {"id": "tims-721705", "tims_id": 721705, "road_name": "NC-9", "road": "NC-9", "common_name": "", "county": "Buncombe", "closed_at": "2024-12-17T21:19:00Z", "reopened_at": "2025-04-24T11:20:03.408000Z", "est_end_at": "2025-04-30T21:00:00Z", "last_update_at": "2025-03-24T17:07:17Z", "condition": "Lane Closed", "description": "One lane is closed near Shumont Rd.", "location": "Near Asheville / Both Directions", "severity": 3, "is_full_closure": null, "geom_kind": "line", "feed_status": "historical", "provenance": "real: NCDOT TIMS via ArcGIS FeatureServer", "source_url": "https://services.arcgis.com/NuWFvHYDMVmmxMeM/arcgis/rest/services/State_Maintained_Historical_TIMS_Incidents_Hurricane_Helene/FeatureServer/1"}}, {"type": "Feature", "geometry": {"type": "LineString", "coordinates": [[-82.36813, 35.4607], [-82.36753, 35.46161], [-82.36749, 35.46248], [-82.36685, 35.46311], [-82.36719, 35.46434], [-82.36749, 35.46483]]}, "properties": {"id": "tims-721865", "tims_id": 721865, "road_name": "SR-1587 (Bearwallow Mountain)", "road": "SR-1587", "common_name": "Bearwallow Mountain", "county": "Henderson", "closed_at": "2024-12-19T13:29:00Z", "reopened_at": "2025-03-31T13:30:04.186000Z", "est_end_at": "2025-03-31T13:29:00Z", "last_update_at": "2024-12-19T13:34:20Z", "condition": "Local Traffic Only", "description": "", "location": "North of Hendersonville / Heading North", "severity": 1, "is_full_closure": null, "geom_kind": "line", "feed_status": "historical", "provenance": "real: NCDOT TIMS via ArcGIS FeatureServer", "source_url": "https://services.arcgis.com/NuWFvHYDMVmmxMeM/arcgis/rest/services/State_Maintained_Historical_TIMS_Incidents_Hurricane_Helene/FeatureServer/1"}}, {"type": "Feature", "geometry": {"type": "LineString", "coordinates": [[-82.31553, 35.4558], [-82.31558, 35.45625], [-82.31603, 35.45656], [-82.31612, 35.45682], [-82.31582, 35.45704], [-82.31563, 35.45707]]}, "properties": {"id": "tims-721866", "tims_id": 721866, "road_name": "SR-1602 (Grant Mountain Road)", "road": "SR-1602", "common_name": "Grant Mountain Road", "county": "Henderson", "closed_at": "2024-12-19T13:34:00Z", "reopened_at": "2025-03-31T13:40:03.668000Z", "est_end_at": "2025-03-31T13:34:00Z", "last_update_at": "2024-12-19T13:38:10Z", "condition": "Local Traffic Only", "description": "", "location": "North of Hendersonville / Heading North", "severity": 1, "is_full_closure": null, "geom_kind": "line", "feed_status": "historical", "provenance": "real: NCDOT TIMS via ArcGIS FeatureServer", "source_url": "https://services.arcgis.com/NuWFvHYDMVmmxMeM/arcgis/rest/services/State_Maintained_Historical_TIMS_Incidents_Hurricane_Helene/FeatureServer/1"}}, {"type": "Feature", "geometry": {"type": "LineString", "coordinates": [[-82.40793, 35.25138], [-82.40784, 35.25026], [-82.40716, 35.24935], [-82.40681, 35.24774], [-82.40458, 35.24739], [-82.40244, 35.24921], [-82.40141, 35.24717], [-82.40072, 35.24234], [-82.39823, 35.24122], [-82.39746, 35.23799], [-82.39508, 35.23538], [-82.39054, 35.2337], [-82.37884, 35.23826]]}, "properties": {"id": "tims-721868", "tims_id": 721868, "road_name": "US-176 (Spartanburg Highway)", "road": "US-176", "common_name": "Spartanburg Highway", "county": "Henderson", "closed_at": "2024-12-19T13:42:00Z", "reopened_at": "2025-03-31T13:50:05.624000Z", "est_end_at": "2025-03-31T13:42:00Z", "last_update_at": "2024-12-19T13:50:36Z", "condition": "Local Traffic Only", "description": "", "location": "South of Hendersonville / Heading South", "severity": 2, "is_full_closure": null, "geom_kind": "line", "feed_status": "historical", "provenance": "real: NCDOT TIMS via ArcGIS FeatureServer", "source_url": "https://services.arcgis.com/NuWFvHYDMVmmxMeM/arcgis/rest/services/State_Maintained_Historical_TIMS_Incidents_Hurricane_Helene/FeatureServer/1"}}, {"type": "Feature", "geometry": {"type": "Point", "coordinates": [-82.4313732360011, 35.3302047138416]}, "properties": {"id": "tims-721852", "tims_id": 721852, "road_name": "I-26", "road": "I-26", "common_name": "", "county": "Henderson", "closed_at": "2024-12-19T14:00:00Z", "reopened_at": null, "est_end_at": "2024-12-19T18:00:00Z", "last_update_at": "2024-12-19T12:06:07Z", "condition": "Partial Access", "description": "closing right lane to clean and remove hazardous trees from roadway and emergency strip", "location": "Near Hendersonville / Mile Marker 50 to 51 Heading East", "severity": null, "is_full_closure": null, "geom_kind": "point", "feed_status": "historical", "provenance": "real: NCDOT TIMS via ArcGIS FeatureServer", "source_url": "https://services.arcgis.com/NuWFvHYDMVmmxMeM/arcgis/rest/services/State_Maintained_Historical_TIMS_Incidents_Hurricane_Helene/FeatureServer/0"}}, {"type": "Feature", "geometry": {"type": "LineString", "coordinates": [[-82.73773, 35.69487], [-82.73708, 35.69553], [-82.73642, 35.69606], [-82.73581, 35.69643], [-82.73568, 35.69692], [-82.7354, 35.69933], [-82.73525, 35.70249], [-82.73511, 35.70361], [-82.73479, 35.70455], [-82.73433, 35.70512], [-82.73383, 35.7056], [-82.73376, 35.7059], [-82.73381, 35.70619], [-82.73422, 35.70683], [-82.73482, 35.70761], [-82.73498, 35.70805], [-82.73508, 35.70945], [-82.73479, 35.71036], [-82.73444, 35.712], [-82.73434, 35.71288], [-82.73452, 35.7135], [-82.73499, 35.71458], [-82.73536, 35.71483], [-82.73571, 35.71495], [-82.7362, 35.71507], [-82.73664, 35.71522]]}, "properties": {"id": "tims-721976", "tims_id": 721976, "road_name": "SR-1001 (Meadows Town Road)", "road": "SR-1001", "common_name": "Meadows Town Road", "county": "Buncombe", "closed_at": "2024-12-20T20:15:00Z", "reopened_at": "2025-03-17T23:10:03.809000Z", "est_end_at": "2025-03-31T21:00:00Z", "last_update_at": "2025-01-22T19:51:54Z", "condition": "Road Closed", "description": "The road is closed to commercial vehicle traffic.", "location": "In Leicester / Both Directions", "severity": 2, "is_full_closure": null, "geom_kind": "line", "feed_status": "historical", "provenance": "real: NCDOT TIMS via ArcGIS FeatureServer", "source_url": "https://services.arcgis.com/NuWFvHYDMVmmxMeM/arcgis/rest/services/State_Maintained_Historical_TIMS_Incidents_Hurricane_Helene/FeatureServer/1"}}, {"type": "Feature", "geometry": {"type": "LineString", "coordinates": [[-82.30732, 35.42478], [-82.30608, 35.42611], [-82.30546, 35.42656], [-82.30449, 35.42838], [-82.30494, 35.42961], [-82.30419, 35.43018], [-82.3038, 35.43104], [-82.30376, 35.43185], [-82.30228, 35.43454], [-82.30215, 35.43517], [-82.30157, 35.43589], [-82.30001, 35.4366], [-82.2995, 35.43716], [-82.29946, 35.4379], [-82.29734, 35.43895], [-82.29631, 35.44038], [-82.2945, 35.44125], [-82.29415, 35.44178], [-82.29318, 35.44423], [-82.29368, 35.44577], [-82.29303, 35.44758], [-82.29252, 35.44785], [-82.29147, 35.44788], [-82.2911, 35.44886], [-82.2904, 35.44938], [-82.28931, 35.44963], [-82.2883, 35.44998], [-82.28742, 35.45052], [-82.2871, 35.45146]]}, "properties": {"id": "tims-722104", "tims_id": 722104, "road_name": "US-64 (Chimney Rock Road)", "road": "US-64", "common_name": "Chimney Rock Road", "county": "Henderson", "closed_at": "2024-12-23T15:34:00Z", "reopened_at": "2025-04-25T12:30:03.829000Z", "est_end_at": "2025-07-01T21:00:00Z", "last_update_at": "2025-04-03T01:43:52Z", "condition": "Road Closed", "description": "The road is close to local traffic only.", "location": "North East of Hendersonville / Mile Marker 0 to 0 Both Directions", "severity": 2, "is_full_closure": null, "geom_kind": "line", "feed_status": "historical", "provenance": "real: NCDOT TIMS via ArcGIS FeatureServer", "source_url": "https://services.arcgis.com/NuWFvHYDMVmmxMeM/arcgis/rest/services/State_Maintained_Historical_TIMS_Incidents_Hurricane_Helene/FeatureServer/1"}}, {"type": "Feature", "geometry": {"type": "LineString", "coordinates": [[-83.01126, 35.59702], [-83.01113, 35.59671], [-83.01127, 35.59701]]}, "properties": {"id": "tims-722328", "tims_id": 722328, "road_name": "SR-1326 (Bob Boyd Rd)", "road": "SR-1326", "common_name": "Bob Boyd Rd", "county": "Haywood", "closed_at": "2024-12-28T21:38:00Z", "reopened_at": "2025-04-24T00:00:06.095000Z", "est_end_at": "2025-04-30T21:00:00Z", "last_update_at": "2025-03-24T15:49:22Z", "condition": "Road Closed", "description": "The road is closed to commercial vehicle traffic.", "location": "Near Waynesville / Both Directions", "severity": 3, "is_full_closure": null, "geom_kind": "line", "feed_status": "historical", "provenance": "real: NCDOT TIMS via ArcGIS FeatureServer", "source_url": "https://services.arcgis.com/NuWFvHYDMVmmxMeM/arcgis/rest/services/State_Maintained_Historical_TIMS_Incidents_Hurricane_Helene/FeatureServer/1"}}, {"type": "Feature", "geometry": {"type": "LineString", "coordinates": [[-82.42543, 35.46345], [-82.42553, 35.46337], [-82.42557, 35.4633], [-82.42556, 35.4632]]}, "properties": {"id": "tims-722854", "tims_id": 722854, "road_name": "SR-1571 (Youngs Gap Rd.)", "road": "SR-1571", "common_name": "Youngs Gap Rd.", "county": "Henderson", "closed_at": "2025-01-07T12:59:00Z", "reopened_at": "2025-01-08T01:10:03.965000Z", "est_end_at": "2025-01-08T01:00:00Z", "last_update_at": "2025-01-07T13:17:32Z", "condition": "Road Closed", "description": "Crossline replacement due to Hurricane Helene", "location": "North East of Fletcher / Mile Marker 1.3 to 1.4 Heading South", "severity": 3, "is_full_closure": null, "geom_kind": "line", "feed_status": "historical", "provenance": "real: NCDOT TIMS via ArcGIS FeatureServer", "source_url": "https://services.arcgis.com/NuWFvHYDMVmmxMeM/arcgis/rest/services/State_Maintained_Historical_TIMS_Incidents_Hurricane_Helene/FeatureServer/1"}}, {"type": "Feature", "geometry": {"type": "LineString", "coordinates": [[-82.68854, 35.79855], [-82.68931, 35.79902], [-82.68995, 35.79965]]}, "properties": {"id": "tims-723635", "tims_id": 723635, "road_name": "SR-1203 (Redmon Road)", "road": "SR-1203", "common_name": "Redmon Road", "county": "Madison", "closed_at": "2025-01-21T13:00:00Z", "reopened_at": "2025-02-18T17:10:04.159000Z", "est_end_at": "2025-02-28T17:00:00Z", "last_update_at": "2025-01-16T13:39:06Z", "condition": "Road Closed", "description": "The road will be closed near US 25, North Main Street for storm damage repairs. Motorists should follow on scene traffic controls.", "location": "In Marshall / Both Directions", "severity": 2, "is_full_closure": null, "geom_kind": "line", "feed_status": "historical", "provenance": "real: NCDOT TIMS via ArcGIS FeatureServer", "source_url": "https://services.arcgis.com/NuWFvHYDMVmmxMeM/arcgis/rest/services/State_Maintained_Historical_TIMS_Incidents_Hurricane_Helene/FeatureServer/1"}}, {"type": "Feature", "geometry": {"type": "Point", "coordinates": [-82.4793755557851, 35.3867312114189]}, "properties": {"id": "tims-724200", "tims_id": 724200, "road_name": "SR-1006 (Howard Gap Rpad)", "road": "SR-1006", "common_name": "Howard Gap Rpad", "county": "Henderson", "closed_at": "2025-01-23T21:50:00Z", "reopened_at": null, "est_end_at": "2025-01-23T22:50:00Z", "last_update_at": "2025-01-23T22:08:08Z", "condition": "Partial Access", "description": "A lane is closed near Blooming Laurel Drive.", "location": "Near Mountain Home / Both Directions", "severity": null, "is_full_closure": null, "geom_kind": "point", "feed_status": "historical", "provenance": "real: NCDOT TIMS via ArcGIS FeatureServer", "source_url": "https://services.arcgis.com/NuWFvHYDMVmmxMeM/arcgis/rest/services/State_Maintained_Historical_TIMS_Incidents_Hurricane_Helene/FeatureServer/0"}}, {"type": "Feature", "geometry": {"type": "Point", "coordinates": [-82.5652551659732, 35.4964473476945]}, "properties": {"id": "tims-724330", "tims_id": 724330, "road_name": "I-26", "road": "I-26", "common_name": "", "county": "Buncombe", "closed_at": "2025-01-25T02:25:00Z", "reopened_at": null, "est_end_at": "2025-01-25T03:25:00Z", "last_update_at": "2025-01-25T02:27:57Z", "condition": "Open", "description": "There is a reported incident after Exit 37, NC 191 (Long Shoals Rd).", "location": "Near Asheville / Mile Marker 36 Heading West", "severity": null, "is_full_closure": null, "geom_kind": "point", "feed_status": "historical", "provenance": "real: NCDOT TIMS via ArcGIS FeatureServer", "source_url": "https://services.arcgis.com/NuWFvHYDMVmmxMeM/arcgis/rest/services/State_Maintained_Historical_TIMS_Incidents_Hurricane_Helene/FeatureServer/0"}}, {"type": "Feature", "geometry": {"type": "LineString", "coordinates": [[-82.12478, 35.64037], [-82.12745, 35.63997]]}, "properties": {"id": "tims-724465", "tims_id": 724465, "road_name": "I-40", "road": "I-40", "common_name": "", "county": "McDowell", "closed_at": "2025-01-27T13:00:00Z", "reopened_at": "2025-02-07T15:10:06.054000Z", "est_end_at": "2025-02-07T21:30:00Z", "last_update_at": "2025-01-27T20:11:15Z", "condition": "Lane Closed", "description": "Repairs to slope protection on bridges.", "location": "East of Old Fort / Mile Marker 76 to 75 Heading West", "severity": 2, "is_full_closure": null, "geom_kind": "line", "feed_status": "historical", "provenance": "real: NCDOT TIMS via ArcGIS FeatureServer", "source_url": "https://services.arcgis.com/NuWFvHYDMVmmxMeM/arcgis/rest/services/State_Maintained_Historical_TIMS_Incidents_Hurricane_Helene/FeatureServer/1"}}, {"type": "Feature", "geometry": {"type": "LineString", "coordinates": [[-82.30749, 35.84768], [-82.30707, 35.84717], [-82.3062, 35.8465], [-82.30492, 35.84566]]}, "properties": {"id": "tims-724539", "tims_id": 724539, "road_name": "SR-1102 (Cattail Creek Rd)", "road": "SR-1102", "common_name": "Cattail Creek Rd", "county": "Yancey", "closed_at": "2025-01-28T15:00:00Z", "reopened_at": "2025-03-24T19:50:04.517000Z", "est_end_at": "2025-04-30T16:00:00Z", "last_update_at": "2025-01-28T15:57:03Z", "condition": "Shoulder Closed", "description": "There is ongoing construction & road repairs near NC 197. Motorists are requested to follow directions from on-site traffic control measures.", "location": "South of Burnsville / Both Directions", "severity": 1, "is_full_closure": null, "geom_kind": "line", "feed_status": "historical", "provenance": "real: NCDOT TIMS via ArcGIS FeatureServer", "source_url": "https://services.arcgis.com/NuWFvHYDMVmmxMeM/arcgis/rest/services/State_Maintained_Historical_TIMS_Incidents_Hurricane_Helene/FeatureServer/1"}}, {"type": "Feature", "geometry": {"type": "LineString", "coordinates": [[-82.31957, 35.87402], [-82.32022, 35.87366], [-82.32009, 35.87347], [-82.31998, 35.87327], [-82.31998, 35.87309], [-82.32008, 35.8729], [-82.32036, 35.87273], [-82.32098, 35.87246], [-82.32151, 35.87221], [-82.32219, 35.87174], [-82.32224, 35.87165], [-82.32224, 35.87152], [-82.32209, 35.87125], [-82.32198, 35.871], [-82.32197, 35.87085], [-82.32204, 35.8707], [-82.32232, 35.87036], [-82.32249, 35.87015], [-82.32263, 35.86998], [-82.32294, 35.86982], [-82.32348, 35.86961], [-82.32426, 35.86931], [-82.3245, 35.8692], [-82.32469, 35.86907], [-82.32489, 35.86878], [-82.32527, 35.86825], [-82.32538, 35.86801], [-82.32543, 35.86785], [-82.32546, 35.8676], [-82.32553, 35.86729], [-82.3261, 35.86647], [-82.32693, 35.86539], [-82.328, 35.86395], [-82.3289, 35.86266], [-82.32963, 35.86148], [-82.33001, 35.86082], [-82.33053, 35.86014], [-82.33116, 35.85935], [-82.33135, 35.8592], [-82.33173, 35.85908], [-82.33218, 35.85903]]}, "properties": {"id": "tims-724540", "tims_id": 724540, "road_name": "SR-1112 (Toodies Creek Rd)", "road": "SR-1112", "common_name": "Toodies Creek Rd", "county": "Yancey", "closed_at": "2025-01-28T15:00:00Z", "reopened_at": "2025-03-24T20:00:04.920000Z", "est_end_at": "2025-04-30T16:00:00Z", "last_update_at": "2025-01-28T15:58:27Z", "condition": "Shoulder Closed", "description": "There is ongoing construction & road repairs near NC 197. Motorists are requested to follow directions from on-site traffic control measures.", "location": "Near Burnsville / Both Directions", "severity": 1, "is_full_closure": null, "geom_kind": "line", "feed_status": "historical", "provenance": "real: NCDOT TIMS via ArcGIS FeatureServer", "source_url": "https://services.arcgis.com/NuWFvHYDMVmmxMeM/arcgis/rest/services/State_Maintained_Historical_TIMS_Incidents_Hurricane_Helene/FeatureServer/1"}}, {"type": "Feature", "geometry": {"type": "LineString", "coordinates": [[-82.38099, 36.01287], [-82.38193, 36.01295], [-82.38217, 36.01292]]}, "properties": {"id": "tims-724541", "tims_id": 724541, "road_name": "SR-1413 (Bent Creek Road)", "road": "SR-1413", "common_name": "Bent Creek Road", "county": "Yancey", "closed_at": "2025-01-28T15:00:00Z", "reopened_at": "2025-04-30T16:10:04.383000Z", "est_end_at": "2025-04-30T16:00:00Z", "last_update_at": "2025-01-28T16:00:02Z", "condition": "Shoulder Closed", "description": "There is ongoing construction & road repairs near US 19W. Motorists are requested to follow directions from on-site traffic control measures.", "location": "Near TN State Line / Both Directions", "severity": 1, "is_full_closure": null, "geom_kind": "line", "feed_status": "historical", "provenance": "real: NCDOT TIMS via ArcGIS FeatureServer", "source_url": "https://services.arcgis.com/NuWFvHYDMVmmxMeM/arcgis/rest/services/State_Maintained_Historical_TIMS_Incidents_Hurricane_Helene/FeatureServer/1"}}, {"type": "Feature", "geometry": {"type": "LineString", "coordinates": [[-82.17505, 35.6264], [-82.17679, 35.62496]]}, "properties": {"id": "tims-725159", "tims_id": 725159, "road_name": "I-40", "road": "I-40", "common_name": "", "county": "McDowell", "closed_at": "2025-02-04T13:30:00Z", "reopened_at": "2025-02-04T21:08:46.343000Z", "est_end_at": "2025-02-04T21:30:00Z", "last_update_at": "2025-02-04T12:17:26Z", "condition": "Lanes Closed", "description": "Slope repair between bridges 580031 and 580030.", "location": "In Old Fort / Mile Marker 73 to 72 Heading West", "severity": 2, "is_full_closure": null, "geom_kind": "line", "feed_status": "historical", "provenance": "real: NCDOT TIMS via ArcGIS FeatureServer", "source_url": "https://services.arcgis.com/NuWFvHYDMVmmxMeM/arcgis/rest/services/State_Maintained_Historical_TIMS_Incidents_Hurricane_Helene/FeatureServer/1"}}, {"type": "Feature", "geometry": {"type": "LineString", "coordinates": [[-82.50273, 35.57464], [-82.50346, 35.57434], [-82.50442, 35.57421], [-82.50589, 35.57455], [-82.50709, 35.57505], [-82.50836, 35.57536], [-82.50971, 35.57579], [-82.51096, 35.57656], [-82.51208, 35.57749], [-82.51314, 35.57815], [-82.51377, 35.57914], [-82.5143, 35.57965], [-82.51495, 35.5799], [-82.51583, 35.58002], [-82.51617, 35.57969], [-82.51659, 35.57931], [-82.51719, 35.57903], [-82.51807, 35.5788], [-82.51861, 35.57869], [-82.5191, 35.57847], [-82.51953, 35.57814], [-82.5201, 35.5777]]}, "properties": {"id": "tims-725384", "tims_id": 725384, "road_name": "NC-81 (Swannanoa River Road)", "road": "NC-81", "common_name": "Swannanoa River Road", "county": "Buncombe", "closed_at": "2025-02-06T15:08:00Z", "reopened_at": "2025-02-17T11:40:04.656000Z", "est_end_at": "2025-03-31T16:00:00Z", "last_update_at": "2025-02-06T15:12:06Z", "condition": "Road Closed", "description": "Swannanoa River Road is closed between Fairview Road and South Tunnel Road.", "location": "In Asheville / Both Directions", "severity": 3, "is_full_closure": null, "geom_kind": "line", "feed_status": "historical", "provenance": "real: NCDOT TIMS via ArcGIS FeatureServer", "source_url": "https://services.arcgis.com/NuWFvHYDMVmmxMeM/arcgis/rest/services/State_Maintained_Historical_TIMS_Incidents_Hurricane_Helene/FeatureServer/1"}}, {"type": "Feature", "geometry": {"type": "LineString", "coordinates": [[-82.51228, 35.57759], [-82.51316, 35.57821], [-82.51345, 35.57859], [-82.5138, 35.57922], [-82.51421, 35.57962], [-82.51451, 35.57975], [-82.51505, 35.57992], [-82.51547, 35.58], [-82.51591, 35.57999], [-82.51613, 35.57983], [-82.51641, 35.57952], [-82.51673, 35.57927], [-82.51698, 35.5791], [-82.51734, 35.579], [-82.51781, 35.57891], [-82.51863, 35.57869], [-82.51895, 35.57858], [-82.51925, 35.57839], [-82.51955, 35.57815], [-82.52008, 35.57773]]}, "properties": {"id": "tims-726207", "tims_id": 726207, "road_name": "US-74 ALT (Swannanoa River Road)", "road": "US-74 ALT", "common_name": "Swannanoa River Road", "county": "Buncombe", "closed_at": "2025-02-17T11:32:00Z", "reopened_at": "2025-04-08T12:48:43.548000Z", "est_end_at": "2025-04-30T16:00:00Z", "last_update_at": "2025-03-24T17:06:26Z", "condition": "Road Closed", "description": "The road is closed between Bleachery Boulevard and South Tunnel Road.", "location": "In Asheville / Both Directions", "severity": 3, "is_full_closure": null, "geom_kind": "line", "feed_status": "historical", "provenance": "real: NCDOT TIMS via ArcGIS FeatureServer", "source_url": "https://services.arcgis.com/NuWFvHYDMVmmxMeM/arcgis/rest/services/State_Maintained_Historical_TIMS_Incidents_Hurricane_Helene/FeatureServer/1"}}, {"type": "Feature", "geometry": {"type": "LineString", "coordinates": [[-82.13023, 35.63938], [-82.12681, 35.63986]]}, "properties": {"id": "tims-723458", "tims_id": 723458, "road_name": "I-40", "road": "I-40", "common_name": "", "county": "McDowell", "closed_at": "2025-02-17T13:30:00Z", "reopened_at": "2025-02-20T15:00:05.195000Z", "est_end_at": "2025-02-20T14:49:00Z", "last_update_at": "2025-02-10T15:01:32Z", "condition": "Lane Closed", "description": "One lane will be closed near Exit 75, Parker Padgett Road.", "location": "East of Old Fort / Mile Marker 75 to 76 Heading East", "severity": 3, "is_full_closure": null, "geom_kind": "line", "feed_status": "historical", "provenance": "real: NCDOT TIMS via ArcGIS FeatureServer", "source_url": "https://services.arcgis.com/NuWFvHYDMVmmxMeM/arcgis/rest/services/State_Maintained_Historical_TIMS_Incidents_Hurricane_Helene/FeatureServer/1"}}, {"type": "Feature", "geometry": {"type": "LineString", "coordinates": [[-82.40117, 35.24346], [-82.4009, 35.24277], [-82.40073, 35.24239], [-82.40036, 35.24209], [-82.39973, 35.24191], [-82.39878, 35.24181], [-82.39835, 35.24166], [-82.39808, 35.2413], [-82.39784, 35.24049], [-82.3979, 35.24023], [-82.39817, 35.23974], [-82.39819, 35.23945], [-82.39784, 35.23896], [-82.39749, 35.2383], [-82.39733, 35.2377], [-82.39672, 35.23703], [-82.39599, 35.23621], [-82.39511, 35.23558], [-82.39438, 35.23502], [-82.39386, 35.2348], [-82.39319, 35.2347], [-82.39253, 35.23475], [-82.39208, 35.23447], [-82.39159, 35.23394], [-82.39106, 35.23365], [-82.3902, 35.2337], [-82.3889, 35.23401], [-82.38756, 35.23472], [-82.38643, 35.23531], [-82.38575, 35.23551], [-82.38245, 35.23664], [-82.38122, 35.23686], [-82.38051, 35.23714], [-82.37943, 35.23786], [-82.37871, 35.23827], [-82.37802, 35.23819], [-82.37735, 35.23806], [-82.37639, 35.23813], [-82.37568, 35.238], [-82.37401, 35.23734], [-82.37323, 35.23732], [-82.37253, 35.23736], [-82.37177, 35.23725], [-82.36963, 35.23657], [-82.36834, 35.23633], [-82.36709, 35.23626], [-82.35936, 35.23604], [-82.35883, 35.23609], [-82.35812, 35.23604], [-82.35758, 35.23597], [-82.35692, 35.23612]]}, "properties": {"id": "tims-730385", "tims_id": 730385, "road_name": "US-176 (Spartanburg Highway)", "road": "US-176", "common_name": "Spartanburg Highway", "county": "Henderson", "closed_at": "2025-04-03T16:45:00Z", "reopened_at": "2026-03-27T14:20:03.994000Z", "est_end_at": "2026-03-31T21:00:00Z", "last_update_at": "2025-11-17T16:58:05Z", "condition": "Road Closed", "description": "The road is closed from Red Bird Song Road into Saluda due to damage from Helene.", "location": "South of Hendersonville / Both Directions", "severity": 3, "is_full_closure": null, "geom_kind": "line", "feed_status": "historical", "provenance": "real: NCDOT TIMS via ArcGIS FeatureServer", "source_url": "https://services.arcgis.com/NuWFvHYDMVmmxMeM/arcgis/rest/services/State_Maintained_Historical_TIMS_Incidents_Hurricane_Helene/FeatureServer/1"}}, {"type": "Feature", "geometry": {"type": "LineString", "coordinates": [[-83.02555, 35.73892], [-83.02547, 35.73887], [-83.02531, 35.7388], [-83.02516, 35.73866], [-83.02505, 35.73854], [-83.02491, 35.73829], [-83.02468, 35.73768], [-83.02456, 35.73736], [-83.0245, 35.73727], [-83.02444, 35.7372], [-83.02433, 35.73698]]}, "properties": {"id": "tims-731709", "tims_id": 731709, "road_name": "I-40", "road": "I-40", "common_name": "", "county": "Haywood", "closed_at": "2025-04-17T13:00:00Z", "reopened_at": "2025-04-23T16:30:04.011000Z", "est_end_at": "2027-04-16T13:00:00Z", "last_update_at": "2025-04-17T13:32:54Z", "condition": "Ramp Closed", "description": "The off-ramp is closed at Exit 7, Cold Springs Creek Road.", "location": "Near TN State Line / Mile Marker 7 Heading East", "severity": 2, "is_full_closure": null, "geom_kind": "line", "feed_status": "historical", "provenance": "real: NCDOT TIMS via ArcGIS FeatureServer", "source_url": "https://services.arcgis.com/NuWFvHYDMVmmxMeM/arcgis/rest/services/State_Maintained_Historical_TIMS_Incidents_Hurricane_Helene/FeatureServer/1"}}, {"type": "Feature", "geometry": {"type": "LineString", "coordinates": [[-82.30735, 35.42485], [-82.30625, 35.42595], [-82.30564, 35.42642], [-82.30534, 35.42681], [-82.30484, 35.42783], [-82.30453, 35.42856], [-82.30484, 35.4293], [-82.3049, 35.42967], [-82.30397, 35.43043], [-82.30382, 35.4311], [-82.30384, 35.43161], [-82.30368, 35.43192], [-82.3028, 35.43354], [-82.30232, 35.43458], [-82.30229, 35.43492], [-82.30204, 35.4353], [-82.30153, 35.43584], [-82.30081, 35.43617], [-82.30017, 35.43643], [-82.29965, 35.43695], [-82.29946, 35.4373], [-82.2995, 35.43784], [-82.29928, 35.43802], [-82.29794, 35.43854], [-82.29739, 35.43888], [-82.2965, 35.44015], [-82.29622, 35.44046], [-82.2957, 35.4407], [-82.29489, 35.44104], [-82.29443, 35.44135], [-82.29416, 35.44173], [-82.29402, 35.44229], [-82.29356, 35.44341], [-82.29325, 35.4441], [-82.29352, 35.44508], [-82.29371, 35.44573], [-82.2933, 35.44711], [-82.29309, 35.44756], [-82.29266, 35.44784], [-82.29208, 35.44783], [-82.29174, 35.44782], [-82.29148, 35.44794], [-82.29109, 35.44872], [-82.29056, 35.44931], [-82.28983, 35.44951], [-82.28892, 35.44968], [-82.2882, 35.44999], [-82.28762, 35.45045], [-82.2873, 35.4509], [-82.28712, 35.45144]]}, "properties": {"id": "tims-732482", "tims_id": 732482, "road_name": "US-64 (Chimney Rock Road)", "road": "US-64", "common_name": "Chimney Rock Road", "county": "Henderson", "closed_at": "2025-04-25T12:45:00Z", "reopened_at": "2026-03-28T10:10:03.304000Z", "est_end_at": "2026-03-28T10:00:00Z", "last_update_at": "2026-03-26T17:29:35Z", "condition": "Local Traffic Only", "description": "The road is open to LOCAL TRAFFIC ONLY due to damage from Helene between Slick Rock Road to Gerton Highway, US 74 Alternate.", "location": "East of Hendersonville / Both Directions", "severity": 3, "is_full_closure": null, "geom_kind": "line", "feed_status": "historical", "provenance": "real: NCDOT TIMS via ArcGIS FeatureServer", "source_url": "https://services.arcgis.com/NuWFvHYDMVmmxMeM/arcgis/rest/services/State_Maintained_Historical_TIMS_Incidents_Hurricane_Helene/FeatureServer/1"}}, {"type": "Feature", "geometry": {"type": "Point", "coordinates": [-81.9972621522963, 35.6347122555424]}, "properties": {"id": "tims-736147", "tims_id": 736147, "road_name": "I-40 (I-40)", "road": "I-40", "common_name": "I-40", "county": "McDowell", "closed_at": "2025-06-02T12:00:00Z", "reopened_at": null, "est_end_at": "2025-06-02T18:00:00Z", "last_update_at": "2025-06-02T11:19:54Z", "condition": "Partial Access", "description": "Building shoulders on I- 40 East bound", "location": "In Marion / Mile Marker 83 to 85 Heading East", "severity": null, "is_full_closure": null, "geom_kind": "point", "feed_status": "historical", "provenance": "real: NCDOT TIMS via ArcGIS FeatureServer", "source_url": "https://services.arcgis.com/NuWFvHYDMVmmxMeM/arcgis/rest/services/State_Maintained_Historical_TIMS_Incidents_Hurricane_Helene/FeatureServer/0"}}, {"type": "Feature", "geometry": {"type": "LineString", "coordinates": [[-82.17039, 35.58858], [-82.16717, 35.58746], [-82.16639, 35.58805], [-82.16627, 35.58914], [-82.16575, 35.589], [-82.16485, 35.58809], [-82.16386, 35.58666], [-82.16343, 35.58589], [-82.16275, 35.58606], [-82.16099, 35.58722], [-82.15991, 35.58795], [-82.15891, 35.5878], [-82.15715, 35.5885], [-82.15544, 35.58905], [-82.15441, 35.58933], [-82.15136, 35.58926], [-82.1505, 35.58989], [-82.14896, 35.5901], [-82.14775, 35.59059], [-82.14754, 35.59014], [-82.14797, 35.5893], [-82.14754, 35.58884], [-82.14668, 35.58933], [-82.14587, 35.5893], [-82.14514, 35.58863], [-82.14574, 35.58783], [-82.14737, 35.58591], [-82.1469, 35.58406], [-82.14675, 35.58321], [-82.1472, 35.5816], [-82.14735, 35.58064], [-82.14699, 35.57988], [-82.14476, 35.57898], [-82.1448, 35.57838], [-82.14508, 35.57795], [-82.14478, 35.57702], [-82.1445, 35.57618], [-82.14426, 35.57598], [-82.14377, 35.57573], [-82.143, 35.57517], [-82.14349, 35.57433], [-82.14755, 35.57136], [-82.15032, 35.56955], [-82.15238, 35.5674], [-82.15308, 35.56726], [-82.15366, 35.56738], [-82.15478, 35.56871], [-82.15645, 35.57021], [-82.15725, 35.5707], [-82.1575, 35.57117], [-82.15757, 35.5719], [-82.15813, 35.57267], [-82.15873, 35.57297], [-82.1592, 35.57312], [-82.15972, 35.57304], [-82.16119, 35.57269], [-82.16348, 35.57288], [-82.1646, 35.57283], [-82.16653, 35.57157], [-82.16745, 35.57103], [-82.1688, 35.5707], [-82.16996, 35.57038], [-82.17224, 35.57014], [-82.17254, 35.57007], [-82.17374, 35.56948], [-82.17508, 35.56958], [-82.17647, 35.56941], [-82.17935, 35.56831], [-82.18134, 35.56709], [-82.18229, 35.56623], [-82.18285, 35.5652]]}, "properties": {"id": "tims-742713", "tims_id": 742713, "road_name": "SR-1103 (Bat Cave Rd)", "road": "SR-1103", "common_name": "Bat Cave Rd", "county": "McDowell", "closed_at": "2025-08-04T11:00:00Z", "reopened_at": "2025-08-22T21:10:03.772000Z", "est_end_at": "2025-08-22T21:00:00Z", "last_update_at": "2025-08-14T11:24:58Z", "condition": "Road Closed with Detour", "description": "The road is closed near Mt. Hebron Road, due to damage from Hurricane Helene.", "location": "Near Old Fort / Both Directions", "severity": 2, "is_full_closure": null, "geom_kind": "line", "feed_status": "historical", "provenance": "real: NCDOT TIMS via ArcGIS FeatureServer", "source_url": "https://services.arcgis.com/NuWFvHYDMVmmxMeM/arcgis/rest/services/State_Maintained_Historical_TIMS_Incidents_Hurricane_Helene/FeatureServer/1"}}, {"type": "Feature", "geometry": {"type": "Point", "coordinates": [-82.3650986340258, 35.6031297229911]}, "properties": {"id": "tims-742880", "tims_id": 742880, "road_name": "US-70", "road": "US-70", "common_name": "", "county": "Buncombe", "closed_at": "2025-08-06T13:03:00Z", "reopened_at": null, "est_end_at": "2025-08-06T20:30:00Z", "last_update_at": "2025-08-06T11:49:48Z", "condition": "Partial Access", "description": "NCDOT will be making repairs to the bridge on US 70 eastbound before the ingles warehouse on 8/6/2025 9:15am until 4:30pm.The right lane will be closed during construction times.", "location": "East of Swannanoa / Heading East", "severity": null, "is_full_closure": null, "geom_kind": "point", "feed_status": "historical", "provenance": "real: NCDOT TIMS via ArcGIS FeatureServer", "source_url": "https://services.arcgis.com/NuWFvHYDMVmmxMeM/arcgis/rest/services/State_Maintained_Historical_TIMS_Incidents_Hurricane_Helene/FeatureServer/0"}}, {"type": "Feature", "geometry": {"type": "LineString", "coordinates": [[-82.63929, 35.69565], [-82.63906, 35.69617]]}, "properties": {"id": "tims-744564", "tims_id": 744564, "road_name": "SR-1620 (Alexander Road)", "road": "SR-1620", "common_name": "Alexander Road", "county": "Buncombe", "closed_at": "2025-08-20T17:03:00Z", "reopened_at": "2025-10-28T11:18:39.565000Z", "est_end_at": "2025-10-31T09:00:00Z", "last_update_at": "2025-09-29T14:04:36Z", "condition": "Road Closed with Detour", "description": "This portion of Alexander Road will be closed due to emergency slope repairs. Motorists are requested to follow detour routes around the closures.", "location": "Near Alexander / Both Directions", "severity": 1, "is_full_closure": null, "geom_kind": "line", "feed_status": "historical", "provenance": "real: NCDOT TIMS via ArcGIS FeatureServer", "source_url": "https://services.arcgis.com/NuWFvHYDMVmmxMeM/arcgis/rest/services/State_Maintained_Historical_TIMS_Incidents_Hurricane_Helene/FeatureServer/1"}}, {"type": "Feature", "geometry": {"type": "LineString", "coordinates": [[-82.21088, 35.40338], [-82.21083, 35.40286]]}, "properties": {"id": "tims-747537", "tims_id": 747537, "road_name": "SR-1189 (Girl Scout Camp Rd)", "road": "SR-1189", "common_name": "Girl Scout Camp Rd", "county": "Rutherford", "closed_at": "2025-09-22T12:00:00Z", "reopened_at": "2025-09-30T19:40:03.847000Z", "est_end_at": "2025-09-30T19:30:00Z", "last_update_at": "2025-09-29T14:21:13Z", "condition": "Road Closed with Detour", "description": "Repair road and slope failure.", "location": "Near Lake Lure / Both Directions", "severity": 1, "is_full_closure": null, "geom_kind": "line", "feed_status": "historical", "provenance": "real: NCDOT TIMS via ArcGIS FeatureServer", "source_url": "https://services.arcgis.com/NuWFvHYDMVmmxMeM/arcgis/rest/services/State_Maintained_Historical_TIMS_Incidents_Hurricane_Helene/FeatureServer/1"}}, {"type": "Feature", "geometry": {"type": "Point", "coordinates": [-82.5580733791303, 35.4836898111131]}, "properties": {"id": "tims-748484", "tims_id": 748484, "road_name": "I-26", "road": "I-26", "common_name": "", "county": "Buncombe", "closed_at": "2025-09-29T12:18:00Z", "reopened_at": null, "est_end_at": "2025-09-29T14:00:00Z", "last_update_at": "2025-09-29T12:33:58Z", "condition": "Partial Access", "description": "The right shoulder is closed at Exit 37, NC 146 (Long Shoals Road).", "location": "Near Arden / Mile Marker 37 Heading West", "severity": null, "is_full_closure": null, "geom_kind": "point", "feed_status": "historical", "provenance": "real: NCDOT TIMS via ArcGIS FeatureServer", "source_url": "https://services.arcgis.com/NuWFvHYDMVmmxMeM/arcgis/rest/services/State_Maintained_Historical_TIMS_Incidents_Hurricane_Helene/FeatureServer/0"}}, {"type": "Feature", "geometry": {"type": "Point", "coordinates": [-83.0242183464505, 35.737893377548]}, "properties": {"id": "tims-752243", "tims_id": 752243, "road_name": "I-40", "road": "I-40", "common_name": "", "county": "Haywood", "closed_at": "2025-11-04T17:30:00Z", "reopened_at": null, "est_end_at": "2025-11-06T18:30:00Z", "last_update_at": "2025-11-03T13:13:25Z", "condition": "Partial Access", "description": "There will be moving closures on I-40 in both directions near Exit 7, Cold Springs Creek Road due to blasting operations.", "location": "Near Clyde / Mile Marker 7 Both Directions", "severity": null, "is_full_closure": null, "geom_kind": "point", "feed_status": "historical", "provenance": "real: NCDOT TIMS via ArcGIS FeatureServer", "source_url": "https://services.arcgis.com/NuWFvHYDMVmmxMeM/arcgis/rest/services/State_Maintained_Historical_TIMS_Incidents_Hurricane_Helene/FeatureServer/0"}}, {"type": "Feature", "geometry": {"type": "Point", "coordinates": [-83.0242183464505, 35.737893377548]}, "properties": {"id": "tims-754110", "tims_id": 754110, "road_name": "I-40", "road": "I-40", "common_name": "", "county": "Haywood", "closed_at": "2025-11-20T17:30:00Z", "reopened_at": null, "est_end_at": "2025-11-20T18:30:00Z", "last_update_at": "2025-11-20T13:39:22Z", "condition": "Partial Access", "description": "There will be moving closures on I-40 in both directions near Exit 7, Cold Springs Creek Road due to blasting operations.", "location": "Near Clyde / Mile Marker 7 Both Directions", "severity": null, "is_full_closure": null, "geom_kind": "point", "feed_status": "historical", "provenance": "real: NCDOT TIMS via ArcGIS FeatureServer", "source_url": "https://services.arcgis.com/NuWFvHYDMVmmxMeM/arcgis/rest/services/State_Maintained_Historical_TIMS_Incidents_Hurricane_Helene/FeatureServer/0"}}, {"type": "Feature", "geometry": {"type": "Point", "coordinates": [-82.9580371413074, 35.5231025243532]}, "properties": {"id": "tims-758823", "tims_id": 758823, "road_name": "US-19", "road": "US-19", "common_name": "", "county": "Haywood", "closed_at": "2026-01-13T14:00:00Z", "reopened_at": null, "est_end_at": "2026-01-13T20:00:00Z", "last_update_at": "2026-01-13T13:45:38Z", "condition": "Partial Access", "description": "The left lane will be closed at Exit 104, NC 209 (Crabtree Road) for maintenance operations.", "location": "In Clyde / Mile Marker 104 to 103 Heading South", "severity": null, "is_full_closure": null, "geom_kind": "point", "feed_status": "historical", "provenance": "real: NCDOT TIMS via ArcGIS FeatureServer", "source_url": "https://services.arcgis.com/NuWFvHYDMVmmxMeM/arcgis/rest/services/State_Maintained_Historical_TIMS_Incidents_Hurricane_Helene/FeatureServer/0"}}]}